/home/razshmue/workspace/private-mamba/venv/lib64/python3.9/site-packages/networkx/utils/backends.py:135: RuntimeWarning: networkx backend defined more than once: nx-loopback
  backends.update(_get_backends("networkx.backends"))
wandb: Currently logged in as: raz-shmueli (raz-shmueli-corsound-ai) to https://api.wandb.ai. Use `wandb login --relogin` to force relogin
wandb: Tracking run with wandb version 0.19.11
wandb: Run data is saved locally in /home/razshmue/workspace/private-mamba/wandb/run-20251117_032416-dead_allies_incremental_starcraft_laglr=1e-05_cost_lim=4.0_3m_1_time_20251117_032415
wandb: Run `wandb offline` to turn off syncing.
wandb: Syncing run dead_allies_incremental_starcraft_laglr=1e-05_cost_lim=4.0_3m_seed1_time_20251117_032415
wandb: ⭐️ View project at https://wandb.ai/raz-shmueli-corsound-ai/private-mamba
wandb: 🚀 View run at https://wandb.ai/raz-shmueli-corsound-ai/private-mamba/runs/dead_allies_incremental_starcraft_laglr%3D1e-05_cost_lim%3D4.0_3m_1_time_20251117_032415
/home/razshmue/workspace/private-mamba/venv/lib64/python3.9/site-packages/torch/nn/modules/transformer.py:382: UserWarning: enable_nested_tensor is True, but self.use_nested_tensor is False because encoder_layer.self_attn.batch_first was not True(use batch_first for better inference performance)
  warnings.warn(
wandb: wandb.init() called while a run is active and reinit is set to 'default', so returning the previous run.
2025-11-17 03:24:23,538	INFO worker.py:1888 -- Started a local Ray instance.
[36m(DreamerWorker pid=4036245)[0m /home/razshmue/workspace/private-mamba/venv/lib64/python3.9/site-packages/networkx/utils/backends.py:135: RuntimeWarning: networkx backend defined more than once: nx-loopback
[36m(DreamerWorker pid=4036245)[0m   backends.update(_get_backends("networkx.backends"))
[36m(DreamerWorker pid=4036245)[0m /home/razshmue/workspace/private-mamba/venv/lib64/python3.9/site-packages/torch/nn/modules/transformer.py:382: UserWarning: enable_nested_tensor is True, but self.use_nested_tensor is False because encoder_layer.self_attn.batch_first was not True(use batch_first for better inference performance)
[36m(DreamerWorker pid=4036245)[0m   warnings.warn(
[36m(DreamerWorker pid=4036245)[0m Version: B75689 (SC2.4.10)
[36m(DreamerWorker pid=4036245)[0m Build: Aug 12 2019 17:16:57
[36m(DreamerWorker pid=4036245)[0m Command Line: '"/home/razshmue/StarCraftII/Versions/Base75689/SC2_x64" -listen 127.0.0.1 -port 35033 -dataDir /home/razshmue/StarCraftII/ -tempDir /tmp/sc-d20f3ne2/'
[36m(DreamerWorker pid=4036245)[0m Starting up...
[36m(DreamerWorker pid=4036245)[0m Startup Phase 1 complete
[36m(DreamerWorker pid=4036245)[0m Creating stub renderer...
[36m(DreamerWorker pid=4036245)[0m Listening on: 127.0.0.1:35033
[36m(DreamerWorker pid=4036245)[0m Startup Phase 3 complete. Ready for commands.
[36m(DreamerWorker pid=4036245)[0m ConnectHandler: Request from 127.0.0.1:49282 accepted
[36m(DreamerWorker pid=4036245)[0m ReadyHandler: 127.0.0.1:49282 ready
[36m(DreamerWorker pid=4036245)[0m Requesting to join a single player game
[36m(DreamerWorker pid=4036245)[0m Configuring interface options
[36m(DreamerWorker pid=4036245)[0m Configure: raw interface enabled
[36m(DreamerWorker pid=4036245)[0m Configure: feature layer interface disabled
[36m(DreamerWorker pid=4036245)[0m Configure: score interface disabled
[36m(DreamerWorker pid=4036245)[0m Configure: render interface disabled
[36m(DreamerWorker pid=4036245)[0m Launching next game.
[36m(DreamerWorker pid=4036245)[0m Next launch phase started: 2
[36m(DreamerWorker pid=4036245)[0m Next launch phase started: 3
[36m(DreamerWorker pid=4036245)[0m Next launch phase started: 4
[36m(DreamerWorker pid=4036245)[0m Next launch phase started: 5
[36m(DreamerWorker pid=4036245)[0m Next launch phase started: 6
[36m(DreamerWorker pid=4036245)[0m Next launch phase started: 7
[36m(DreamerWorker pid=4036245)[0m Next launch phase started: 8
[36m(DreamerWorker pid=4036245)[0m Game has started.
[36m(DreamerWorker pid=4036245)[0m Using default stable ids, none found at: /home/razshmue/StarCraftII/stableid.json
[36m(DreamerWorker pid=4036245)[0m Successfully loaded stable ids: GameData\stableid.json
[36m(DreamerWorker pid=4036245)[0m Sending ResponseJoinGame
[36m(DreamerWorker pid=4036246)[0m /home/razshmue/workspace/private-mamba/venv/lib64/python3.9/site-packages/networkx/utils/backends.py:135: RuntimeWarning: networkx backend defined more than once: nx-loopback[32m [repeated 3x across cluster] (Ray deduplicates logs by default. Set RAY_DEDUP_LOGS=0 to disable log deduplication, or see https://docs.ray.io/en/master/ray-observability/user-guides/configure-logging.html#log-deduplication for more options.)[0m
[36m(DreamerWorker pid=4036246)[0m   backends.update(_get_backends("networkx.backends"))[32m [repeated 3x across cluster][0m
[36m(DreamerWorker pid=4036246)[0m /home/razshmue/workspace/private-mamba/venv/lib64/python3.9/site-packages/torch/nn/modules/transformer.py:382: UserWarning: enable_nested_tensor is True, but self.use_nested_tensor is False because encoder_layer.self_attn.batch_first was not True(use batch_first for better inference performance)[32m [repeated 3x across cluster][0m
[36m(DreamerWorker pid=4036246)[0m   warnings.warn([32m [repeated 3x across cluster][0m
[36m(DreamerWorker pid=4036249)[0m Version: B75689 (SC2.4.10)[32m [repeated 3x across cluster][0m
[36m(DreamerWorker pid=4036249)[0m Build: Aug 12 2019 17:16:57[32m [repeated 3x across cluster][0m
[36m(DreamerWorker pid=4036249)[0m Command Line: '"/home/razshmue/StarCraftII/Versions/Base75689/SC2_x64" -listen 127.0.0.1 -port 42781 -dataDir /home/razshmue/StarCraftII/ -tempDir /tmp/sc-3rx1qx20/'[32m [repeated 3x across cluster][0m
[36m(DreamerWorker pid=4036246)[0m Starting up...[32m [repeated 3x across cluster][0m
[36m(DreamerWorker pid=4036246)[0m Startup Phase 2 complete[32m [repeated 7x across cluster][0m
[36m(DreamerWorker pid=4036246)[0m Creating stub renderer...[32m [repeated 3x across cluster][0m
[36m(DreamerWorker pid=4036246)[0m Listening on: 127.0.0.1:36735[32m [repeated 3x across cluster][0m
[36m(DreamerWorker pid=4036246)[0m Startup Phase 3 complete. Ready for commands.[32m [repeated 3x across cluster][0m
[36m(DreamerWorker pid=4036246)[0m ConnectHandler: Request from 127.0.0.1:44712 accepted[32m [repeated 3x across cluster][0m
[36m(DreamerWorker pid=4036246)[0m ReadyHandler: 127.0.0.1:44712 ready[32m [repeated 3x across cluster][0m
[36m(DreamerWorker pid=4036246)[0m Requesting to join a single player game[32m [repeated 3x across cluster][0m
[36m(DreamerWorker pid=4036246)[0m Configuring interface options[32m [repeated 3x across cluster][0m
[36m(DreamerWorker pid=4036246)[0m Configure: raw interface enabled[32m [repeated 3x across cluster][0m
[36m(DreamerWorker pid=4036246)[0m Configure: feature layer interface disabled[32m [repeated 3x across cluster][0m
[36m(DreamerWorker pid=4036246)[0m Configure: score interface disabled[32m [repeated 3x across cluster][0m
[36m(DreamerWorker pid=4036246)[0m Configure: render interface disabled[32m [repeated 3x across cluster][0m
[36m(DreamerWorker pid=4036246)[0m Launching next game.[32m [repeated 3x across cluster][0m
[36m(DreamerWorker pid=4036246)[0m Next launch phase started: 8[32m [repeated 21x across cluster][0m
[36m(DreamerWorker pid=4036246)[0m Game has started.[32m [repeated 3x across cluster][0m
[36m(DreamerWorker pid=4036246)[0m Using default stable ids, none found at: /home/razshmue/StarCraftII/stableid.json[32m [repeated 3x across cluster][0m
[36m(DreamerWorker pid=4036246)[0m Successfully loaded stable ids: GameData\stableid.json[32m [repeated 3x across cluster][0m
[36m(DreamerWorker pid=4036246)[0m Sending ResponseJoinGame[32m [repeated 3x across cluster][0m
[36m(DreamerWorker pid=4036249)[0m Version: B75689 (SC2.4.10)
[36m(DreamerWorker pid=4036249)[0m Build: Aug 12 2019 17:16:57
[36m(DreamerWorker pid=4036249)[0m Command Line: '"/home/razshmue/StarCraftII/Versions/Base75689/SC2_x64" -listen 127.0.0.1 -port 36591 -dataDir /home/razshmue/StarCraftII/ -tempDir /tmp/sc-5i2ov6ny/'
[36m(DreamerWorker pid=4036249)[0m Starting up...
[36m(DreamerWorker pid=4036249)[0m Startup Phase 1 complete
[36m(DreamerWorker pid=4036249)[0m Startup Phase 2 complete
[36m(DreamerWorker pid=4036249)[0m Creating stub renderer...
[36m(DreamerWorker pid=4036249)[0m Listening on: 127.0.0.1:36591
[36m(DreamerWorker pid=4036249)[0m Startup Phase 3 complete. Ready for commands.
[36m(DreamerWorker pid=4036249)[0m ConnectHandler: Request from 127.0.0.1:39468 accepted
[36m(DreamerWorker pid=4036249)[0m ReadyHandler: 127.0.0.1:39468 ready
[36m(DreamerWorker pid=4036249)[0m Requesting to join a single player game
[36m(DreamerWorker pid=4036249)[0m Configuring interface options
[36m(DreamerWorker pid=4036249)[0m Configure: raw interface enabled
[36m(DreamerWorker pid=4036249)[0m Configure: feature layer interface disabled
[36m(DreamerWorker pid=4036249)[0m Configure: score interface disabled
[36m(DreamerWorker pid=4036249)[0m Configure: render interface disabled
[36m(DreamerWorker pid=4036249)[0m Launching next game.
[36m(DreamerWorker pid=4036249)[0m Next launch phase started: 8[32m [repeated 7x across cluster][0m
[36m(DreamerWorker pid=4036249)[0m Game has started.
[36m(DreamerWorker pid=4036249)[0m Using default stable ids, none found at: /home/razshmue/StarCraftII/stableid.json
[36m(DreamerWorker pid=4036249)[0m Successfully loaded stable ids: GameData\stableid.json
[36m(DreamerWorker pid=4036249)[0m Sending ResponseJoinGame
[36m(DreamerWorker pid=4036245)[0m Version: B75689 (SC2.4.10)
[36m(DreamerWorker pid=4036245)[0m Build: Aug 12 2019 17:16:57
[36m(DreamerWorker pid=4036245)[0m Command Line: '"/home/razshmue/StarCraftII/Versions/Base75689/SC2_x64" -listen 127.0.0.1 -port 33499 -dataDir /home/razshmue/StarCraftII/ -tempDir /tmp/sc-6j6eh_nb/'
[36m(DreamerWorker pid=4036245)[0m Starting up...
[36m(DreamerWorker pid=4036245)[0m Startup Phase 1 complete
[36m(DreamerWorker pid=4036245)[0m Startup Phase 2 complete
[36m(DreamerWorker pid=4036245)[0m Creating stub renderer...
[36m(DreamerWorker pid=4036245)[0m Listening on: 127.0.0.1:33499
[36m(DreamerWorker pid=4036245)[0m Startup Phase 3 complete. Ready for commands.
[36m(DreamerWorker pid=4036245)[0m ConnectHandler: Request from 127.0.0.1:52858 accepted
[36m(DreamerWorker pid=4036245)[0m ReadyHandler: 127.0.0.1:52858 ready
[36m(DreamerWorker pid=4036245)[0m Requesting to join a single player game
[36m(DreamerWorker pid=4036245)[0m Configuring interface options
[36m(DreamerWorker pid=4036245)[0m Configure: raw interface enabled
[36m(DreamerWorker pid=4036245)[0m Configure: feature layer interface disabled
[36m(DreamerWorker pid=4036245)[0m Configure: score interface disabled
[36m(DreamerWorker pid=4036245)[0m Configure: render interface disabled
[36m(DreamerWorker pid=4036245)[0m Launching next game.
[36m(DreamerWorker pid=4036245)[0m Next launch phase started: 2
[36m(DreamerWorker pid=4036245)[0m Next launch phase started: 3
[36m(DreamerWorker pid=4036245)[0m Next launch phase started: 4
[36m(DreamerWorker pid=4036245)[0m Next launch phase started: 5
[36m(DreamerWorker pid=4036245)[0m Next launch phase started: 6
[36m(DreamerWorker pid=4036245)[0m Next launch phase started: 7
[36m(DreamerWorker pid=4036245)[0m Next launch phase started: 8
[36m(DreamerWorker pid=4036245)[0m Game has started.
[36m(DreamerWorker pid=4036245)[0m Using default stable ids, none found at: /home/razshmue/StarCraftII/stableid.json
[36m(DreamerWorker pid=4036245)[0m Successfully loaded stable ids: GameData\stableid.json
[36m(DreamerWorker pid=4036245)[0m Sending ResponseJoinGame
[36m(DreamerWorker pid=4036249)[0m Version: B75689 (SC2.4.10)
[36m(DreamerWorker pid=4036249)[0m Build: Aug 12 2019 17:16:57
[36m(DreamerWorker pid=4036249)[0m Command Line: '"/home/razshmue/StarCraftII/Versions/Base75689/SC2_x64" -listen 127.0.0.1 -port 43547 -dataDir /home/razshmue/StarCraftII/ -tempDir /tmp/sc-rz8lrfgi/'
[36m(DreamerWorker pid=4036249)[0m Starting up...
[36m(DreamerWorker pid=4036249)[0m Startup Phase 1 complete
[36m(DreamerWorker pid=4036249)[0m Startup Phase 2 complete
[36m(DreamerWorker pid=4036249)[0m Creating stub renderer...
[36m(DreamerWorker pid=4036249)[0m Listening on: 127.0.0.1:43547
[36m(DreamerWorker pid=4036249)[0m Startup Phase 3 complete. Ready for commands.
[36m(DreamerWorker pid=4036249)[0m ConnectHandler: Request from 127.0.0.1:46302 accepted
[36m(DreamerWorker pid=4036249)[0m ReadyHandler: 127.0.0.1:46302 ready
[36m(DreamerWorker pid=4036249)[0m Requesting to join a single player game
[36m(DreamerWorker pid=4036249)[0m Configuring interface options
[36m(DreamerWorker pid=4036249)[0m Configure: raw interface enabled
[36m(DreamerWorker pid=4036249)[0m Configure: feature layer interface disabled
[36m(DreamerWorker pid=4036249)[0m Configure: score interface disabled
[36m(DreamerWorker pid=4036249)[0m Configure: render interface disabled
[36m(DreamerWorker pid=4036249)[0m Launching next game.
[36m(DreamerWorker pid=4036249)[0m Next launch phase started: 2
[36m(DreamerWorker pid=4036249)[0m Next launch phase started: 3
[36m(DreamerWorker pid=4036249)[0m Next launch phase started: 4
[36m(DreamerWorker pid=4036249)[0m Next launch phase started: 5
[36m(DreamerWorker pid=4036249)[0m Next launch phase started: 6
[36m(DreamerWorker pid=4036249)[0m Next launch phase started: 7
[36m(DreamerWorker pid=4036249)[0m Next launch phase started: 8
[36m(DreamerWorker pid=4036249)[0m Game has started.
[36m(DreamerWorker pid=4036249)[0m Using default stable ids, none found at: /home/razshmue/StarCraftII/stableid.json
[36m(DreamerWorker pid=4036249)[0m Successfully loaded stable ids: GameData\stableid.json
[36m(DreamerWorker pid=4036249)[0m Sending ResponseJoinGame
[36m(DreamerWorker pid=4036245)[0m Version: B75689 (SC2.4.10)
[36m(DreamerWorker pid=4036245)[0m Build: Aug 12 2019 17:16:57
[36m(DreamerWorker pid=4036245)[0m Command Line: '"/home/razshmue/StarCraftII/Versions/Base75689/SC2_x64" -listen 127.0.0.1 -port 36151 -dataDir /home/razshmue/StarCraftII/ -tempDir /tmp/sc-u5bvj6hq/'
[36m(DreamerWorker pid=4036245)[0m Starting up...
[36m(DreamerWorker pid=4036245)[0m Startup Phase 1 complete
[36m(DreamerWorker pid=4036245)[0m Startup Phase 2 complete
[36m(DreamerWorker pid=4036245)[0m Creating stub renderer...
[36m(DreamerWorker pid=4036245)[0m Listening on: 127.0.0.1:36151
[36m(DreamerWorker pid=4036245)[0m Startup Phase 3 complete. Ready for commands.
[36m(DreamerWorker pid=4036245)[0m ConnectHandler: Request from 127.0.0.1:59466 accepted
[36m(DreamerWorker pid=4036245)[0m ReadyHandler: 127.0.0.1:59466 ready
[36m(DreamerWorker pid=4036245)[0m Requesting to join a single player game
[36m(DreamerWorker pid=4036245)[0m Configuring interface options
[36m(DreamerWorker pid=4036245)[0m Configure: raw interface enabled
[36m(DreamerWorker pid=4036245)[0m Configure: feature layer interface disabled
[36m(DreamerWorker pid=4036245)[0m Configure: score interface disabled
[36m(DreamerWorker pid=4036245)[0m Configure: render interface disabled
[36m(DreamerWorker pid=4036245)[0m Launching next game.
[36m(DreamerWorker pid=4036245)[0m Next launch phase started: 2
[36m(DreamerWorker pid=4036245)[0m Next launch phase started: 3
[36m(DreamerWorker pid=4036245)[0m Next launch phase started: 4
[36m(DreamerWorker pid=4036245)[0m Next launch phase started: 5
[36m(DreamerWorker pid=4036245)[0m Next launch phase started: 6
[36m(DreamerWorker pid=4036245)[0m Next launch phase started: 7
[36m(DreamerWorker pid=4036245)[0m Next launch phase started: 8
[36m(DreamerWorker pid=4036245)[0m Game has started.
[36m(DreamerWorker pid=4036245)[0m Using default stable ids, none found at: /home/razshmue/StarCraftII/stableid.json
[36m(DreamerWorker pid=4036245)[0m Successfully loaded stable ids: GameData\stableid.json
[36m(DreamerWorker pid=4036245)[0m Sending ResponseJoinGame
[36m(DreamerWorker pid=4036249)[0m Version: B75689 (SC2.4.10)
[36m(DreamerWorker pid=4036249)[0m Build: Aug 12 2019 17:16:57
[36m(DreamerWorker pid=4036249)[0m Command Line: '"/home/razshmue/StarCraftII/Versions/Base75689/SC2_x64" -listen 127.0.0.1 -port 40871 -dataDir /home/razshmue/StarCraftII/ -tempDir /tmp/sc-vd4x_ckv/'
[36m(DreamerWorker pid=4036249)[0m Starting up...
[36m(DreamerWorker pid=4036249)[0m Startup Phase 1 complete
[36m(DreamerWorker pid=4036249)[0m Startup Phase 2 complete
[36m(DreamerWorker pid=4036249)[0m Creating stub renderer...
[36m(DreamerWorker pid=4036249)[0m Listening on: 127.0.0.1:40871
[36m(DreamerWorker pid=4036249)[0m Startup Phase 3 complete. Ready for commands.
[36m(DreamerWorker pid=4036249)[0m ConnectHandler: Request from 127.0.0.1:49500 accepted
[36m(DreamerWorker pid=4036249)[0m ReadyHandler: 127.0.0.1:49500 ready
[36m(DreamerWorker pid=4036249)[0m Requesting to join a single player game
[36m(DreamerWorker pid=4036249)[0m Configuring interface options
[36m(DreamerWorker pid=4036249)[0m Configure: raw interface enabled
[36m(DreamerWorker pid=4036249)[0m Configure: feature layer interface disabled
[36m(DreamerWorker pid=4036249)[0m Configure: score interface disabled
[36m(DreamerWorker pid=4036249)[0m Configure: render interface disabled
[36m(DreamerWorker pid=4036249)[0m Launching next game.
[36m(DreamerWorker pid=4036249)[0m Next launch phase started: 2
[36m(DreamerWorker pid=4036249)[0m Next launch phase started: 3
[36m(DreamerWorker pid=4036249)[0m Next launch phase started: 4
[36m(DreamerWorker pid=4036249)[0m Next launch phase started: 5
[36m(DreamerWorker pid=4036249)[0m Next launch phase started: 6
[36m(DreamerWorker pid=4036249)[0m Next launch phase started: 7
[36m(DreamerWorker pid=4036249)[0m Next launch phase started: 8
[36m(DreamerWorker pid=4036249)[0m Game has started.
[36m(DreamerWorker pid=4036249)[0m Using default stable ids, none found at: /home/razshmue/StarCraftII/stableid.json
[36m(DreamerWorker pid=4036249)[0m Successfully loaded stable ids: GameData\stableid.json
[36m(DreamerWorker pid=4036249)[0m Sending ResponseJoinGame
[36m(DreamerWorker pid=4036245)[0m Version: B75689 (SC2.4.10)
[36m(DreamerWorker pid=4036245)[0m Build: Aug 12 2019 17:16:57
[36m(DreamerWorker pid=4036245)[0m Command Line: '"/home/razshmue/StarCraftII/Versions/Base75689/SC2_x64" -listen 127.0.0.1 -port 32991 -dataDir /home/razshmue/StarCraftII/ -tempDir /tmp/sc-0rtujya4/'
[36m(DreamerWorker pid=4036245)[0m Starting up...
[36m(DreamerWorker pid=4036245)[0m Startup Phase 1 complete
[36m(DreamerWorker pid=4036245)[0m Startup Phase 2 complete
[36m(DreamerWorker pid=4036245)[0m Creating stub renderer...
[36m(DreamerWorker pid=4036245)[0m Listening on: 127.0.0.1:32991
[36m(DreamerWorker pid=4036245)[0m Startup Phase 3 complete. Ready for commands.
[36m(DreamerWorker pid=4036245)[0m ConnectHandler: Request from 127.0.0.1:44138 accepted
[36m(DreamerWorker pid=4036245)[0m ReadyHandler: 127.0.0.1:44138 ready
[36m(DreamerWorker pid=4036245)[0m Requesting to join a single player game
[36m(DreamerWorker pid=4036245)[0m Configuring interface options
[36m(DreamerWorker pid=4036245)[0m Configure: raw interface enabled
[36m(DreamerWorker pid=4036245)[0m Configure: feature layer interface disabled
[36m(DreamerWorker pid=4036245)[0m Configure: score interface disabled
[36m(DreamerWorker pid=4036245)[0m Configure: render interface disabled
[36m(DreamerWorker pid=4036245)[0m Launching next game.
[36m(DreamerWorker pid=4036245)[0m Next launch phase started: 2
[36m(DreamerWorker pid=4036245)[0m Next launch phase started: 3
[36m(DreamerWorker pid=4036245)[0m Next launch phase started: 4
[36m(DreamerWorker pid=4036245)[0m Next launch phase started: 5
[36m(DreamerWorker pid=4036245)[0m Next launch phase started: 6
[36m(DreamerWorker pid=4036245)[0m Next launch phase started: 7
[36m(DreamerWorker pid=4036245)[0m Next launch phase started: 8
[36m(DreamerWorker pid=4036245)[0m Game has started.
[36m(DreamerWorker pid=4036245)[0m Using default stable ids, none found at: /home/razshmue/StarCraftII/stableid.json
[36m(DreamerWorker pid=4036245)[0m Successfully loaded stable ids: GameData\stableid.json
[36m(DreamerWorker pid=4036245)[0m Sending ResponseJoinGame
[36m(DreamerWorker pid=4036249)[0m Version: B75689 (SC2.4.10)
[36m(DreamerWorker pid=4036249)[0m Build: Aug 12 2019 17:16:57
[36m(DreamerWorker pid=4036249)[0m Command Line: '"/home/razshmue/StarCraftII/Versions/Base75689/SC2_x64" -listen 127.0.0.1 -port 43003 -dataDir /home/razshmue/StarCraftII/ -tempDir /tmp/sc-qubivdz8/'
[36m(DreamerWorker pid=4036249)[0m Starting up...
[36m(DreamerWorker pid=4036249)[0m Startup Phase 1 complete
[36m(DreamerWorker pid=4036249)[0m Startup Phase 2 complete
[36m(DreamerWorker pid=4036249)[0m Creating stub renderer...
[36m(DreamerWorker pid=4036249)[0m Listening on: 127.0.0.1:43003
[36m(DreamerWorker pid=4036249)[0m Startup Phase 3 complete. Ready for commands.
[36m(DreamerWorker pid=4036249)[0m ConnectHandler: Request from 127.0.0.1:58736 accepted
[36m(DreamerWorker pid=4036249)[0m ReadyHandler: 127.0.0.1:58736 ready
[36m(DreamerWorker pid=4036249)[0m Requesting to join a single player game
[36m(DreamerWorker pid=4036249)[0m Configuring interface options
[36m(DreamerWorker pid=4036249)[0m Configure: raw interface enabled
[36m(DreamerWorker pid=4036249)[0m Configure: feature layer interface disabled
[36m(DreamerWorker pid=4036249)[0m Configure: score interface disabled
[36m(DreamerWorker pid=4036249)[0m Configure: render interface disabled
[36m(DreamerWorker pid=4036249)[0m Launching next game.
[36m(DreamerWorker pid=4036249)[0m Next launch phase started: 2
[36m(DreamerWorker pid=4036249)[0m Next launch phase started: 3
[36m(DreamerWorker pid=4036249)[0m Next launch phase started: 4
[36m(DreamerWorker pid=4036249)[0m Next launch phase started: 5
[36m(DreamerWorker pid=4036249)[0m Next launch phase started: 6
[36m(DreamerWorker pid=4036249)[0m Next launch phase started: 7
[36m(DreamerWorker pid=4036249)[0m Next launch phase started: 8
[36m(DreamerWorker pid=4036249)[0m Game has started.
[36m(DreamerWorker pid=4036249)[0m Using default stable ids, none found at: /home/razshmue/StarCraftII/stableid.json
[36m(DreamerWorker pid=4036249)[0m Successfully loaded stable ids: GameData\stableid.json
[36m(DreamerWorker pid=4036249)[0m Sending ResponseJoinGame
[36m(DreamerWorker pid=4036245)[0m Version: B75689 (SC2.4.10)
[36m(DreamerWorker pid=4036245)[0m Build: Aug 12 2019 17:16:57
[36m(DreamerWorker pid=4036245)[0m Command Line: '"/home/razshmue/StarCraftII/Versions/Base75689/SC2_x64" -listen 127.0.0.1 -port 42447 -dataDir /home/razshmue/StarCraftII/ -tempDir /tmp/sc-x1pn1syp/'
[36m(DreamerWorker pid=4036245)[0m Starting up...
[36m(DreamerWorker pid=4036245)[0m Startup Phase 1 complete
[36m(DreamerWorker pid=4036245)[0m Startup Phase 2 complete
[36m(DreamerWorker pid=4036245)[0m Creating stub renderer...
[36m(DreamerWorker pid=4036245)[0m Listening on: 127.0.0.1:42447
[36m(DreamerWorker pid=4036245)[0m Startup Phase 3 complete. Ready for commands.
[36m(DreamerWorker pid=4036245)[0m ConnectHandler: Request from 127.0.0.1:34154 accepted
[36m(DreamerWorker pid=4036245)[0m ReadyHandler: 127.0.0.1:34154 ready
[36m(DreamerWorker pid=4036245)[0m Requesting to join a single player game
[36m(DreamerWorker pid=4036245)[0m Configuring interface options
[36m(DreamerWorker pid=4036245)[0m Configure: raw interface enabled
[36m(DreamerWorker pid=4036245)[0m Configure: feature layer interface disabled
[36m(DreamerWorker pid=4036245)[0m Configure: score interface disabled
[36m(DreamerWorker pid=4036245)[0m Configure: render interface disabled
[36m(DreamerWorker pid=4036245)[0m Launching next game.
[36m(DreamerWorker pid=4036245)[0m Next launch phase started: 2
[36m(DreamerWorker pid=4036245)[0m Next launch phase started: 3
[36m(DreamerWorker pid=4036245)[0m Next launch phase started: 4
[36m(DreamerWorker pid=4036245)[0m Next launch phase started: 5
[36m(DreamerWorker pid=4036245)[0m Next launch phase started: 6
[36m(DreamerWorker pid=4036245)[0m Next launch phase started: 7
[36m(DreamerWorker pid=4036245)[0m Next launch phase started: 8
[36m(DreamerWorker pid=4036245)[0m Game has started.
[36m(DreamerWorker pid=4036245)[0m Using default stable ids, none found at: /home/razshmue/StarCraftII/stableid.json
[36m(DreamerWorker pid=4036245)[0m Successfully loaded stable ids: GameData\stableid.json
[36m(DreamerWorker pid=4036245)[0m Sending ResponseJoinGame
[36m(DreamerWorker pid=4036249)[0m Version: B75689 (SC2.4.10)
[36m(DreamerWorker pid=4036249)[0m Build: Aug 12 2019 17:16:57
[36m(DreamerWorker pid=4036249)[0m Command Line: '"/home/razshmue/StarCraftII/Versions/Base75689/SC2_x64" -listen 127.0.0.1 -port 46329 -dataDir /home/razshmue/StarCraftII/ -tempDir /tmp/sc-s9ttcp6u/'
[36m(DreamerWorker pid=4036249)[0m Starting up...
[36m(DreamerWorker pid=4036249)[0m Startup Phase 1 complete
[36m(DreamerWorker pid=4036249)[0m Startup Phase 2 complete
[36m(DreamerWorker pid=4036249)[0m Creating stub renderer...
[36m(DreamerWorker pid=4036249)[0m Listening on: 127.0.0.1:46329
[36m(DreamerWorker pid=4036249)[0m Startup Phase 3 complete. Ready for commands.
[36m(DreamerWorker pid=4036249)[0m ConnectHandler: Request from 127.0.0.1:36254 accepted
[36m(DreamerWorker pid=4036249)[0m ReadyHandler: 127.0.0.1:36254 ready
[36m(DreamerWorker pid=4036249)[0m Requesting to join a single player game
[36m(DreamerWorker pid=4036249)[0m Configuring interface options
[36m(DreamerWorker pid=4036249)[0m Configure: raw interface enabled
[36m(DreamerWorker pid=4036249)[0m Configure: feature layer interface disabled
[36m(DreamerWorker pid=4036249)[0m Configure: score interface disabled
[36m(DreamerWorker pid=4036249)[0m Configure: render interface disabled
[36m(DreamerWorker pid=4036249)[0m Launching next game.
[36m(DreamerWorker pid=4036249)[0m Next launch phase started: 2
[36m(DreamerWorker pid=4036249)[0m Next launch phase started: 3
[36m(DreamerWorker pid=4036249)[0m Next launch phase started: 4
[36m(DreamerWorker pid=4036249)[0m Next launch phase started: 5
[36m(DreamerWorker pid=4036249)[0m Next launch phase started: 6
[36m(DreamerWorker pid=4036249)[0m Next launch phase started: 7
[36m(DreamerWorker pid=4036249)[0m Next launch phase started: 8
[36m(DreamerWorker pid=4036249)[0m Game has started.
[36m(DreamerWorker pid=4036249)[0m Using default stable ids, none found at: /home/razshmue/StarCraftII/stableid.json
[36m(DreamerWorker pid=4036249)[0m Successfully loaded stable ids: GameData\stableid.json
[36m(DreamerWorker pid=4036249)[0m Sending ResponseJoinGame
[36m(DreamerWorker pid=4036245)[0m Version: B75689 (SC2.4.10)
[36m(DreamerWorker pid=4036245)[0m Build: Aug 12 2019 17:16:57
[36m(DreamerWorker pid=4036245)[0m Command Line: '"/home/razshmue/StarCraftII/Versions/Base75689/SC2_x64" -listen 127.0.0.1 -port 33589 -dataDir /home/razshmue/StarCraftII/ -tempDir /tmp/sc-bqe8g41g/'
[36m(DreamerWorker pid=4036245)[0m Starting up...
[36m(DreamerWorker pid=4036245)[0m Startup Phase 1 complete
[36m(DreamerWorker pid=4036245)[0m Startup Phase 2 complete
[36m(DreamerWorker pid=4036245)[0m Creating stub renderer...
[36m(DreamerWorker pid=4036245)[0m Listening on: 127.0.0.1:33589
[36m(DreamerWorker pid=4036245)[0m Startup Phase 3 complete. Ready for commands.
[36m(DreamerWorker pid=4036245)[0m ConnectHandler: Request from 127.0.0.1:53490 accepted
[36m(DreamerWorker pid=4036245)[0m ReadyHandler: 127.0.0.1:53490 ready
[36m(DreamerWorker pid=4036245)[0m Requesting to join a single player game
[36m(DreamerWorker pid=4036245)[0m Configuring interface options
[36m(DreamerWorker pid=4036245)[0m Configure: raw interface enabled
[36m(DreamerWorker pid=4036245)[0m Configure: feature layer interface disabled
[36m(DreamerWorker pid=4036245)[0m Configure: score interface disabled
[36m(DreamerWorker pid=4036245)[0m Configure: render interface disabled
[36m(DreamerWorker pid=4036245)[0m Launching next game.
[36m(DreamerWorker pid=4036245)[0m Next launch phase started: 2
[36m(DreamerWorker pid=4036245)[0m Next launch phase started: 3
[36m(DreamerWorker pid=4036245)[0m Next launch phase started: 4
[36m(DreamerWorker pid=4036245)[0m Next launch phase started: 5
[36m(DreamerWorker pid=4036245)[0m Next launch phase started: 6
[36m(DreamerWorker pid=4036245)[0m Next launch phase started: 7
[36m(DreamerWorker pid=4036245)[0m Next launch phase started: 8
[36m(DreamerWorker pid=4036245)[0m Game has started.
[36m(DreamerWorker pid=4036245)[0m Using default stable ids, none found at: /home/razshmue/StarCraftII/stableid.json
[36m(DreamerWorker pid=4036245)[0m Successfully loaded stable ids: GameData\stableid.json
[36m(DreamerWorker pid=4036245)[0m Sending ResponseJoinGame
[36m(DreamerWorker pid=4036249)[0m Version: B75689 (SC2.4.10)
[36m(DreamerWorker pid=4036249)[0m Build: Aug 12 2019 17:16:57
[36m(DreamerWorker pid=4036249)[0m Command Line: '"/home/razshmue/StarCraftII/Versions/Base75689/SC2_x64" -listen 127.0.0.1 -port 37057 -dataDir /home/razshmue/StarCraftII/ -tempDir /tmp/sc-offjrhia/'
[36m(DreamerWorker pid=4036249)[0m Starting up...
[36m(DreamerWorker pid=4036249)[0m Startup Phase 1 complete
[36m(DreamerWorker pid=4036249)[0m Startup Phase 2 complete
[36m(DreamerWorker pid=4036249)[0m Creating stub renderer...
[36m(DreamerWorker pid=4036249)[0m Listening on: 127.0.0.1:37057
[36m(DreamerWorker pid=4036249)[0m Startup Phase 3 complete. Ready for commands.
[36m(DreamerWorker pid=4036249)[0m ConnectHandler: Request from 127.0.0.1:40974 accepted
[36m(DreamerWorker pid=4036249)[0m ReadyHandler: 127.0.0.1:40974 ready
[36m(DreamerWorker pid=4036249)[0m Requesting to join a single player game
[36m(DreamerWorker pid=4036249)[0m Configuring interface options
[36m(DreamerWorker pid=4036249)[0m Configure: raw interface enabled
[36m(DreamerWorker pid=4036249)[0m Configure: feature layer interface disabled
[36m(DreamerWorker pid=4036249)[0m Configure: score interface disabled
[36m(DreamerWorker pid=4036249)[0m Configure: render interface disabled
[36m(DreamerWorker pid=4036249)[0m Launching next game.
[36m(DreamerWorker pid=4036249)[0m Next launch phase started: 2
[36m(DreamerWorker pid=4036249)[0m Next launch phase started: 3
[36m(DreamerWorker pid=4036249)[0m Next launch phase started: 4
[36m(DreamerWorker pid=4036249)[0m Next launch phase started: 5
[36m(DreamerWorker pid=4036249)[0m Next launch phase started: 6
[36m(DreamerWorker pid=4036249)[0m Next launch phase started: 7
[36m(DreamerWorker pid=4036249)[0m Next launch phase started: 8
[36m(DreamerWorker pid=4036249)[0m Game has started.
[36m(DreamerWorker pid=4036249)[0m Using default stable ids, none found at: /home/razshmue/StarCraftII/stableid.json
[36m(DreamerWorker pid=4036249)[0m Successfully loaded stable ids: GameData\stableid.json
[36m(DreamerWorker pid=4036249)[0m Sending ResponseJoinGame
[36m(DreamerWorker pid=4036245)[0m Version: B75689 (SC2.4.10)
[36m(DreamerWorker pid=4036245)[0m Build: Aug 12 2019 17:16:57
[36m(DreamerWorker pid=4036245)[0m Command Line: '"/home/razshmue/StarCraftII/Versions/Base75689/SC2_x64" -listen 127.0.0.1 -port 46757 -dataDir /home/razshmue/StarCraftII/ -tempDir /tmp/sc-5vaztj1z/'
[36m(DreamerWorker pid=4036245)[0m Starting up...
[36m(DreamerWorker pid=4036245)[0m Startup Phase 1 complete
[36m(DreamerWorker pid=4036245)[0m Startup Phase 2 complete
[36m(DreamerWorker pid=4036245)[0m Creating stub renderer...
[36m(DreamerWorker pid=4036245)[0m Listening on: 127.0.0.1:46757
[36m(DreamerWorker pid=4036245)[0m Startup Phase 3 complete. Ready for commands.
[36m(DreamerWorker pid=4036245)[0m ConnectHandler: Request from 127.0.0.1:33922 accepted
[36m(DreamerWorker pid=4036245)[0m ReadyHandler: 127.0.0.1:33922 ready
[36m(DreamerWorker pid=4036245)[0m Requesting to join a single player game
[36m(DreamerWorker pid=4036245)[0m Configuring interface options
[36m(DreamerWorker pid=4036245)[0m Configure: raw interface enabled
[36m(DreamerWorker pid=4036245)[0m Configure: feature layer interface disabled
[36m(DreamerWorker pid=4036245)[0m Configure: score interface disabled
[36m(DreamerWorker pid=4036245)[0m Configure: render interface disabled
[36m(DreamerWorker pid=4036245)[0m Launching next game.
[36m(DreamerWorker pid=4036245)[0m Next launch phase started: 2
[36m(DreamerWorker pid=4036245)[0m Next launch phase started: 3
[36m(DreamerWorker pid=4036245)[0m Next launch phase started: 4
[36m(DreamerWorker pid=4036245)[0m Next launch phase started: 5
[36m(DreamerWorker pid=4036245)[0m Next launch phase started: 6
[36m(DreamerWorker pid=4036245)[0m Next launch phase started: 7
[36m(DreamerWorker pid=4036245)[0m Next launch phase started: 8
[36m(DreamerWorker pid=4036245)[0m Game has started.
[36m(DreamerWorker pid=4036245)[0m Using default stable ids, none found at: /home/razshmue/StarCraftII/stableid.json
[36m(DreamerWorker pid=4036245)[0m Successfully loaded stable ids: GameData\stableid.json
[36m(DreamerWorker pid=4036245)[0m Sending ResponseJoinGame
[36m(DreamerWorker pid=4036249)[0m Version: B75689 (SC2.4.10)
[36m(DreamerWorker pid=4036249)[0m Build: Aug 12 2019 17:16:57
[36m(DreamerWorker pid=4036249)[0m Command Line: '"/home/razshmue/StarCraftII/Versions/Base75689/SC2_x64" -listen 127.0.0.1 -port 46815 -dataDir /home/razshmue/StarCraftII/ -tempDir /tmp/sc-7d9907e5/'
[36m(DreamerWorker pid=4036249)[0m Starting up...
[36m(DreamerWorker pid=4036249)[0m Startup Phase 1 complete
[36m(DreamerWorker pid=4036249)[0m Startup Phase 2 complete
[36m(DreamerWorker pid=4036249)[0m Creating stub renderer...
[36m(DreamerWorker pid=4036249)[0m Listening on: 127.0.0.1:46815
[36m(DreamerWorker pid=4036249)[0m Startup Phase 3 complete. Ready for commands.
[36m(DreamerWorker pid=4036249)[0m ConnectHandler: Request from 127.0.0.1:49174 accepted
[36m(DreamerWorker pid=4036249)[0m ReadyHandler: 127.0.0.1:49174 ready
[36m(DreamerWorker pid=4036249)[0m Requesting to join a single player game
[36m(DreamerWorker pid=4036249)[0m Configuring interface options
[36m(DreamerWorker pid=4036249)[0m Configure: raw interface enabled
[36m(DreamerWorker pid=4036249)[0m Configure: feature layer interface disabled
[36m(DreamerWorker pid=4036249)[0m Configure: score interface disabled
[36m(DreamerWorker pid=4036249)[0m Configure: render interface disabled
[36m(DreamerWorker pid=4036249)[0m Launching next game.
[36m(DreamerWorker pid=4036249)[0m Next launch phase started: 2
[36m(DreamerWorker pid=4036249)[0m Next launch phase started: 3
[36m(DreamerWorker pid=4036249)[0m Next launch phase started: 4
[36m(DreamerWorker pid=4036249)[0m Next launch phase started: 5
[36m(DreamerWorker pid=4036249)[0m Next launch phase started: 6
[36m(DreamerWorker pid=4036249)[0m Next launch phase started: 7
[36m(DreamerWorker pid=4036249)[0m Next launch phase started: 8
[36m(DreamerWorker pid=4036249)[0m Game has started.
[36m(DreamerWorker pid=4036249)[0m Using default stable ids, none found at: /home/razshmue/StarCraftII/stableid.json
[36m(DreamerWorker pid=4036249)[0m Successfully loaded stable ids: GameData\stableid.json
[36m(DreamerWorker pid=4036249)[0m Sending ResponseJoinGame
[36m(DreamerWorker pid=4036249)[0m Deferred error: 536936448 (0x20010000)
[36m(DreamerWorker pid=4036249)[0m Deferred error details: Bad profiling data. TimeMS: 9696615.000000 Conversion: 1.000000e-03
[36m(DreamerWorker pid=4036245)[0m Version: B75689 (SC2.4.10)
[36m(DreamerWorker pid=4036245)[0m Build: Aug 12 2019 17:16:57
[36m(DreamerWorker pid=4036245)[0m Command Line: '"/home/razshmue/StarCraftII/Versions/Base75689/SC2_x64" -listen 127.0.0.1 -port 41965 -dataDir /home/razshmue/StarCraftII/ -tempDir /tmp/sc-xhxlsy4p/'
[36m(DreamerWorker pid=4036245)[0m Starting up...
[36m(DreamerWorker pid=4036245)[0m Startup Phase 1 complete
[36m(DreamerWorker pid=4036245)[0m Startup Phase 2 complete
[36m(DreamerWorker pid=4036245)[0m Creating stub renderer...
[36m(DreamerWorker pid=4036245)[0m Listening on: 127.0.0.1:41965
[36m(DreamerWorker pid=4036245)[0m Startup Phase 3 complete. Ready for commands.
[36m(DreamerWorker pid=4036245)[0m ConnectHandler: Request from 127.0.0.1:52710 accepted
[36m(DreamerWorker pid=4036245)[0m ReadyHandler: 127.0.0.1:52710 ready
[36m(DreamerWorker pid=4036245)[0m Requesting to join a single player game
[36m(DreamerWorker pid=4036245)[0m Configuring interface options
[36m(DreamerWorker pid=4036245)[0m Configure: raw interface enabled
[36m(DreamerWorker pid=4036245)[0m Configure: feature layer interface disabled
[36m(DreamerWorker pid=4036245)[0m Configure: score interface disabled
[36m(DreamerWorker pid=4036245)[0m Configure: render interface disabled
[36m(DreamerWorker pid=4036245)[0m Launching next game.
[36m(DreamerWorker pid=4036245)[0m Next launch phase started: 2
[36m(DreamerWorker pid=4036245)[0m Next launch phase started: 3
[36m(DreamerWorker pid=4036245)[0m Next launch phase started: 4
[36m(DreamerWorker pid=4036245)[0m Next launch phase started: 5
[36m(DreamerWorker pid=4036245)[0m Next launch phase started: 6
[36m(DreamerWorker pid=4036245)[0m Next launch phase started: 7
[36m(DreamerWorker pid=4036245)[0m Next launch phase started: 8
[36m(DreamerWorker pid=4036245)[0m Game has started.
[36m(DreamerWorker pid=4036245)[0m Using default stable ids, none found at: /home/razshmue/StarCraftII/stableid.json
[36m(DreamerWorker pid=4036245)[0m Successfully loaded stable ids: GameData\stableid.json
[36m(DreamerWorker pid=4036245)[0m Sending ResponseJoinGame
[36m(DreamerWorker pid=4036249)[0m Version: B75689 (SC2.4.10)
[36m(DreamerWorker pid=4036249)[0m Build: Aug 12 2019 17:16:57
[36m(DreamerWorker pid=4036249)[0m Command Line: '"/home/razshmue/StarCraftII/Versions/Base75689/SC2_x64" -listen 127.0.0.1 -port 39663 -dataDir /home/razshmue/StarCraftII/ -tempDir /tmp/sc-k6erzrry/'
[36m(DreamerWorker pid=4036249)[0m Starting up...
[36m(DreamerWorker pid=4036249)[0m Startup Phase 1 complete
[36m(DreamerWorker pid=4036249)[0m Startup Phase 2 complete
[36m(DreamerWorker pid=4036249)[0m Creating stub renderer...
[36m(DreamerWorker pid=4036249)[0m Listening on: 127.0.0.1:39663
[36m(DreamerWorker pid=4036249)[0m Startup Phase 3 complete. Ready for commands.
[36m(DreamerWorker pid=4036249)[0m ConnectHandler: Request from 127.0.0.1:35028 accepted
[36m(DreamerWorker pid=4036249)[0m ReadyHandler: 127.0.0.1:35028 ready
[36m(DreamerWorker pid=4036249)[0m Requesting to join a single player game
[36m(DreamerWorker pid=4036249)[0m Configuring interface options
[36m(DreamerWorker pid=4036249)[0m Configure: raw interface enabled
[36m(DreamerWorker pid=4036249)[0m Configure: feature layer interface disabled
[36m(DreamerWorker pid=4036249)[0m Configure: score interface disabled
[36m(DreamerWorker pid=4036249)[0m Configure: render interface disabled
[36m(DreamerWorker pid=4036249)[0m Launching next game.
[36m(DreamerWorker pid=4036249)[0m Next launch phase started: 2
[36m(DreamerWorker pid=4036249)[0m Next launch phase started: 3
[36m(DreamerWorker pid=4036249)[0m Next launch phase started: 4
[36m(DreamerWorker pid=4036249)[0m Next launch phase started: 5
[36m(DreamerWorker pid=4036249)[0m Next launch phase started: 6
[36m(DreamerWorker pid=4036249)[0m Next launch phase started: 7
[36m(DreamerWorker pid=4036249)[0m Next launch phase started: 8
[36m(DreamerWorker pid=4036249)[0m Game has started.
[36m(DreamerWorker pid=4036249)[0m Using default stable ids, none found at: /home/razshmue/StarCraftII/stableid.json
[36m(DreamerWorker pid=4036249)[0m Successfully loaded stable ids: GameData\stableid.json
[36m(DreamerWorker pid=4036249)[0m Sending ResponseJoinGame
[36m(DreamerWorker pid=4036245)[0m Version: B75689 (SC2.4.10)
[36m(DreamerWorker pid=4036245)[0m Build: Aug 12 2019 17:16:57
[36m(DreamerWorker pid=4036245)[0m Command Line: '"/home/razshmue/StarCraftII/Versions/Base75689/SC2_x64" -listen 127.0.0.1 -port 39393 -dataDir /home/razshmue/StarCraftII/ -tempDir /tmp/sc-pd1vkqlc/'
[36m(DreamerWorker pid=4036245)[0m Starting up...
[36m(DreamerWorker pid=4036245)[0m Startup Phase 1 complete
[36m(DreamerWorker pid=4036245)[0m Startup Phase 2 complete
[36m(DreamerWorker pid=4036245)[0m Creating stub renderer...
[36m(DreamerWorker pid=4036245)[0m Listening on: 127.0.0.1:39393
[36m(DreamerWorker pid=4036245)[0m Startup Phase 3 complete. Ready for commands.
[36m(DreamerWorker pid=4036245)[0m ConnectHandler: Request from 127.0.0.1:44862 accepted
[36m(DreamerWorker pid=4036245)[0m ReadyHandler: 127.0.0.1:44862 ready
[36m(DreamerWorker pid=4036245)[0m Requesting to join a single player game
[36m(DreamerWorker pid=4036245)[0m Configuring interface options
[36m(DreamerWorker pid=4036245)[0m Configure: raw interface enabled
[36m(DreamerWorker pid=4036245)[0m Configure: feature layer interface disabled
[36m(DreamerWorker pid=4036245)[0m Configure: score interface disabled
[36m(DreamerWorker pid=4036245)[0m Configure: render interface disabled
[36m(DreamerWorker pid=4036245)[0m Launching next game.
[36m(DreamerWorker pid=4036245)[0m Next launch phase started: 2
[36m(DreamerWorker pid=4036245)[0m Next launch phase started: 3
[36m(DreamerWorker pid=4036245)[0m Next launch phase started: 4
[36m(DreamerWorker pid=4036245)[0m Next launch phase started: 5
[36m(DreamerWorker pid=4036245)[0m Next launch phase started: 6
[36m(DreamerWorker pid=4036245)[0m Next launch phase started: 7
[36m(DreamerWorker pid=4036245)[0m Next launch phase started: 8
[36m(DreamerWorker pid=4036245)[0m Game has started.
[36m(DreamerWorker pid=4036245)[0m Using default stable ids, none found at: /home/razshmue/StarCraftII/stableid.json
[36m(DreamerWorker pid=4036245)[0m Successfully loaded stable ids: GameData\stableid.json
[36m(DreamerWorker pid=4036245)[0m Sending ResponseJoinGame
[36m(DreamerWorker pid=4036245)[0m Deferred error: 536936448 (0x20010000)
[36m(DreamerWorker pid=4036245)[0m Deferred error details: Bad profiling data. TimeMS: 9835692.000000 Conversion: 1.000000e-03
[36m(DreamerWorker pid=4036249)[0m Version: B75689 (SC2.4.10)
[36m(DreamerWorker pid=4036249)[0m Build: Aug 12 2019 17:16:57
[36m(DreamerWorker pid=4036249)[0m Command Line: '"/home/razshmue/StarCraftII/Versions/Base75689/SC2_x64" -listen 127.0.0.1 -port 40323 -dataDir /home/razshmue/StarCraftII/ -tempDir /tmp/sc-vmmzc7i3/'
[36m(DreamerWorker pid=4036249)[0m Starting up...
[36m(DreamerWorker pid=4036249)[0m Startup Phase 1 complete
[36m(DreamerWorker pid=4036249)[0m Startup Phase 2 complete
[36m(DreamerWorker pid=4036249)[0m Creating stub renderer...
[36m(DreamerWorker pid=4036249)[0m Listening on: 127.0.0.1:40323
[36m(DreamerWorker pid=4036249)[0m Startup Phase 3 complete. Ready for commands.
[36m(DreamerWorker pid=4036249)[0m ConnectHandler: Request from 127.0.0.1:48506 accepted
[36m(DreamerWorker pid=4036249)[0m ReadyHandler: 127.0.0.1:48506 ready
[36m(DreamerWorker pid=4036249)[0m Requesting to join a single player game
[36m(DreamerWorker pid=4036249)[0m Configuring interface options
[36m(DreamerWorker pid=4036249)[0m Configure: raw interface enabled
[36m(DreamerWorker pid=4036249)[0m Configure: feature layer interface disabled
[36m(DreamerWorker pid=4036249)[0m Configure: score interface disabled
[36m(DreamerWorker pid=4036249)[0m Configure: render interface disabled
[36m(DreamerWorker pid=4036249)[0m Launching next game.
[36m(DreamerWorker pid=4036249)[0m Next launch phase started: 2
[36m(DreamerWorker pid=4036249)[0m Next launch phase started: 3
[36m(DreamerWorker pid=4036249)[0m Next launch phase started: 4
[36m(DreamerWorker pid=4036249)[0m Next launch phase started: 5
[36m(DreamerWorker pid=4036249)[0m Next launch phase started: 6
[36m(DreamerWorker pid=4036249)[0m Next launch phase started: 7
[36m(DreamerWorker pid=4036249)[0m Next launch phase started: 8
[36m(DreamerWorker pid=4036249)[0m Game has started.
[36m(DreamerWorker pid=4036249)[0m Using default stable ids, none found at: /home/razshmue/StarCraftII/stableid.json
[36m(DreamerWorker pid=4036249)[0m Successfully loaded stable ids: GameData\stableid.json
[36m(DreamerWorker pid=4036249)[0m Sending ResponseJoinGame
[36m(DreamerWorker pid=4036245)[0m Version: B75689 (SC2.4.10)
[36m(DreamerWorker pid=4036245)[0m Build: Aug 12 2019 17:16:57
[36m(DreamerWorker pid=4036245)[0m Command Line: '"/home/razshmue/StarCraftII/Versions/Base75689/SC2_x64" -listen 127.0.0.1 -port 44345 -dataDir /home/razshmue/StarCraftII/ -tempDir /tmp/sc-fkh77zff/'
[36m(DreamerWorker pid=4036245)[0m Starting up...
[36m(DreamerWorker pid=4036245)[0m Startup Phase 1 complete
[36m(DreamerWorker pid=4036245)[0m Startup Phase 2 complete
[36m(DreamerWorker pid=4036245)[0m Creating stub renderer...
[36m(DreamerWorker pid=4036245)[0m Listening on: 127.0.0.1:44345
[36m(DreamerWorker pid=4036245)[0m Startup Phase 3 complete. Ready for commands.
[36m(DreamerWorker pid=4036245)[0m ConnectHandler: Request from 127.0.0.1:51174 accepted
[36m(DreamerWorker pid=4036245)[0m ReadyHandler: 127.0.0.1:51174 ready
[36m(DreamerWorker pid=4036245)[0m Requesting to join a single player game
[36m(DreamerWorker pid=4036245)[0m Configuring interface options
[36m(DreamerWorker pid=4036245)[0m Configure: raw interface enabled
[36m(DreamerWorker pid=4036245)[0m Configure: feature layer interface disabled
[36m(DreamerWorker pid=4036245)[0m Configure: score interface disabled
[36m(DreamerWorker pid=4036245)[0m Configure: render interface disabled
[36m(DreamerWorker pid=4036245)[0m Launching next game.
[36m(DreamerWorker pid=4036245)[0m Next launch phase started: 2
[36m(DreamerWorker pid=4036245)[0m Next launch phase started: 3
[36m(DreamerWorker pid=4036245)[0m Next launch phase started: 4
[36m(DreamerWorker pid=4036245)[0m Next launch phase started: 5
[36m(DreamerWorker pid=4036245)[0m Next launch phase started: 6
[36m(DreamerWorker pid=4036245)[0m Next launch phase started: 7
[36m(DreamerWorker pid=4036245)[0m Next launch phase started: 8
[36m(DreamerWorker pid=4036245)[0m Game has started.
[36m(DreamerWorker pid=4036245)[0m Using default stable ids, none found at: /home/razshmue/StarCraftII/stableid.json
[36m(DreamerWorker pid=4036245)[0m Successfully loaded stable ids: GameData\stableid.json
[36m(DreamerWorker pid=4036245)[0m Sending ResponseJoinGame
[36m(DreamerWorker pid=4036249)[0m Version: B75689 (SC2.4.10)
[36m(DreamerWorker pid=4036249)[0m Build: Aug 12 2019 17:16:57
[36m(DreamerWorker pid=4036249)[0m Command Line: '"/home/razshmue/StarCraftII/Versions/Base75689/SC2_x64" -listen 127.0.0.1 -port 38013 -dataDir /home/razshmue/StarCraftII/ -tempDir /tmp/sc-h1lqblb1/'
[36m(DreamerWorker pid=4036249)[0m Starting up...
[36m(DreamerWorker pid=4036249)[0m Startup Phase 1 complete
[36m(DreamerWorker pid=4036249)[0m Startup Phase 2 complete
[36m(DreamerWorker pid=4036249)[0m Creating stub renderer...
[36m(DreamerWorker pid=4036249)[0m Listening on: 127.0.0.1:38013
[36m(DreamerWorker pid=4036249)[0m Startup Phase 3 complete. Ready for commands.
[36m(DreamerWorker pid=4036249)[0m ConnectHandler: Request from 127.0.0.1:54896 accepted
[36m(DreamerWorker pid=4036249)[0m ReadyHandler: 127.0.0.1:54896 ready
[36m(DreamerWorker pid=4036249)[0m Requesting to join a single player game
[36m(DreamerWorker pid=4036249)[0m Configuring interface options
[36m(DreamerWorker pid=4036249)[0m Configure: raw interface enabled
[36m(DreamerWorker pid=4036249)[0m Configure: feature layer interface disabled
[36m(DreamerWorker pid=4036249)[0m Configure: score interface disabled
[36m(DreamerWorker pid=4036249)[0m Configure: render interface disabled
[36m(DreamerWorker pid=4036249)[0m Launching next game.
[36m(DreamerWorker pid=4036249)[0m Next launch phase started: 2
[36m(DreamerWorker pid=4036249)[0m Next launch phase started: 3
[36m(DreamerWorker pid=4036249)[0m Next launch phase started: 4
[36m(DreamerWorker pid=4036249)[0m Next launch phase started: 5
[36m(DreamerWorker pid=4036249)[0m Next launch phase started: 6
[36m(DreamerWorker pid=4036249)[0m Next launch phase started: 7
[36m(DreamerWorker pid=4036249)[0m Next launch phase started: 8
[36m(DreamerWorker pid=4036249)[0m Game has started.
[36m(DreamerWorker pid=4036249)[0m Using default stable ids, none found at: /home/razshmue/StarCraftII/stableid.json
[36m(DreamerWorker pid=4036249)[0m Successfully loaded stable ids: GameData\stableid.json
[36m(DreamerWorker pid=4036249)[0m Sending ResponseJoinGame
[36m(DreamerWorker pid=4036245)[0m Version: B75689 (SC2.4.10)
[36m(DreamerWorker pid=4036245)[0m Build: Aug 12 2019 17:16:57
[36m(DreamerWorker pid=4036245)[0m Command Line: '"/home/razshmue/StarCraftII/Versions/Base75689/SC2_x64" -listen 127.0.0.1 -port 46235 -dataDir /home/razshmue/StarCraftII/ -tempDir /tmp/sc-rywc6v_8/'
[36m(DreamerWorker pid=4036245)[0m Starting up...
[36m(DreamerWorker pid=4036245)[0m Startup Phase 1 complete
[36m(DreamerWorker pid=4036245)[0m Startup Phase 2 complete
[36m(DreamerWorker pid=4036245)[0m Creating stub renderer...
[36m(DreamerWorker pid=4036245)[0m Listening on: 127.0.0.1:46235
[36m(DreamerWorker pid=4036245)[0m Startup Phase 3 complete. Ready for commands.
[36m(DreamerWorker pid=4036245)[0m ConnectHandler: Request from 127.0.0.1:42676 accepted
[36m(DreamerWorker pid=4036245)[0m ReadyHandler: 127.0.0.1:42676 ready
[36m(DreamerWorker pid=4036245)[0m Requesting to join a single player game
[36m(DreamerWorker pid=4036245)[0m Configuring interface options
[36m(DreamerWorker pid=4036245)[0m Configure: raw interface enabled
[36m(DreamerWorker pid=4036245)[0m Configure: feature layer interface disabled
[36m(DreamerWorker pid=4036245)[0m Configure: score interface disabled
[36m(DreamerWorker pid=4036245)[0m Configure: render interface disabled
[36m(DreamerWorker pid=4036245)[0m Launching next game.
[36m(DreamerWorker pid=4036245)[0m Next launch phase started: 2
[36m(DreamerWorker pid=4036245)[0m Next launch phase started: 3
[36m(DreamerWorker pid=4036245)[0m Next launch phase started: 4
[36m(DreamerWorker pid=4036245)[0m Next launch phase started: 5
[36m(DreamerWorker pid=4036245)[0m Next launch phase started: 6
[36m(DreamerWorker pid=4036245)[0m Next launch phase started: 7
[36m(DreamerWorker pid=4036245)[0m Next launch phase started: 8
[36m(DreamerWorker pid=4036245)[0m Game has started.
[36m(DreamerWorker pid=4036245)[0m Using default stable ids, none found at: /home/razshmue/StarCraftII/stableid.json
[36m(DreamerWorker pid=4036245)[0m Successfully loaded stable ids: GameData\stableid.json
[36m(DreamerWorker pid=4036245)[0m Sending ResponseJoinGame
[36m(DreamerWorker pid=4036249)[0m Version: B75689 (SC2.4.10)
[36m(DreamerWorker pid=4036249)[0m Build: Aug 12 2019 17:16:57
[36m(DreamerWorker pid=4036249)[0m Command Line: '"/home/razshmue/StarCraftII/Versions/Base75689/SC2_x64" -listen 127.0.0.1 -port 46033 -dataDir /home/razshmue/StarCraftII/ -tempDir /tmp/sc-vfj3vj5w/'
[36m(DreamerWorker pid=4036249)[0m Starting up...
[36m(DreamerWorker pid=4036249)[0m Startup Phase 1 complete
[36m(DreamerWorker pid=4036249)[0m Startup Phase 2 complete
[36m(DreamerWorker pid=4036249)[0m Creating stub renderer...
[36m(DreamerWorker pid=4036249)[0m Listening on: 127.0.0.1:46033
[36m(DreamerWorker pid=4036249)[0m Startup Phase 3 complete. Ready for commands.
[36m(DreamerWorker pid=4036249)[0m ConnectHandler: Request from 127.0.0.1:46154 accepted
[36m(DreamerWorker pid=4036249)[0m ReadyHandler: 127.0.0.1:46154 ready
[36m(DreamerWorker pid=4036249)[0m Requesting to join a single player game
[36m(DreamerWorker pid=4036249)[0m Configuring interface options
[36m(DreamerWorker pid=4036249)[0m Configure: raw interface enabled
[36m(DreamerWorker pid=4036249)[0m Configure: feature layer interface disabled
[36m(DreamerWorker pid=4036249)[0m Configure: score interface disabled
[36m(DreamerWorker pid=4036249)[0m Configure: render interface disabled
[36m(DreamerWorker pid=4036249)[0m Launching next game.
[36m(DreamerWorker pid=4036249)[0m Next launch phase started: 2
[36m(DreamerWorker pid=4036249)[0m Next launch phase started: 3
[36m(DreamerWorker pid=4036249)[0m Next launch phase started: 4
[36m(DreamerWorker pid=4036249)[0m Next launch phase started: 5
[36m(DreamerWorker pid=4036249)[0m Next launch phase started: 6
[36m(DreamerWorker pid=4036249)[0m Next launch phase started: 7
[36m(DreamerWorker pid=4036249)[0m Next launch phase started: 8
[36m(DreamerWorker pid=4036249)[0m Game has started.
[36m(DreamerWorker pid=4036249)[0m Using default stable ids, none found at: /home/razshmue/StarCraftII/stableid.json
[36m(DreamerWorker pid=4036249)[0m Successfully loaded stable ids: GameData\stableid.json
[36m(DreamerWorker pid=4036249)[0m Sending ResponseJoinGame
[36m(DreamerWorker pid=4036245)[0m Version: B75689 (SC2.4.10)
[36m(DreamerWorker pid=4036245)[0m Build: Aug 12 2019 17:16:57
[36m(DreamerWorker pid=4036245)[0m Command Line: '"/home/razshmue/StarCraftII/Versions/Base75689/SC2_x64" -listen 127.0.0.1 -port 33687 -dataDir /home/razshmue/StarCraftII/ -tempDir /tmp/sc-dbrgw1r1/'
[36m(DreamerWorker pid=4036245)[0m Starting up...
[36m(DreamerWorker pid=4036245)[0m Startup Phase 1 complete
[36m(DreamerWorker pid=4036245)[0m Startup Phase 2 complete
[36m(DreamerWorker pid=4036245)[0m Creating stub renderer...
[36m(DreamerWorker pid=4036245)[0m Listening on: 127.0.0.1:33687
[36m(DreamerWorker pid=4036245)[0m Startup Phase 3 complete. Ready for commands.
[36m(DreamerWorker pid=4036245)[0m ConnectHandler: Request from 127.0.0.1:53534 accepted
[36m(DreamerWorker pid=4036245)[0m ReadyHandler: 127.0.0.1:53534 ready
[36m(DreamerWorker pid=4036245)[0m Requesting to join a single player game
[36m(DreamerWorker pid=4036245)[0m Configuring interface options
[36m(DreamerWorker pid=4036245)[0m Configure: raw interface enabled
[36m(DreamerWorker pid=4036245)[0m Configure: feature layer interface disabled
[36m(DreamerWorker pid=4036245)[0m Configure: score interface disabled
[36m(DreamerWorker pid=4036245)[0m Configure: render interface disabled
[36m(DreamerWorker pid=4036245)[0m Launching next game.
[36m(DreamerWorker pid=4036245)[0m Next launch phase started: 2
[36m(DreamerWorker pid=4036245)[0m Next launch phase started: 3
[36m(DreamerWorker pid=4036245)[0m Next launch phase started: 4
[36m(DreamerWorker pid=4036245)[0m Next launch phase started: 5
[36m(DreamerWorker pid=4036245)[0m Next launch phase started: 6
[36m(DreamerWorker pid=4036245)[0m Next launch phase started: 7
[36m(DreamerWorker pid=4036245)[0m Next launch phase started: 8
[36m(DreamerWorker pid=4036245)[0m Game has started.
[36m(DreamerWorker pid=4036245)[0m Using default stable ids, none found at: /home/razshmue/StarCraftII/stableid.json
[36m(DreamerWorker pid=4036245)[0m Successfully loaded stable ids: GameData\stableid.json
[36m(DreamerWorker pid=4036245)[0m Sending ResponseJoinGame
[36m(DreamerWorker pid=4036249)[0m Version: B75689 (SC2.4.10)
[36m(DreamerWorker pid=4036249)[0m Build: Aug 12 2019 17:16:57
[36m(DreamerWorker pid=4036249)[0m Command Line: '"/home/razshmue/StarCraftII/Versions/Base75689/SC2_x64" -listen 127.0.0.1 -port 38159 -dataDir /home/razshmue/StarCraftII/ -tempDir /tmp/sc-3fn7ftn6/'
[36m(DreamerWorker pid=4036249)[0m Starting up...
[36m(DreamerWorker pid=4036249)[0m Startup Phase 1 complete
[36m(DreamerWorker pid=4036249)[0m Startup Phase 2 complete
[36m(DreamerWorker pid=4036249)[0m Creating stub renderer...
[36m(DreamerWorker pid=4036249)[0m Listening on: 127.0.0.1:38159
[36m(DreamerWorker pid=4036249)[0m Startup Phase 3 complete. Ready for commands.
[36m(DreamerWorker pid=4036249)[0m ConnectHandler: Request from 127.0.0.1:46616 accepted
[36m(DreamerWorker pid=4036249)[0m ReadyHandler: 127.0.0.1:46616 ready
[36m(DreamerWorker pid=4036249)[0m Requesting to join a single player game
[36m(DreamerWorker pid=4036249)[0m Configuring interface options
[36m(DreamerWorker pid=4036249)[0m Configure: raw interface enabled
[36m(DreamerWorker pid=4036249)[0m Configure: feature layer interface disabled
[36m(DreamerWorker pid=4036249)[0m Configure: score interface disabled
[36m(DreamerWorker pid=4036249)[0m Configure: render interface disabled
[36m(DreamerWorker pid=4036249)[0m Launching next game.
[36m(DreamerWorker pid=4036249)[0m Next launch phase started: 2
[36m(DreamerWorker pid=4036249)[0m Next launch phase started: 3
[36m(DreamerWorker pid=4036249)[0m Next launch phase started: 4
[36m(DreamerWorker pid=4036249)[0m Next launch phase started: 5
[36m(DreamerWorker pid=4036249)[0m Next launch phase started: 6
[36m(DreamerWorker pid=4036249)[0m Next launch phase started: 7
[36m(DreamerWorker pid=4036249)[0m Next launch phase started: 8
[36m(DreamerWorker pid=4036249)[0m Game has started.
[36m(DreamerWorker pid=4036249)[0m Using default stable ids, none found at: /home/razshmue/StarCraftII/stableid.json
[36m(DreamerWorker pid=4036249)[0m Successfully loaded stable ids: GameData\stableid.json
[36m(DreamerWorker pid=4036249)[0m Sending ResponseJoinGame
[36m(DreamerWorker pid=4036245)[0m Version: B75689 (SC2.4.10)
[36m(DreamerWorker pid=4036245)[0m Build: Aug 12 2019 17:16:57
[36m(DreamerWorker pid=4036245)[0m Command Line: '"/home/razshmue/StarCraftII/Versions/Base75689/SC2_x64" -listen 127.0.0.1 -port 41937 -dataDir /home/razshmue/StarCraftII/ -tempDir /tmp/sc-3tlc7xew/'
[36m(DreamerWorker pid=4036245)[0m Starting up...
[36m(DreamerWorker pid=4036245)[0m Startup Phase 1 complete
[36m(DreamerWorker pid=4036245)[0m Startup Phase 2 complete
[36m(DreamerWorker pid=4036245)[0m Creating stub renderer...
[36m(DreamerWorker pid=4036245)[0m Listening on: 127.0.0.1:41937
[36m(DreamerWorker pid=4036245)[0m Startup Phase 3 complete. Ready for commands.
[36m(DreamerWorker pid=4036245)[0m ConnectHandler: Request from 127.0.0.1:53222 accepted
[36m(DreamerWorker pid=4036245)[0m ReadyHandler: 127.0.0.1:53222 ready
[36m(DreamerWorker pid=4036245)[0m Requesting to join a single player game
[36m(DreamerWorker pid=4036245)[0m Configuring interface options
[36m(DreamerWorker pid=4036245)[0m Configure: raw interface enabled
[36m(DreamerWorker pid=4036245)[0m Configure: feature layer interface disabled
[36m(DreamerWorker pid=4036245)[0m Configure: score interface disabled
[36m(DreamerWorker pid=4036245)[0m Configure: render interface disabled
[36m(DreamerWorker pid=4036245)[0m Launching next game.
[36m(DreamerWorker pid=4036245)[0m Next launch phase started: 2
[36m(DreamerWorker pid=4036245)[0m Next launch phase started: 3
[36m(DreamerWorker pid=4036245)[0m Next launch phase started: 4
[36m(DreamerWorker pid=4036245)[0m Next launch phase started: 5
[36m(DreamerWorker pid=4036245)[0m Next launch phase started: 6
[36m(DreamerWorker pid=4036245)[0m Next launch phase started: 7
[36m(DreamerWorker pid=4036245)[0m Next launch phase started: 8
[36m(DreamerWorker pid=4036245)[0m Game has started.
[36m(DreamerWorker pid=4036245)[0m Using default stable ids, none found at: /home/razshmue/StarCraftII/stableid.json
[36m(DreamerWorker pid=4036245)[0m Successfully loaded stable ids: GameData\stableid.json
[36m(DreamerWorker pid=4036245)[0m Sending ResponseJoinGame
[36m(DreamerWorker pid=4036249)[0m Version: B75689 (SC2.4.10)
[36m(DreamerWorker pid=4036249)[0m Build: Aug 12 2019 17:16:57
[36m(DreamerWorker pid=4036249)[0m Command Line: '"/home/razshmue/StarCraftII/Versions/Base75689/SC2_x64" -listen 127.0.0.1 -port 39153 -dataDir /home/razshmue/StarCraftII/ -tempDir /tmp/sc-xn593j_p/'
[36m(DreamerWorker pid=4036249)[0m Starting up...
[36m(DreamerWorker pid=4036249)[0m Startup Phase 1 complete
[36m(DreamerWorker pid=4036249)[0m Startup Phase 2 complete
[36m(DreamerWorker pid=4036249)[0m Creating stub renderer...
[36m(DreamerWorker pid=4036249)[0m Listening on: 127.0.0.1:39153
[36m(DreamerWorker pid=4036249)[0m Startup Phase 3 complete. Ready for commands.
[36m(DreamerWorker pid=4036249)[0m ConnectHandler: Request from 127.0.0.1:34406 accepted
[36m(DreamerWorker pid=4036249)[0m ReadyHandler: 127.0.0.1:34406 ready
[36m(DreamerWorker pid=4036249)[0m Requesting to join a single player game
[36m(DreamerWorker pid=4036249)[0m Configuring interface options
[36m(DreamerWorker pid=4036249)[0m Configure: raw interface enabled
[36m(DreamerWorker pid=4036249)[0m Configure: feature layer interface disabled
[36m(DreamerWorker pid=4036249)[0m Configure: score interface disabled
[36m(DreamerWorker pid=4036249)[0m Configure: render interface disabled
[36m(DreamerWorker pid=4036249)[0m Launching next game.
[36m(DreamerWorker pid=4036249)[0m Next launch phase started: 2
[36m(DreamerWorker pid=4036249)[0m Next launch phase started: 3
[36m(DreamerWorker pid=4036249)[0m Next launch phase started: 4
[36m(DreamerWorker pid=4036249)[0m Next launch phase started: 5
[36m(DreamerWorker pid=4036249)[0m Next launch phase started: 6
[36m(DreamerWorker pid=4036249)[0m Next launch phase started: 7
[36m(DreamerWorker pid=4036249)[0m Next launch phase started: 8
[36m(DreamerWorker pid=4036249)[0m Game has started.
[36m(DreamerWorker pid=4036249)[0m Using default stable ids, none found at: /home/razshmue/StarCraftII/stableid.json
[36m(DreamerWorker pid=4036249)[0m Successfully loaded stable ids: GameData\stableid.json
[36m(DreamerWorker pid=4036249)[0m Sending ResponseJoinGame
[36m(DreamerWorker pid=4036245)[0m Version: B75689 (SC2.4.10)
[36m(DreamerWorker pid=4036245)[0m Build: Aug 12 2019 17:16:57
[36m(DreamerWorker pid=4036245)[0m Command Line: '"/home/razshmue/StarCraftII/Versions/Base75689/SC2_x64" -listen 127.0.0.1 -port 36173 -dataDir /home/razshmue/StarCraftII/ -tempDir /tmp/sc-282t9yod/'
[36m(DreamerWorker pid=4036245)[0m Starting up...
[36m(DreamerWorker pid=4036245)[0m Startup Phase 1 complete
[36m(DreamerWorker pid=4036245)[0m Startup Phase 2 complete
[36m(DreamerWorker pid=4036245)[0m Creating stub renderer...
[36m(DreamerWorker pid=4036245)[0m Listening on: 127.0.0.1:36173
[36m(DreamerWorker pid=4036245)[0m Startup Phase 3 complete. Ready for commands.
[36m(DreamerWorker pid=4036245)[0m ConnectHandler: Request from 127.0.0.1:55520 accepted
[36m(DreamerWorker pid=4036245)[0m ReadyHandler: 127.0.0.1:55520 ready
[36m(DreamerWorker pid=4036245)[0m Requesting to join a single player game
[36m(DreamerWorker pid=4036245)[0m Configuring interface options
[36m(DreamerWorker pid=4036245)[0m Configure: raw interface enabled
[36m(DreamerWorker pid=4036245)[0m Configure: feature layer interface disabled
[36m(DreamerWorker pid=4036245)[0m Configure: score interface disabled
[36m(DreamerWorker pid=4036245)[0m Configure: render interface disabled
[36m(DreamerWorker pid=4036245)[0m Launching next game.
[36m(DreamerWorker pid=4036245)[0m Next launch phase started: 2
[36m(DreamerWorker pid=4036245)[0m Next launch phase started: 3
[36m(DreamerWorker pid=4036245)[0m Next launch phase started: 4
[36m(DreamerWorker pid=4036245)[0m Next launch phase started: 5
[36m(DreamerWorker pid=4036245)[0m Next launch phase started: 6
[36m(DreamerWorker pid=4036245)[0m Next launch phase started: 7
[36m(DreamerWorker pid=4036245)[0m Next launch phase started: 8
[36m(DreamerWorker pid=4036245)[0m Game has started.
[36m(DreamerWorker pid=4036245)[0m Using default stable ids, none found at: /home/razshmue/StarCraftII/stableid.json
[36m(DreamerWorker pid=4036245)[0m Successfully loaded stable ids: GameData\stableid.json
[36m(DreamerWorker pid=4036245)[0m Sending ResponseJoinGame
[36m(DreamerWorker pid=4036249)[0m Version: B75689 (SC2.4.10)
[36m(DreamerWorker pid=4036249)[0m Build: Aug 12 2019 17:16:57
[36m(DreamerWorker pid=4036249)[0m Command Line: '"/home/razshmue/StarCraftII/Versions/Base75689/SC2_x64" -listen 127.0.0.1 -port 33533 -dataDir /home/razshmue/StarCraftII/ -tempDir /tmp/sc-vobds1av/'
[36m(DreamerWorker pid=4036249)[0m Starting up...
[36m(DreamerWorker pid=4036249)[0m Startup Phase 1 complete
[36m(DreamerWorker pid=4036249)[0m Startup Phase 2 complete
[36m(DreamerWorker pid=4036249)[0m Creating stub renderer...
[36m(DreamerWorker pid=4036249)[0m Listening on: 127.0.0.1:33533
[36m(DreamerWorker pid=4036249)[0m Startup Phase 3 complete. Ready for commands.
[36m(DreamerWorker pid=4036249)[0m ConnectHandler: Request from 127.0.0.1:59300 accepted
[36m(DreamerWorker pid=4036249)[0m ReadyHandler: 127.0.0.1:59300 ready
[36m(DreamerWorker pid=4036249)[0m Requesting to join a single player game
[36m(DreamerWorker pid=4036249)[0m Configuring interface options
[36m(DreamerWorker pid=4036249)[0m Configure: raw interface enabled
[36m(DreamerWorker pid=4036249)[0m Configure: feature layer interface disabled
[36m(DreamerWorker pid=4036249)[0m Configure: score interface disabled
[36m(DreamerWorker pid=4036249)[0m Configure: render interface disabled
[36m(DreamerWorker pid=4036249)[0m Launching next game.
[36m(DreamerWorker pid=4036249)[0m Next launch phase started: 2
[36m(DreamerWorker pid=4036249)[0m Next launch phase started: 3
[36m(DreamerWorker pid=4036249)[0m Next launch phase started: 4
[36m(DreamerWorker pid=4036249)[0m Next launch phase started: 5
[36m(DreamerWorker pid=4036249)[0m Next launch phase started: 6
[36m(DreamerWorker pid=4036249)[0m Next launch phase started: 7
[36m(DreamerWorker pid=4036249)[0m Next launch phase started: 8
[36m(DreamerWorker pid=4036249)[0m Game has started.
[36m(DreamerWorker pid=4036249)[0m Using default stable ids, none found at: /home/razshmue/StarCraftII/stableid.json
[36m(DreamerWorker pid=4036249)[0m Successfully loaded stable ids: GameData\stableid.json
[36m(DreamerWorker pid=4036249)[0m Sending ResponseJoinGame
[36m(DreamerWorker pid=4036245)[0m Version: B75689 (SC2.4.10)
[36m(DreamerWorker pid=4036245)[0m Build: Aug 12 2019 17:16:57
[36m(DreamerWorker pid=4036245)[0m Command Line: '"/home/razshmue/StarCraftII/Versions/Base75689/SC2_x64" -listen 127.0.0.1 -port 39445 -dataDir /home/razshmue/StarCraftII/ -tempDir /tmp/sc-ekgh14tq/'
[36m(DreamerWorker pid=4036245)[0m Starting up...
[36m(DreamerWorker pid=4036245)[0m Startup Phase 1 complete
[36m(DreamerWorker pid=4036245)[0m Startup Phase 2 complete
[36m(DreamerWorker pid=4036245)[0m Creating stub renderer...
[36m(DreamerWorker pid=4036245)[0m Listening on: 127.0.0.1:39445
[36m(DreamerWorker pid=4036245)[0m Startup Phase 3 complete. Ready for commands.
[36m(DreamerWorker pid=4036245)[0m ConnectHandler: Request from 127.0.0.1:36736 accepted
[36m(DreamerWorker pid=4036245)[0m ReadyHandler: 127.0.0.1:36736 ready
[36m(DreamerWorker pid=4036245)[0m Requesting to join a single player game
[36m(DreamerWorker pid=4036245)[0m Configuring interface options
[36m(DreamerWorker pid=4036245)[0m Configure: raw interface enabled
[36m(DreamerWorker pid=4036245)[0m Configure: feature layer interface disabled
[36m(DreamerWorker pid=4036245)[0m Configure: score interface disabled
[36m(DreamerWorker pid=4036245)[0m Configure: render interface disabled
[36m(DreamerWorker pid=4036245)[0m Launching next game.
[36m(DreamerWorker pid=4036245)[0m Next launch phase started: 2
[36m(DreamerWorker pid=4036245)[0m Next launch phase started: 3
[36m(DreamerWorker pid=4036245)[0m Next launch phase started: 4
[36m(DreamerWorker pid=4036245)[0m Next launch phase started: 5
[36m(DreamerWorker pid=4036245)[0m Next launch phase started: 6
[36m(DreamerWorker pid=4036245)[0m Next launch phase started: 7
[36m(DreamerWorker pid=4036245)[0m Next launch phase started: 8
[36m(DreamerWorker pid=4036245)[0m Game has started.
[36m(DreamerWorker pid=4036245)[0m Using default stable ids, none found at: /home/razshmue/StarCraftII/stableid.json
[36m(DreamerWorker pid=4036245)[0m Successfully loaded stable ids: GameData\stableid.json
[36m(DreamerWorker pid=4036245)[0m Sending ResponseJoinGame
[36m(DreamerWorker pid=4036249)[0m Version: B75689 (SC2.4.10)
[36m(DreamerWorker pid=4036249)[0m Build: Aug 12 2019 17:16:57
[36m(DreamerWorker pid=4036249)[0m Command Line: '"/home/razshmue/StarCraftII/Versions/Base75689/SC2_x64" -listen 127.0.0.1 -port 41293 -dataDir /home/razshmue/StarCraftII/ -tempDir /tmp/sc-p4xiluky/'
[36m(DreamerWorker pid=4036249)[0m Starting up...
[36m(DreamerWorker pid=4036249)[0m Startup Phase 1 complete
[36m(DreamerWorker pid=4036249)[0m Startup Phase 2 complete
[36m(DreamerWorker pid=4036249)[0m Creating stub renderer...
[36m(DreamerWorker pid=4036249)[0m Listening on: 127.0.0.1:41293
[36m(DreamerWorker pid=4036249)[0m Startup Phase 3 complete. Ready for commands.
[36m(DreamerWorker pid=4036249)[0m ConnectHandler: Request from 127.0.0.1:51282 accepted
[36m(DreamerWorker pid=4036249)[0m ReadyHandler: 127.0.0.1:51282 ready
[36m(DreamerWorker pid=4036249)[0m Requesting to join a single player game
[36m(DreamerWorker pid=4036249)[0m Configuring interface options
[36m(DreamerWorker pid=4036249)[0m Configure: raw interface enabled
[36m(DreamerWorker pid=4036249)[0m Configure: feature layer interface disabled
[36m(DreamerWorker pid=4036249)[0m Configure: score interface disabled
[36m(DreamerWorker pid=4036249)[0m Configure: render interface disabled
[36m(DreamerWorker pid=4036249)[0m Launching next game.
[36m(DreamerWorker pid=4036249)[0m Next launch phase started: 2
[36m(DreamerWorker pid=4036249)[0m Next launch phase started: 3
[36m(DreamerWorker pid=4036249)[0m Next launch phase started: 4
[36m(DreamerWorker pid=4036249)[0m Next launch phase started: 5
[36m(DreamerWorker pid=4036249)[0m Next launch phase started: 6
[36m(DreamerWorker pid=4036249)[0m Next launch phase started: 7
[36m(DreamerWorker pid=4036249)[0m Next launch phase started: 8
[36m(DreamerWorker pid=4036249)[0m Game has started.
[36m(DreamerWorker pid=4036249)[0m Using default stable ids, none found at: /home/razshmue/StarCraftII/stableid.json
[36m(DreamerWorker pid=4036249)[0m Successfully loaded stable ids: GameData\stableid.json
[36m(DreamerWorker pid=4036249)[0m Sending ResponseJoinGame
[36m(DreamerWorker pid=4036245)[0m Version: B75689 (SC2.4.10)
[36m(DreamerWorker pid=4036245)[0m Build: Aug 12 2019 17:16:57
[36m(DreamerWorker pid=4036245)[0m Command Line: '"/home/razshmue/StarCraftII/Versions/Base75689/SC2_x64" -listen 127.0.0.1 -port 37203 -dataDir /home/razshmue/StarCraftII/ -tempDir /tmp/sc-je4vy1lp/'
[36m(DreamerWorker pid=4036245)[0m Starting up...
[36m(DreamerWorker pid=4036245)[0m Startup Phase 1 complete
[36m(DreamerWorker pid=4036245)[0m Startup Phase 2 complete
[36m(DreamerWorker pid=4036245)[0m Creating stub renderer...
[36m(DreamerWorker pid=4036245)[0m Listening on: 127.0.0.1:37203
[36m(DreamerWorker pid=4036245)[0m Startup Phase 3 complete. Ready for commands.
[36m(DreamerWorker pid=4036245)[0m ConnectHandler: Request from 127.0.0.1:56974 accepted
[36m(DreamerWorker pid=4036245)[0m ReadyHandler: 127.0.0.1:56974 ready
[36m(DreamerWorker pid=4036245)[0m Requesting to join a single player game
[36m(DreamerWorker pid=4036245)[0m Configuring interface options
[36m(DreamerWorker pid=4036245)[0m Configure: raw interface enabled
[36m(DreamerWorker pid=4036245)[0m Configure: feature layer interface disabled
[36m(DreamerWorker pid=4036245)[0m Configure: score interface disabled
[36m(DreamerWorker pid=4036245)[0m Configure: render interface disabled
[36m(DreamerWorker pid=4036245)[0m Launching next game.
[36m(DreamerWorker pid=4036245)[0m Next launch phase started: 2
[36m(DreamerWorker pid=4036245)[0m Next launch phase started: 3
[36m(DreamerWorker pid=4036245)[0m Next launch phase started: 4
[36m(DreamerWorker pid=4036245)[0m Next launch phase started: 5
[36m(DreamerWorker pid=4036245)[0m Next launch phase started: 6
[36m(DreamerWorker pid=4036245)[0m Next launch phase started: 7
[36m(DreamerWorker pid=4036245)[0m Next launch phase started: 8
[36m(DreamerWorker pid=4036245)[0m Game has started.
[36m(DreamerWorker pid=4036245)[0m Using default stable ids, none found at: /home/razshmue/StarCraftII/stableid.json
[36m(DreamerWorker pid=4036245)[0m Successfully loaded stable ids: GameData\stableid.json
[36m(DreamerWorker pid=4036245)[0m Sending ResponseJoinGame
[36m(DreamerWorker pid=4036249)[0m Version: B75689 (SC2.4.10)
[36m(DreamerWorker pid=4036249)[0m Build: Aug 12 2019 17:16:57
[36m(DreamerWorker pid=4036249)[0m Command Line: '"/home/razshmue/StarCraftII/Versions/Base75689/SC2_x64" -listen 127.0.0.1 -port 45725 -dataDir /home/razshmue/StarCraftII/ -tempDir /tmp/sc-4xkmda46/'
[36m(DreamerWorker pid=4036249)[0m Starting up...
[36m(DreamerWorker pid=4036249)[0m Startup Phase 1 complete
[36m(DreamerWorker pid=4036249)[0m Startup Phase 2 complete
[36m(DreamerWorker pid=4036249)[0m Creating stub renderer...
[36m(DreamerWorker pid=4036249)[0m Listening on: 127.0.0.1:45725
[36m(DreamerWorker pid=4036249)[0m Startup Phase 3 complete. Ready for commands.
[36m(DreamerWorker pid=4036249)[0m ConnectHandler: Request from 127.0.0.1:37520 accepted
[36m(DreamerWorker pid=4036249)[0m ReadyHandler: 127.0.0.1:37520 ready
[36m(DreamerWorker pid=4036249)[0m Requesting to join a single player game
[36m(DreamerWorker pid=4036249)[0m Configuring interface options
[36m(DreamerWorker pid=4036249)[0m Configure: raw interface enabled
[36m(DreamerWorker pid=4036249)[0m Configure: feature layer interface disabled
[36m(DreamerWorker pid=4036249)[0m Configure: score interface disabled
[36m(DreamerWorker pid=4036249)[0m Configure: render interface disabled
[36m(DreamerWorker pid=4036249)[0m Launching next game.
[36m(DreamerWorker pid=4036249)[0m Next launch phase started: 2
[36m(DreamerWorker pid=4036249)[0m Next launch phase started: 3
[36m(DreamerWorker pid=4036249)[0m Next launch phase started: 4
[36m(DreamerWorker pid=4036249)[0m Next launch phase started: 5
[36m(DreamerWorker pid=4036249)[0m Next launch phase started: 6
[36m(DreamerWorker pid=4036249)[0m Next launch phase started: 7
[36m(DreamerWorker pid=4036249)[0m Next launch phase started: 8
[36m(DreamerWorker pid=4036249)[0m Game has started.
[36m(DreamerWorker pid=4036249)[0m Using default stable ids, none found at: /home/razshmue/StarCraftII/stableid.json
[36m(DreamerWorker pid=4036249)[0m Successfully loaded stable ids: GameData\stableid.json
[36m(DreamerWorker pid=4036249)[0m Sending ResponseJoinGame
[36m(DreamerWorker pid=4036245)[0m Version: B75689 (SC2.4.10)
[36m(DreamerWorker pid=4036245)[0m Build: Aug 12 2019 17:16:57
[36m(DreamerWorker pid=4036245)[0m Command Line: '"/home/razshmue/StarCraftII/Versions/Base75689/SC2_x64" -listen 127.0.0.1 -port 36703 -dataDir /home/razshmue/StarCraftII/ -tempDir /tmp/sc-_22hfd7n/'
[36m(DreamerWorker pid=4036245)[0m Starting up...
[36m(DreamerWorker pid=4036245)[0m Startup Phase 1 complete
[36m(DreamerWorker pid=4036245)[0m Startup Phase 2 complete
[36m(DreamerWorker pid=4036245)[0m Creating stub renderer...
[36m(DreamerWorker pid=4036245)[0m Listening on: 127.0.0.1:36703
[36m(DreamerWorker pid=4036245)[0m Startup Phase 3 complete. Ready for commands.
[36m(DreamerWorker pid=4036245)[0m ConnectHandler: Request from 127.0.0.1:36154 accepted
[36m(DreamerWorker pid=4036245)[0m ReadyHandler: 127.0.0.1:36154 ready
[36m(DreamerWorker pid=4036245)[0m Requesting to join a single player game
[36m(DreamerWorker pid=4036245)[0m Configuring interface options
[36m(DreamerWorker pid=4036245)[0m Configure: raw interface enabled
[36m(DreamerWorker pid=4036245)[0m Configure: feature layer interface disabled
[36m(DreamerWorker pid=4036245)[0m Configure: score interface disabled
[36m(DreamerWorker pid=4036245)[0m Configure: render interface disabled
[36m(DreamerWorker pid=4036245)[0m Launching next game.
[36m(DreamerWorker pid=4036245)[0m Next launch phase started: 2
[36m(DreamerWorker pid=4036245)[0m Next launch phase started: 3
[36m(DreamerWorker pid=4036245)[0m Next launch phase started: 4
[36m(DreamerWorker pid=4036245)[0m Next launch phase started: 5
[36m(DreamerWorker pid=4036245)[0m Next launch phase started: 6
[36m(DreamerWorker pid=4036245)[0m Next launch phase started: 7
[36m(DreamerWorker pid=4036245)[0m Next launch phase started: 8
[36m(DreamerWorker pid=4036245)[0m Game has started.
[36m(DreamerWorker pid=4036245)[0m Using default stable ids, none found at: /home/razshmue/StarCraftII/stableid.json
[36m(DreamerWorker pid=4036245)[0m Successfully loaded stable ids: GameData\stableid.json
[36m(DreamerWorker pid=4036245)[0m Sending ResponseJoinGame
[36m(DreamerWorker pid=4036249)[0m Version: B75689 (SC2.4.10)
[36m(DreamerWorker pid=4036249)[0m Build: Aug 12 2019 17:16:57
[36m(DreamerWorker pid=4036249)[0m Command Line: '"/home/razshmue/StarCraftII/Versions/Base75689/SC2_x64" -listen 127.0.0.1 -port 46719 -dataDir /home/razshmue/StarCraftII/ -tempDir /tmp/sc-rz2a6iem/'
[36m(DreamerWorker pid=4036249)[0m Starting up...
[36m(DreamerWorker pid=4036249)[0m Startup Phase 1 complete
[36m(DreamerWorker pid=4036249)[0m Startup Phase 2 complete
[36m(DreamerWorker pid=4036249)[0m Creating stub renderer...
[36m(DreamerWorker pid=4036249)[0m Listening on: 127.0.0.1:46719
[36m(DreamerWorker pid=4036249)[0m Startup Phase 3 complete. Ready for commands.
[36m(DreamerWorker pid=4036249)[0m ConnectHandler: Request from 127.0.0.1:46844 accepted
[36m(DreamerWorker pid=4036249)[0m ReadyHandler: 127.0.0.1:46844 ready
[36m(DreamerWorker pid=4036249)[0m Requesting to join a single player game
[36m(DreamerWorker pid=4036249)[0m Configuring interface options
[36m(DreamerWorker pid=4036249)[0m Configure: raw interface enabled
[36m(DreamerWorker pid=4036249)[0m Configure: feature layer interface disabled
[36m(DreamerWorker pid=4036249)[0m Configure: score interface disabled
[36m(DreamerWorker pid=4036249)[0m Configure: render interface disabled
[36m(DreamerWorker pid=4036249)[0m Launching next game.
[36m(DreamerWorker pid=4036249)[0m Next launch phase started: 2
[36m(DreamerWorker pid=4036249)[0m Next launch phase started: 3
[36m(DreamerWorker pid=4036249)[0m Next launch phase started: 4
[36m(DreamerWorker pid=4036249)[0m Next launch phase started: 5
[36m(DreamerWorker pid=4036249)[0m Next launch phase started: 6
[36m(DreamerWorker pid=4036249)[0m Next launch phase started: 7
[36m(DreamerWorker pid=4036249)[0m Next launch phase started: 8
[36m(DreamerWorker pid=4036249)[0m Game has started.
[36m(DreamerWorker pid=4036249)[0m Using default stable ids, none found at: /home/razshmue/StarCraftII/stableid.json
[36m(DreamerWorker pid=4036249)[0m Successfully loaded stable ids: GameData\stableid.json
[36m(DreamerWorker pid=4036249)[0m Sending ResponseJoinGame
[36m(DreamerWorker pid=4036245)[0m Version: B75689 (SC2.4.10)
[36m(DreamerWorker pid=4036245)[0m Build: Aug 12 2019 17:16:57
[36m(DreamerWorker pid=4036245)[0m Command Line: '"/home/razshmue/StarCraftII/Versions/Base75689/SC2_x64" -listen 127.0.0.1 -port 40685 -dataDir /home/razshmue/StarCraftII/ -tempDir /tmp/sc-fw_h_axn/'
[36m(DreamerWorker pid=4036245)[0m Starting up...
[36m(DreamerWorker pid=4036245)[0m Startup Phase 1 complete
[36m(DreamerWorker pid=4036245)[0m Startup Phase 2 complete
[36m(DreamerWorker pid=4036245)[0m Creating stub renderer...
[36m(DreamerWorker pid=4036245)[0m Listening on: 127.0.0.1:40685
[36m(DreamerWorker pid=4036245)[0m Startup Phase 3 complete. Ready for commands.
[36m(DreamerWorker pid=4036245)[0m ConnectHandler: Request from 127.0.0.1:53696 accepted
[36m(DreamerWorker pid=4036245)[0m ReadyHandler: 127.0.0.1:53696 ready
[36m(DreamerWorker pid=4036245)[0m Requesting to join a single player game
[36m(DreamerWorker pid=4036245)[0m Configuring interface options
[36m(DreamerWorker pid=4036245)[0m Configure: raw interface enabled
[36m(DreamerWorker pid=4036245)[0m Configure: feature layer interface disabled
[36m(DreamerWorker pid=4036245)[0m Configure: score interface disabled
[36m(DreamerWorker pid=4036245)[0m Configure: render interface disabled
[36m(DreamerWorker pid=4036245)[0m Launching next game.
[36m(DreamerWorker pid=4036245)[0m Next launch phase started: 2
[36m(DreamerWorker pid=4036245)[0m Next launch phase started: 3
[36m(DreamerWorker pid=4036245)[0m Next launch phase started: 4
[36m(DreamerWorker pid=4036245)[0m Next launch phase started: 5
[36m(DreamerWorker pid=4036245)[0m Next launch phase started: 6
[36m(DreamerWorker pid=4036245)[0m Next launch phase started: 7
[36m(DreamerWorker pid=4036245)[0m Next launch phase started: 8
[36m(DreamerWorker pid=4036245)[0m Game has started.
[36m(DreamerWorker pid=4036245)[0m Using default stable ids, none found at: /home/razshmue/StarCraftII/stableid.json
[36m(DreamerWorker pid=4036245)[0m Successfully loaded stable ids: GameData\stableid.json
[36m(DreamerWorker pid=4036245)[0m Sending ResponseJoinGame
[36m(DreamerWorker pid=4036245)[0m Deferred error: 536936448 (0x20010000)
[36m(DreamerWorker pid=4036245)[0m Deferred error details: Bad profiling data. TimeMS: 9897344.000000 Conversion: 1.000000e-03
[36m(DreamerWorker pid=4036249)[0m Version: B75689 (SC2.4.10)
[36m(DreamerWorker pid=4036249)[0m Build: Aug 12 2019 17:16:57
[36m(DreamerWorker pid=4036249)[0m Command Line: '"/home/razshmue/StarCraftII/Versions/Base75689/SC2_x64" -listen 127.0.0.1 -port 39441 -dataDir /home/razshmue/StarCraftII/ -tempDir /tmp/sc-yjw322kb/'
[36m(DreamerWorker pid=4036249)[0m Starting up...
[36m(DreamerWorker pid=4036249)[0m Startup Phase 1 complete
[36m(DreamerWorker pid=4036249)[0m Startup Phase 2 complete
[36m(DreamerWorker pid=4036249)[0m Creating stub renderer...
[36m(DreamerWorker pid=4036249)[0m Listening on: 127.0.0.1:39441
[36m(DreamerWorker pid=4036249)[0m Startup Phase 3 complete. Ready for commands.
[36m(DreamerWorker pid=4036249)[0m ConnectHandler: Request from 127.0.0.1:35064 accepted
[36m(DreamerWorker pid=4036249)[0m ReadyHandler: 127.0.0.1:35064 ready
[36m(DreamerWorker pid=4036249)[0m Requesting to join a single player game
[36m(DreamerWorker pid=4036249)[0m Configuring interface options
[36m(DreamerWorker pid=4036249)[0m Configure: raw interface enabled
[36m(DreamerWorker pid=4036249)[0m Configure: feature layer interface disabled
[36m(DreamerWorker pid=4036249)[0m Configure: score interface disabled
[36m(DreamerWorker pid=4036249)[0m Configure: render interface disabled
[36m(DreamerWorker pid=4036249)[0m Launching next game.
[36m(DreamerWorker pid=4036249)[0m Next launch phase started: 2
[36m(DreamerWorker pid=4036249)[0m Next launch phase started: 3
[36m(DreamerWorker pid=4036249)[0m Next launch phase started: 4
[36m(DreamerWorker pid=4036249)[0m Next launch phase started: 5
[36m(DreamerWorker pid=4036249)[0m Next launch phase started: 6
[36m(DreamerWorker pid=4036249)[0m Next launch phase started: 7
[36m(DreamerWorker pid=4036249)[0m Next launch phase started: 8
[36m(DreamerWorker pid=4036249)[0m Game has started.
[36m(DreamerWorker pid=4036249)[0m Using default stable ids, none found at: /home/razshmue/StarCraftII/stableid.json
[36m(DreamerWorker pid=4036249)[0m Successfully loaded stable ids: GameData\stableid.json
[36m(DreamerWorker pid=4036249)[0m Sending ResponseJoinGame
[36m(DreamerWorker pid=4036245)[0m Version: B75689 (SC2.4.10)
[36m(DreamerWorker pid=4036245)[0m Build: Aug 12 2019 17:16:57
[36m(DreamerWorker pid=4036245)[0m Command Line: '"/home/razshmue/StarCraftII/Versions/Base75689/SC2_x64" -listen 127.0.0.1 -port 36083 -dataDir /home/razshmue/StarCraftII/ -tempDir /tmp/sc-lvu2veve/'
[36m(DreamerWorker pid=4036245)[0m Starting up...
[36m(DreamerWorker pid=4036245)[0m Startup Phase 1 complete
[36m(DreamerWorker pid=4036245)[0m Startup Phase 2 complete
[36m(DreamerWorker pid=4036245)[0m Creating stub renderer...
[36m(DreamerWorker pid=4036245)[0m Listening on: 127.0.0.1:36083
[36m(DreamerWorker pid=4036245)[0m Startup Phase 3 complete. Ready for commands.
[36m(DreamerWorker pid=4036245)[0m ConnectHandler: Request from 127.0.0.1:45964 accepted
[36m(DreamerWorker pid=4036245)[0m ReadyHandler: 127.0.0.1:45964 ready
[36m(DreamerWorker pid=4036245)[0m Requesting to join a single player game
[36m(DreamerWorker pid=4036245)[0m Configuring interface options
[36m(DreamerWorker pid=4036245)[0m Configure: raw interface enabled
[36m(DreamerWorker pid=4036245)[0m Configure: feature layer interface disabled
[36m(DreamerWorker pid=4036245)[0m Configure: score interface disabled
[36m(DreamerWorker pid=4036245)[0m Configure: render interface disabled
[36m(DreamerWorker pid=4036245)[0m Launching next game.
[36m(DreamerWorker pid=4036245)[0m Next launch phase started: 2
[36m(DreamerWorker pid=4036245)[0m Next launch phase started: 3
[36m(DreamerWorker pid=4036245)[0m Next launch phase started: 4
[36m(DreamerWorker pid=4036245)[0m Next launch phase started: 5
[36m(DreamerWorker pid=4036245)[0m Next launch phase started: 6
[36m(DreamerWorker pid=4036245)[0m Next launch phase started: 7
[36m(DreamerWorker pid=4036245)[0m Next launch phase started: 8
[36m(DreamerWorker pid=4036245)[0m Game has started.
[36m(DreamerWorker pid=4036245)[0m Using default stable ids, none found at: /home/razshmue/StarCraftII/stableid.json
[36m(DreamerWorker pid=4036245)[0m Successfully loaded stable ids: GameData\stableid.json
[36m(DreamerWorker pid=4036245)[0m Sending ResponseJoinGame
[36m(DreamerWorker pid=4036249)[0m Version: B75689 (SC2.4.10)
[36m(DreamerWorker pid=4036249)[0m Build: Aug 12 2019 17:16:57
[36m(DreamerWorker pid=4036249)[0m Command Line: '"/home/razshmue/StarCraftII/Versions/Base75689/SC2_x64" -listen 127.0.0.1 -port 46407 -dataDir /home/razshmue/StarCraftII/ -tempDir /tmp/sc-z2qf4dmu/'
[36m(DreamerWorker pid=4036249)[0m Starting up...
[36m(DreamerWorker pid=4036249)[0m Startup Phase 1 complete
[36m(DreamerWorker pid=4036249)[0m Startup Phase 2 complete
[36m(DreamerWorker pid=4036249)[0m Creating stub renderer...
[36m(DreamerWorker pid=4036249)[0m Listening on: 127.0.0.1:46407
[36m(DreamerWorker pid=4036249)[0m Startup Phase 3 complete. Ready for commands.
[36m(DreamerWorker pid=4036249)[0m ConnectHandler: Request from 127.0.0.1:57938 accepted
[36m(DreamerWorker pid=4036249)[0m ReadyHandler: 127.0.0.1:57938 ready
[36m(DreamerWorker pid=4036249)[0m Requesting to join a single player game
[36m(DreamerWorker pid=4036249)[0m Configuring interface options
[36m(DreamerWorker pid=4036249)[0m Configure: raw interface enabled
[36m(DreamerWorker pid=4036249)[0m Configure: feature layer interface disabled
[36m(DreamerWorker pid=4036249)[0m Configure: score interface disabled
[36m(DreamerWorker pid=4036249)[0m Configure: render interface disabled
[36m(DreamerWorker pid=4036249)[0m Launching next game.
[36m(DreamerWorker pid=4036249)[0m Next launch phase started: 2
[36m(DreamerWorker pid=4036249)[0m Next launch phase started: 3
[36m(DreamerWorker pid=4036249)[0m Next launch phase started: 4
[36m(DreamerWorker pid=4036249)[0m Next launch phase started: 5
[36m(DreamerWorker pid=4036249)[0m Next launch phase started: 6
[36m(DreamerWorker pid=4036249)[0m Next launch phase started: 7
[36m(DreamerWorker pid=4036249)[0m Next launch phase started: 8
[36m(DreamerWorker pid=4036249)[0m Game has started.
[36m(DreamerWorker pid=4036249)[0m Using default stable ids, none found at: /home/razshmue/StarCraftII/stableid.json
[36m(DreamerWorker pid=4036249)[0m Successfully loaded stable ids: GameData\stableid.json
[36m(DreamerWorker pid=4036249)[0m Sending ResponseJoinGame
[36m(DreamerWorker pid=4036245)[0m Version: B75689 (SC2.4.10)
[36m(DreamerWorker pid=4036245)[0m Build: Aug 12 2019 17:16:57
[36m(DreamerWorker pid=4036245)[0m Command Line: '"/home/razshmue/StarCraftII/Versions/Base75689/SC2_x64" -listen 127.0.0.1 -port 37731 -dataDir /home/razshmue/StarCraftII/ -tempDir /tmp/sc-u4vsdkjt/'
[36m(DreamerWorker pid=4036245)[0m Starting up...
[36m(DreamerWorker pid=4036245)[0m Startup Phase 1 complete
[36m(DreamerWorker pid=4036245)[0m Startup Phase 2 complete
[36m(DreamerWorker pid=4036245)[0m Creating stub renderer...
[36m(DreamerWorker pid=4036245)[0m Listening on: 127.0.0.1:37731
[36m(DreamerWorker pid=4036245)[0m Startup Phase 3 complete. Ready for commands.
[36m(DreamerWorker pid=4036245)[0m ConnectHandler: Request from 127.0.0.1:52478 accepted
[36m(DreamerWorker pid=4036245)[0m ReadyHandler: 127.0.0.1:52478 ready
[36m(DreamerWorker pid=4036245)[0m Requesting to join a single player game
[36m(DreamerWorker pid=4036245)[0m Configuring interface options
[36m(DreamerWorker pid=4036245)[0m Configure: raw interface enabled
[36m(DreamerWorker pid=4036245)[0m Configure: feature layer interface disabled
[36m(DreamerWorker pid=4036245)[0m Configure: score interface disabled
[36m(DreamerWorker pid=4036245)[0m Configure: render interface disabled
[36m(DreamerWorker pid=4036245)[0m Launching next game.
[36m(DreamerWorker pid=4036245)[0m Next launch phase started: 2
[36m(DreamerWorker pid=4036245)[0m Next launch phase started: 3
[36m(DreamerWorker pid=4036245)[0m Next launch phase started: 4
[36m(DreamerWorker pid=4036245)[0m Next launch phase started: 5
[36m(DreamerWorker pid=4036245)[0m Next launch phase started: 6
[36m(DreamerWorker pid=4036245)[0m Next launch phase started: 7
[36m(DreamerWorker pid=4036245)[0m Next launch phase started: 8
[36m(DreamerWorker pid=4036245)[0m Game has started.
[36m(DreamerWorker pid=4036245)[0m Using default stable ids, none found at: /home/razshmue/StarCraftII/stableid.json
[36m(DreamerWorker pid=4036245)[0m Successfully loaded stable ids: GameData\stableid.json
[36m(DreamerWorker pid=4036245)[0m Sending ResponseJoinGame
[36m(DreamerWorker pid=4036249)[0m Version: B75689 (SC2.4.10)
[36m(DreamerWorker pid=4036249)[0m Build: Aug 12 2019 17:16:57
[36m(DreamerWorker pid=4036249)[0m Command Line: '"/home/razshmue/StarCraftII/Versions/Base75689/SC2_x64" -listen 127.0.0.1 -port 41135 -dataDir /home/razshmue/StarCraftII/ -tempDir /tmp/sc-wc5wfgmw/'
[36m(DreamerWorker pid=4036249)[0m Starting up...
[36m(DreamerWorker pid=4036249)[0m Startup Phase 1 complete
[36m(DreamerWorker pid=4036249)[0m Startup Phase 2 complete
[36m(DreamerWorker pid=4036249)[0m Creating stub renderer...
[36m(DreamerWorker pid=4036249)[0m Listening on: 127.0.0.1:41135
[36m(DreamerWorker pid=4036249)[0m Startup Phase 3 complete. Ready for commands.
[36m(DreamerWorker pid=4036249)[0m ConnectHandler: Request from 127.0.0.1:38416 accepted
[36m(DreamerWorker pid=4036249)[0m ReadyHandler: 127.0.0.1:38416 ready
[36m(DreamerWorker pid=4036249)[0m Requesting to join a single player game
[36m(DreamerWorker pid=4036249)[0m Configuring interface options
[36m(DreamerWorker pid=4036249)[0m Configure: raw interface enabled
[36m(DreamerWorker pid=4036249)[0m Configure: feature layer interface disabled
[36m(DreamerWorker pid=4036249)[0m Configure: score interface disabled
[36m(DreamerWorker pid=4036249)[0m Configure: render interface disabled
[36m(DreamerWorker pid=4036249)[0m Launching next game.
[36m(DreamerWorker pid=4036249)[0m Next launch phase started: 2
[36m(DreamerWorker pid=4036249)[0m Next launch phase started: 3
[36m(DreamerWorker pid=4036249)[0m Next launch phase started: 4
[36m(DreamerWorker pid=4036249)[0m Next launch phase started: 5
[36m(DreamerWorker pid=4036249)[0m Next launch phase started: 6
[36m(DreamerWorker pid=4036249)[0m Next launch phase started: 7
[36m(DreamerWorker pid=4036249)[0m Next launch phase started: 8
[36m(DreamerWorker pid=4036249)[0m Game has started.
[36m(DreamerWorker pid=4036249)[0m Using default stable ids, none found at: /home/razshmue/StarCraftII/stableid.json
[36m(DreamerWorker pid=4036249)[0m Successfully loaded stable ids: GameData\stableid.json
[36m(DreamerWorker pid=4036249)[0m Sending ResponseJoinGame
[36m(DreamerWorker pid=4036245)[0m Version: B75689 (SC2.4.10)
[36m(DreamerWorker pid=4036245)[0m Build: Aug 12 2019 17:16:57
[36m(DreamerWorker pid=4036245)[0m Command Line: '"/home/razshmue/StarCraftII/Versions/Base75689/SC2_x64" -listen 127.0.0.1 -port 33455 -dataDir /home/razshmue/StarCraftII/ -tempDir /tmp/sc-f0qs9s38/'
[36m(DreamerWorker pid=4036245)[0m Starting up...
[36m(DreamerWorker pid=4036245)[0m Startup Phase 1 complete
[36m(DreamerWorker pid=4036245)[0m Startup Phase 2 complete
[36m(DreamerWorker pid=4036245)[0m Creating stub renderer...
[36m(DreamerWorker pid=4036245)[0m Listening on: 127.0.0.1:33455
[36m(DreamerWorker pid=4036245)[0m Startup Phase 3 complete. Ready for commands.
[36m(DreamerWorker pid=4036245)[0m ConnectHandler: Request from 127.0.0.1:53884 accepted
[36m(DreamerWorker pid=4036245)[0m ReadyHandler: 127.0.0.1:53884 ready
[36m(DreamerWorker pid=4036245)[0m Requesting to join a single player game
[36m(DreamerWorker pid=4036245)[0m Configuring interface options
[36m(DreamerWorker pid=4036245)[0m Configure: raw interface enabled
[36m(DreamerWorker pid=4036245)[0m Configure: feature layer interface disabled
[36m(DreamerWorker pid=4036245)[0m Configure: score interface disabled
[36m(DreamerWorker pid=4036245)[0m Configure: render interface disabled
[36m(DreamerWorker pid=4036245)[0m Launching next game.
[36m(DreamerWorker pid=4036245)[0m Next launch phase started: 2
[36m(DreamerWorker pid=4036245)[0m Next launch phase started: 3
[36m(DreamerWorker pid=4036245)[0m Next launch phase started: 4
[36m(DreamerWorker pid=4036245)[0m Next launch phase started: 5
[36m(DreamerWorker pid=4036245)[0m Next launch phase started: 6
[36m(DreamerWorker pid=4036245)[0m Next launch phase started: 7
[36m(DreamerWorker pid=4036245)[0m Next launch phase started: 8
[36m(DreamerWorker pid=4036245)[0m Game has started.
[36m(DreamerWorker pid=4036245)[0m Using default stable ids, none found at: /home/razshmue/StarCraftII/stableid.json
[36m(DreamerWorker pid=4036245)[0m Successfully loaded stable ids: GameData\stableid.json
[36m(DreamerWorker pid=4036245)[0m Sending ResponseJoinGame
[36m(DreamerWorker pid=4036249)[0m Version: B75689 (SC2.4.10)
[36m(DreamerWorker pid=4036249)[0m Build: Aug 12 2019 17:16:57
[36m(DreamerWorker pid=4036249)[0m Command Line: '"/home/razshmue/StarCraftII/Versions/Base75689/SC2_x64" -listen 127.0.0.1 -port 41277 -dataDir /home/razshmue/StarCraftII/ -tempDir /tmp/sc-b73ajfu8/'
[36m(DreamerWorker pid=4036249)[0m Starting up...
[36m(DreamerWorker pid=4036249)[0m Startup Phase 1 complete
[36m(DreamerWorker pid=4036249)[0m Startup Phase 2 complete
[36m(DreamerWorker pid=4036249)[0m Creating stub renderer...
[36m(DreamerWorker pid=4036249)[0m Listening on: 127.0.0.1:41277
[36m(DreamerWorker pid=4036249)[0m Startup Phase 3 complete. Ready for commands.
[36m(DreamerWorker pid=4036249)[0m ConnectHandler: Request from 127.0.0.1:43054 accepted
[36m(DreamerWorker pid=4036249)[0m ReadyHandler: 127.0.0.1:43054 ready
[36m(DreamerWorker pid=4036249)[0m Requesting to join a single player game
[36m(DreamerWorker pid=4036249)[0m Configuring interface options
[36m(DreamerWorker pid=4036249)[0m Configure: raw interface enabled
[36m(DreamerWorker pid=4036249)[0m Configure: feature layer interface disabled
[36m(DreamerWorker pid=4036249)[0m Configure: score interface disabled
[36m(DreamerWorker pid=4036249)[0m Configure: render interface disabled
[36m(DreamerWorker pid=4036249)[0m Launching next game.
[36m(DreamerWorker pid=4036249)[0m Next launch phase started: 2
[36m(DreamerWorker pid=4036249)[0m Next launch phase started: 3
[36m(DreamerWorker pid=4036249)[0m Next launch phase started: 4
[36m(DreamerWorker pid=4036249)[0m Next launch phase started: 5
[36m(DreamerWorker pid=4036249)[0m Next launch phase started: 6
[36m(DreamerWorker pid=4036249)[0m Next launch phase started: 7
[36m(DreamerWorker pid=4036249)[0m Next launch phase started: 8
[36m(DreamerWorker pid=4036249)[0m Game has started.
[36m(DreamerWorker pid=4036249)[0m Using default stable ids, none found at: /home/razshmue/StarCraftII/stableid.json
[36m(DreamerWorker pid=4036249)[0m Successfully loaded stable ids: GameData\stableid.json
[36m(DreamerWorker pid=4036249)[0m Sending ResponseJoinGame
[36m(DreamerWorker pid=4036245)[0m Version: B75689 (SC2.4.10)
[36m(DreamerWorker pid=4036245)[0m Build: Aug 12 2019 17:16:57
[36m(DreamerWorker pid=4036245)[0m Command Line: '"/home/razshmue/StarCraftII/Versions/Base75689/SC2_x64" -listen 127.0.0.1 -port 35283 -dataDir /home/razshmue/StarCraftII/ -tempDir /tmp/sc-2nxx6759/'
[36m(DreamerWorker pid=4036245)[0m Starting up...
[36m(DreamerWorker pid=4036245)[0m Startup Phase 1 complete
[36m(DreamerWorker pid=4036245)[0m Startup Phase 2 complete
[36m(DreamerWorker pid=4036245)[0m Creating stub renderer...
[36m(DreamerWorker pid=4036245)[0m Listening on: 127.0.0.1:35283
[36m(DreamerWorker pid=4036245)[0m Startup Phase 3 complete. Ready for commands.
[36m(DreamerWorker pid=4036245)[0m ConnectHandler: Request from 127.0.0.1:35960 accepted
[36m(DreamerWorker pid=4036245)[0m ReadyHandler: 127.0.0.1:35960 ready
[36m(DreamerWorker pid=4036245)[0m Requesting to join a single player game
[36m(DreamerWorker pid=4036245)[0m Configuring interface options
[36m(DreamerWorker pid=4036245)[0m Configure: raw interface enabled
[36m(DreamerWorker pid=4036245)[0m Configure: feature layer interface disabled
[36m(DreamerWorker pid=4036245)[0m Configure: score interface disabled
[36m(DreamerWorker pid=4036245)[0m Configure: render interface disabled
[36m(DreamerWorker pid=4036245)[0m Launching next game.
[36m(DreamerWorker pid=4036245)[0m Next launch phase started: 2
[36m(DreamerWorker pid=4036245)[0m Next launch phase started: 3
[36m(DreamerWorker pid=4036245)[0m Next launch phase started: 4
[36m(DreamerWorker pid=4036245)[0m Next launch phase started: 5
[36m(DreamerWorker pid=4036245)[0m Next launch phase started: 6
[36m(DreamerWorker pid=4036245)[0m Next launch phase started: 7
[36m(DreamerWorker pid=4036245)[0m Next launch phase started: 8
[36m(DreamerWorker pid=4036245)[0m Game has started.
[36m(DreamerWorker pid=4036245)[0m Using default stable ids, none found at: /home/razshmue/StarCraftII/stableid.json
[36m(DreamerWorker pid=4036245)[0m Successfully loaded stable ids: GameData\stableid.json
[36m(DreamerWorker pid=4036245)[0m Sending ResponseJoinGame
[36m(DreamerWorker pid=4036249)[0m Version: B75689 (SC2.4.10)
[36m(DreamerWorker pid=4036249)[0m Build: Aug 12 2019 17:16:57
[36m(DreamerWorker pid=4036249)[0m Command Line: '"/home/razshmue/StarCraftII/Versions/Base75689/SC2_x64" -listen 127.0.0.1 -port 44805 -dataDir /home/razshmue/StarCraftII/ -tempDir /tmp/sc-2p5sytcj/'
[36m(DreamerWorker pid=4036249)[0m Starting up...
[36m(DreamerWorker pid=4036249)[0m Startup Phase 1 complete
[36m(DreamerWorker pid=4036249)[0m Startup Phase 2 complete
[36m(DreamerWorker pid=4036249)[0m Creating stub renderer...
[36m(DreamerWorker pid=4036249)[0m Listening on: 127.0.0.1:44805
[36m(DreamerWorker pid=4036249)[0m Startup Phase 3 complete. Ready for commands.
[36m(DreamerWorker pid=4036249)[0m ConnectHandler: Request from 127.0.0.1:37830 accepted
[36m(DreamerWorker pid=4036249)[0m ReadyHandler: 127.0.0.1:37830 ready
[36m(DreamerWorker pid=4036249)[0m Requesting to join a single player game
[36m(DreamerWorker pid=4036249)[0m Configuring interface options
[36m(DreamerWorker pid=4036249)[0m Configure: raw interface enabled
[36m(DreamerWorker pid=4036249)[0m Configure: feature layer interface disabled
[36m(DreamerWorker pid=4036249)[0m Configure: score interface disabled
[36m(DreamerWorker pid=4036249)[0m Configure: render interface disabled
[36m(DreamerWorker pid=4036249)[0m Launching next game.
[36m(DreamerWorker pid=4036249)[0m Next launch phase started: 2
[36m(DreamerWorker pid=4036249)[0m Next launch phase started: 3
[36m(DreamerWorker pid=4036249)[0m Next launch phase started: 4
[36m(DreamerWorker pid=4036249)[0m Next launch phase started: 5
[36m(DreamerWorker pid=4036249)[0m Next launch phase started: 6
[36m(DreamerWorker pid=4036249)[0m Next launch phase started: 7
[36m(DreamerWorker pid=4036249)[0m Next launch phase started: 8
[36m(DreamerWorker pid=4036249)[0m Game has started.
[36m(DreamerWorker pid=4036249)[0m Using default stable ids, none found at: /home/razshmue/StarCraftII/stableid.json
[36m(DreamerWorker pid=4036249)[0m Successfully loaded stable ids: GameData\stableid.json
[36m(DreamerWorker pid=4036249)[0m Sending ResponseJoinGame
[36m(DreamerWorker pid=4036245)[0m Version: B75689 (SC2.4.10)
[36m(DreamerWorker pid=4036245)[0m Build: Aug 12 2019 17:16:57
[36m(DreamerWorker pid=4036245)[0m Command Line: '"/home/razshmue/StarCraftII/Versions/Base75689/SC2_x64" -listen 127.0.0.1 -port 33359 -dataDir /home/razshmue/StarCraftII/ -tempDir /tmp/sc-cxfi6r9d/'
[36m(DreamerWorker pid=4036245)[0m Starting up...
[36m(DreamerWorker pid=4036245)[0m Startup Phase 1 complete
[36m(DreamerWorker pid=4036245)[0m Startup Phase 2 complete
[36m(DreamerWorker pid=4036245)[0m Creating stub renderer...
[36m(DreamerWorker pid=4036245)[0m Listening on: 127.0.0.1:33359
[36m(DreamerWorker pid=4036245)[0m Startup Phase 3 complete. Ready for commands.
[36m(DreamerWorker pid=4036245)[0m ConnectHandler: Request from 127.0.0.1:59408 accepted
[36m(DreamerWorker pid=4036245)[0m ReadyHandler: 127.0.0.1:59408 ready
[36m(DreamerWorker pid=4036245)[0m Requesting to join a single player game
[36m(DreamerWorker pid=4036245)[0m Configuring interface options
[36m(DreamerWorker pid=4036245)[0m Configure: raw interface enabled
[36m(DreamerWorker pid=4036245)[0m Configure: feature layer interface disabled
[36m(DreamerWorker pid=4036245)[0m Configure: score interface disabled
[36m(DreamerWorker pid=4036245)[0m Configure: render interface disabled
[36m(DreamerWorker pid=4036245)[0m Launching next game.
[36m(DreamerWorker pid=4036245)[0m Next launch phase started: 2
[36m(DreamerWorker pid=4036245)[0m Next launch phase started: 3
[36m(DreamerWorker pid=4036245)[0m Next launch phase started: 4
[36m(DreamerWorker pid=4036245)[0m Next launch phase started: 5
[36m(DreamerWorker pid=4036245)[0m Next launch phase started: 6
[36m(DreamerWorker pid=4036245)[0m Next launch phase started: 7
[36m(DreamerWorker pid=4036245)[0m Next launch phase started: 8
[36m(DreamerWorker pid=4036245)[0m Game has started.
[36m(DreamerWorker pid=4036245)[0m Using default stable ids, none found at: /home/razshmue/StarCraftII/stableid.json
[36m(DreamerWorker pid=4036245)[0m Successfully loaded stable ids: GameData\stableid.json
[36m(DreamerWorker pid=4036245)[0m Sending ResponseJoinGame
[36m(DreamerWorker pid=4036249)[0m Version: B75689 (SC2.4.10)
[36m(DreamerWorker pid=4036249)[0m Build: Aug 12 2019 17:16:57
[36m(DreamerWorker pid=4036249)[0m Command Line: '"/home/razshmue/StarCraftII/Versions/Base75689/SC2_x64" -listen 127.0.0.1 -port 38435 -dataDir /home/razshmue/StarCraftII/ -tempDir /tmp/sc-gtzy32bn/'
[36m(DreamerWorker pid=4036249)[0m Starting up...
[36m(DreamerWorker pid=4036249)[0m Startup Phase 1 complete
[36m(DreamerWorker pid=4036249)[0m Startup Phase 2 complete
[36m(DreamerWorker pid=4036249)[0m Creating stub renderer...
[36m(DreamerWorker pid=4036249)[0m Listening on: 127.0.0.1:38435
[36m(DreamerWorker pid=4036249)[0m Startup Phase 3 complete. Ready for commands.
[36m(DreamerWorker pid=4036249)[0m ConnectHandler: Request from 127.0.0.1:58784 accepted
[36m(DreamerWorker pid=4036249)[0m ReadyHandler: 127.0.0.1:58784 ready
[36m(DreamerWorker pid=4036249)[0m Requesting to join a single player game
[36m(DreamerWorker pid=4036249)[0m Configuring interface options
[36m(DreamerWorker pid=4036249)[0m Configure: raw interface enabled
[36m(DreamerWorker pid=4036249)[0m Configure: feature layer interface disabled
[36m(DreamerWorker pid=4036249)[0m Configure: score interface disabled
[36m(DreamerWorker pid=4036249)[0m Configure: render interface disabled
[36m(DreamerWorker pid=4036249)[0m Launching next game.
[36m(DreamerWorker pid=4036249)[0m Next launch phase started: 2
[36m(DreamerWorker pid=4036249)[0m Next launch phase started: 3
[36m(DreamerWorker pid=4036249)[0m Next launch phase started: 4
[36m(DreamerWorker pid=4036249)[0m Next launch phase started: 5
[36m(DreamerWorker pid=4036249)[0m Next launch phase started: 6
[36m(DreamerWorker pid=4036249)[0m Next launch phase started: 7
[36m(DreamerWorker pid=4036249)[0m Next launch phase started: 8
[36m(DreamerWorker pid=4036249)[0m Game has started.
[36m(DreamerWorker pid=4036249)[0m Using default stable ids, none found at: /home/razshmue/StarCraftII/stableid.json
[36m(DreamerWorker pid=4036249)[0m Successfully loaded stable ids: GameData\stableid.json
[36m(DreamerWorker pid=4036249)[0m Sending ResponseJoinGame
[36m(DreamerWorker pid=4036245)[0m Version: B75689 (SC2.4.10)
[36m(DreamerWorker pid=4036245)[0m Build: Aug 12 2019 17:16:57
[36m(DreamerWorker pid=4036245)[0m Command Line: '"/home/razshmue/StarCraftII/Versions/Base75689/SC2_x64" -listen 127.0.0.1 -port 46271 -dataDir /home/razshmue/StarCraftII/ -tempDir /tmp/sc-19bbjhi9/'
[36m(DreamerWorker pid=4036245)[0m Starting up...
[36m(DreamerWorker pid=4036245)[0m Startup Phase 1 complete
[36m(DreamerWorker pid=4036245)[0m Startup Phase 2 complete
[36m(DreamerWorker pid=4036245)[0m Creating stub renderer...
[36m(DreamerWorker pid=4036245)[0m Listening on: 127.0.0.1:46271
[36m(DreamerWorker pid=4036245)[0m Startup Phase 3 complete. Ready for commands.
[36m(DreamerWorker pid=4036245)[0m ConnectHandler: Request from 127.0.0.1:34630 accepted
[36m(DreamerWorker pid=4036245)[0m ReadyHandler: 127.0.0.1:34630 ready
[36m(DreamerWorker pid=4036245)[0m Requesting to join a single player game
[36m(DreamerWorker pid=4036245)[0m Configuring interface options
[36m(DreamerWorker pid=4036245)[0m Configure: raw interface enabled
[36m(DreamerWorker pid=4036245)[0m Configure: feature layer interface disabled
[36m(DreamerWorker pid=4036245)[0m Configure: score interface disabled
[36m(DreamerWorker pid=4036245)[0m Configure: render interface disabled
[36m(DreamerWorker pid=4036245)[0m Launching next game.
[36m(DreamerWorker pid=4036245)[0m Next launch phase started: 2
[36m(DreamerWorker pid=4036245)[0m Next launch phase started: 3
[36m(DreamerWorker pid=4036245)[0m Next launch phase started: 4
[36m(DreamerWorker pid=4036245)[0m Next launch phase started: 5
[36m(DreamerWorker pid=4036245)[0m Next launch phase started: 6
[36m(DreamerWorker pid=4036245)[0m Next launch phase started: 7
[36m(DreamerWorker pid=4036245)[0m Next launch phase started: 8
[36m(DreamerWorker pid=4036245)[0m Game has started.
[36m(DreamerWorker pid=4036245)[0m Using default stable ids, none found at: /home/razshmue/StarCraftII/stableid.json
[36m(DreamerWorker pid=4036245)[0m Successfully loaded stable ids: GameData\stableid.json
[36m(DreamerWorker pid=4036245)[0m Sending ResponseJoinGame
[36m(DreamerWorker pid=4036249)[0m Version: B75689 (SC2.4.10)
[36m(DreamerWorker pid=4036249)[0m Build: Aug 12 2019 17:16:57
[36m(DreamerWorker pid=4036249)[0m Command Line: '"/home/razshmue/StarCraftII/Versions/Base75689/SC2_x64" -listen 127.0.0.1 -port 35535 -dataDir /home/razshmue/StarCraftII/ -tempDir /tmp/sc-kwash5ti/'
[36m(DreamerWorker pid=4036249)[0m Starting up...
[36m(DreamerWorker pid=4036249)[0m Startup Phase 1 complete
[36m(DreamerWorker pid=4036249)[0m Startup Phase 2 complete
[36m(DreamerWorker pid=4036249)[0m Creating stub renderer...
[36m(DreamerWorker pid=4036249)[0m Listening on: 127.0.0.1:35535
[36m(DreamerWorker pid=4036249)[0m Startup Phase 3 complete. Ready for commands.
[36m(DreamerWorker pid=4036249)[0m ConnectHandler: Request from 127.0.0.1:49868 accepted
[36m(DreamerWorker pid=4036249)[0m ReadyHandler: 127.0.0.1:49868 ready
[36m(DreamerWorker pid=4036249)[0m Requesting to join a single player game
[36m(DreamerWorker pid=4036249)[0m Configuring interface options
[36m(DreamerWorker pid=4036249)[0m Configure: raw interface enabled
[36m(DreamerWorker pid=4036249)[0m Configure: feature layer interface disabled
[36m(DreamerWorker pid=4036249)[0m Configure: score interface disabled
[36m(DreamerWorker pid=4036249)[0m Configure: render interface disabled
[36m(DreamerWorker pid=4036249)[0m Launching next game.
[36m(DreamerWorker pid=4036249)[0m Next launch phase started: 2
[36m(DreamerWorker pid=4036249)[0m Next launch phase started: 3
[36m(DreamerWorker pid=4036249)[0m Next launch phase started: 4
[36m(DreamerWorker pid=4036249)[0m Next launch phase started: 5
[36m(DreamerWorker pid=4036249)[0m Next launch phase started: 6
[36m(DreamerWorker pid=4036249)[0m Next launch phase started: 7
[36m(DreamerWorker pid=4036249)[0m Next launch phase started: 8
[36m(DreamerWorker pid=4036249)[0m Game has started.
[36m(DreamerWorker pid=4036249)[0m Using default stable ids, none found at: /home/razshmue/StarCraftII/stableid.json
[36m(DreamerWorker pid=4036249)[0m Successfully loaded stable ids: GameData\stableid.json
[36m(DreamerWorker pid=4036249)[0m Sending ResponseJoinGame
[36m(DreamerWorker pid=4036245)[0m Version: B75689 (SC2.4.10)
[36m(DreamerWorker pid=4036245)[0m Build: Aug 12 2019 17:16:57
[36m(DreamerWorker pid=4036245)[0m Command Line: '"/home/razshmue/StarCraftII/Versions/Base75689/SC2_x64" -listen 127.0.0.1 -port 43321 -dataDir /home/razshmue/StarCraftII/ -tempDir /tmp/sc-fzfml2ka/'
[36m(DreamerWorker pid=4036245)[0m Starting up...
[36m(DreamerWorker pid=4036245)[0m Startup Phase 1 complete
[36m(DreamerWorker pid=4036245)[0m Startup Phase 2 complete
[36m(DreamerWorker pid=4036245)[0m Creating stub renderer...
[36m(DreamerWorker pid=4036245)[0m Listening on: 127.0.0.1:43321
[36m(DreamerWorker pid=4036245)[0m Startup Phase 3 complete. Ready for commands.
[36m(DreamerWorker pid=4036245)[0m ConnectHandler: Request from 127.0.0.1:37124 accepted
[36m(DreamerWorker pid=4036245)[0m ReadyHandler: 127.0.0.1:37124 ready
[36m(DreamerWorker pid=4036245)[0m Requesting to join a single player game
[36m(DreamerWorker pid=4036245)[0m Configuring interface options
[36m(DreamerWorker pid=4036245)[0m Configure: raw interface enabled
[36m(DreamerWorker pid=4036245)[0m Configure: feature layer interface disabled
[36m(DreamerWorker pid=4036245)[0m Configure: score interface disabled
[36m(DreamerWorker pid=4036245)[0m Configure: render interface disabled
[36m(DreamerWorker pid=4036245)[0m Launching next game.
[36m(DreamerWorker pid=4036245)[0m Next launch phase started: 2
[36m(DreamerWorker pid=4036245)[0m Next launch phase started: 3
[36m(DreamerWorker pid=4036245)[0m Next launch phase started: 4
[36m(DreamerWorker pid=4036245)[0m Next launch phase started: 5
[36m(DreamerWorker pid=4036245)[0m Next launch phase started: 6
[36m(DreamerWorker pid=4036245)[0m Next launch phase started: 7
[36m(DreamerWorker pid=4036245)[0m Next launch phase started: 8
[36m(DreamerWorker pid=4036245)[0m Game has started.
[36m(DreamerWorker pid=4036245)[0m Using default stable ids, none found at: /home/razshmue/StarCraftII/stableid.json
[36m(DreamerWorker pid=4036245)[0m Successfully loaded stable ids: GameData\stableid.json
[36m(DreamerWorker pid=4036245)[0m Sending ResponseJoinGame
[36m(DreamerWorker pid=4036249)[0m Version: B75689 (SC2.4.10)
[36m(DreamerWorker pid=4036249)[0m Build: Aug 12 2019 17:16:57
[36m(DreamerWorker pid=4036249)[0m Command Line: '"/home/razshmue/StarCraftII/Versions/Base75689/SC2_x64" -listen 127.0.0.1 -port 42925 -dataDir /home/razshmue/StarCraftII/ -tempDir /tmp/sc-2m1urcdz/'
[36m(DreamerWorker pid=4036249)[0m Starting up...
[36m(DreamerWorker pid=4036249)[0m Startup Phase 1 complete
[36m(DreamerWorker pid=4036249)[0m Startup Phase 2 complete
[36m(DreamerWorker pid=4036249)[0m Creating stub renderer...
[36m(DreamerWorker pid=4036249)[0m Listening on: 127.0.0.1:42925
[36m(DreamerWorker pid=4036249)[0m Startup Phase 3 complete. Ready for commands.
[36m(DreamerWorker pid=4036249)[0m ConnectHandler: Request from 127.0.0.1:49198 accepted
[36m(DreamerWorker pid=4036249)[0m ReadyHandler: 127.0.0.1:49198 ready
[36m(DreamerWorker pid=4036249)[0m Requesting to join a single player game
[36m(DreamerWorker pid=4036249)[0m Configuring interface options
[36m(DreamerWorker pid=4036249)[0m Configure: raw interface enabled
[36m(DreamerWorker pid=4036249)[0m Configure: feature layer interface disabled
[36m(DreamerWorker pid=4036249)[0m Configure: score interface disabled
[36m(DreamerWorker pid=4036249)[0m Configure: render interface disabled
[36m(DreamerWorker pid=4036249)[0m Launching next game.
[36m(DreamerWorker pid=4036249)[0m Next launch phase started: 2
[36m(DreamerWorker pid=4036249)[0m Next launch phase started: 3
[36m(DreamerWorker pid=4036249)[0m Next launch phase started: 4
[36m(DreamerWorker pid=4036249)[0m Next launch phase started: 5
[36m(DreamerWorker pid=4036249)[0m Next launch phase started: 6
[36m(DreamerWorker pid=4036249)[0m Next launch phase started: 7
[36m(DreamerWorker pid=4036249)[0m Next launch phase started: 8
[36m(DreamerWorker pid=4036249)[0m Game has started.
[36m(DreamerWorker pid=4036249)[0m Using default stable ids, none found at: /home/razshmue/StarCraftII/stableid.json
[36m(DreamerWorker pid=4036249)[0m Successfully loaded stable ids: GameData\stableid.json
[36m(DreamerWorker pid=4036249)[0m Sending ResponseJoinGame
[36m(DreamerWorker pid=4036245)[0m Version: B75689 (SC2.4.10)
[36m(DreamerWorker pid=4036245)[0m Build: Aug 12 2019 17:16:57
[36m(DreamerWorker pid=4036245)[0m Command Line: '"/home/razshmue/StarCraftII/Versions/Base75689/SC2_x64" -listen 127.0.0.1 -port 45375 -dataDir /home/razshmue/StarCraftII/ -tempDir /tmp/sc-zao3wrur/'
[36m(DreamerWorker pid=4036245)[0m Starting up...
[36m(DreamerWorker pid=4036245)[0m Startup Phase 1 complete
[36m(DreamerWorker pid=4036245)[0m Startup Phase 2 complete
[36m(DreamerWorker pid=4036245)[0m Creating stub renderer...
[36m(DreamerWorker pid=4036245)[0m Listening on: 127.0.0.1:45375
[36m(DreamerWorker pid=4036245)[0m Startup Phase 3 complete. Ready for commands.
[36m(DreamerWorker pid=4036245)[0m ConnectHandler: Request from 127.0.0.1:39082 accepted
[36m(DreamerWorker pid=4036245)[0m ReadyHandler: 127.0.0.1:39082 ready
[36m(DreamerWorker pid=4036245)[0m Requesting to join a single player game
[36m(DreamerWorker pid=4036245)[0m Configuring interface options
[36m(DreamerWorker pid=4036245)[0m Configure: raw interface enabled
[36m(DreamerWorker pid=4036245)[0m Configure: feature layer interface disabled
[36m(DreamerWorker pid=4036245)[0m Configure: score interface disabled
[36m(DreamerWorker pid=4036245)[0m Configure: render interface disabled
[36m(DreamerWorker pid=4036245)[0m Launching next game.
[36m(DreamerWorker pid=4036245)[0m Next launch phase started: 2
[36m(DreamerWorker pid=4036245)[0m Next launch phase started: 3
[36m(DreamerWorker pid=4036245)[0m Next launch phase started: 4
[36m(DreamerWorker pid=4036245)[0m Next launch phase started: 5
[36m(DreamerWorker pid=4036245)[0m Next launch phase started: 6
[36m(DreamerWorker pid=4036245)[0m Next launch phase started: 7
[36m(DreamerWorker pid=4036245)[0m Next launch phase started: 8
[36m(DreamerWorker pid=4036245)[0m Game has started.
[36m(DreamerWorker pid=4036245)[0m Using default stable ids, none found at: /home/razshmue/StarCraftII/stableid.json
[36m(DreamerWorker pid=4036245)[0m Successfully loaded stable ids: GameData\stableid.json
[36m(DreamerWorker pid=4036245)[0m Sending ResponseJoinGame
[36m(DreamerWorker pid=4036249)[0m Version: B75689 (SC2.4.10)
[36m(DreamerWorker pid=4036249)[0m Build: Aug 12 2019 17:16:57
[36m(DreamerWorker pid=4036249)[0m Command Line: '"/home/razshmue/StarCraftII/Versions/Base75689/SC2_x64" -listen 127.0.0.1 -port 40497 -dataDir /home/razshmue/StarCraftII/ -tempDir /tmp/sc-tue6c423/'
[36m(DreamerWorker pid=4036249)[0m Starting up...
[36m(DreamerWorker pid=4036249)[0m Startup Phase 1 complete
[36m(DreamerWorker pid=4036249)[0m Startup Phase 2 complete
[36m(DreamerWorker pid=4036249)[0m Creating stub renderer...
[36m(DreamerWorker pid=4036249)[0m Listening on: 127.0.0.1:40497
[36m(DreamerWorker pid=4036249)[0m Startup Phase 3 complete. Ready for commands.
[36m(DreamerWorker pid=4036249)[0m ConnectHandler: Request from 127.0.0.1:44384 accepted
[36m(DreamerWorker pid=4036249)[0m ReadyHandler: 127.0.0.1:44384 ready
[36m(DreamerWorker pid=4036249)[0m Requesting to join a single player game
[36m(DreamerWorker pid=4036249)[0m Configuring interface options
[36m(DreamerWorker pid=4036249)[0m Configure: raw interface enabled
[36m(DreamerWorker pid=4036249)[0m Configure: feature layer interface disabled
[36m(DreamerWorker pid=4036249)[0m Configure: score interface disabled
[36m(DreamerWorker pid=4036249)[0m Configure: render interface disabled
[36m(DreamerWorker pid=4036249)[0m Launching next game.
[36m(DreamerWorker pid=4036249)[0m Next launch phase started: 2
[36m(DreamerWorker pid=4036249)[0m Next launch phase started: 3
[36m(DreamerWorker pid=4036249)[0m Next launch phase started: 4
[36m(DreamerWorker pid=4036249)[0m Next launch phase started: 5
[36m(DreamerWorker pid=4036249)[0m Next launch phase started: 6
[36m(DreamerWorker pid=4036249)[0m Next launch phase started: 7
[36m(DreamerWorker pid=4036249)[0m Next launch phase started: 8
[36m(DreamerWorker pid=4036249)[0m Game has started.
[36m(DreamerWorker pid=4036249)[0m Using default stable ids, none found at: /home/razshmue/StarCraftII/stableid.json
[36m(DreamerWorker pid=4036249)[0m Successfully loaded stable ids: GameData\stableid.json
[36m(DreamerWorker pid=4036249)[0m Sending ResponseJoinGame
[36m(DreamerWorker pid=4036245)[0m Version: B75689 (SC2.4.10)
[36m(DreamerWorker pid=4036245)[0m Build: Aug 12 2019 17:16:57
[36m(DreamerWorker pid=4036245)[0m Command Line: '"/home/razshmue/StarCraftII/Versions/Base75689/SC2_x64" -listen 127.0.0.1 -port 42107 -dataDir /home/razshmue/StarCraftII/ -tempDir /tmp/sc-ww6zpu18/'
[36m(DreamerWorker pid=4036245)[0m Starting up...
[36m(DreamerWorker pid=4036245)[0m Startup Phase 1 complete
[36m(DreamerWorker pid=4036245)[0m Startup Phase 2 complete
[36m(DreamerWorker pid=4036245)[0m Creating stub renderer...
[36m(DreamerWorker pid=4036245)[0m Listening on: 127.0.0.1:42107
[36m(DreamerWorker pid=4036245)[0m Startup Phase 3 complete. Ready for commands.
[36m(DreamerWorker pid=4036245)[0m ConnectHandler: Request from 127.0.0.1:54254 accepted
[36m(DreamerWorker pid=4036245)[0m ReadyHandler: 127.0.0.1:54254 ready
[36m(DreamerWorker pid=4036245)[0m Requesting to join a single player game
[36m(DreamerWorker pid=4036245)[0m Configuring interface options
[36m(DreamerWorker pid=4036245)[0m Configure: raw interface enabled
[36m(DreamerWorker pid=4036245)[0m Configure: feature layer interface disabled
[36m(DreamerWorker pid=4036245)[0m Configure: score interface disabled
[36m(DreamerWorker pid=4036245)[0m Configure: render interface disabled
[36m(DreamerWorker pid=4036245)[0m Launching next game.
[36m(DreamerWorker pid=4036245)[0m Next launch phase started: 2
[36m(DreamerWorker pid=4036245)[0m Next launch phase started: 3
[36m(DreamerWorker pid=4036245)[0m Next launch phase started: 4
[36m(DreamerWorker pid=4036245)[0m Next launch phase started: 5
[36m(DreamerWorker pid=4036245)[0m Next launch phase started: 6
[36m(DreamerWorker pid=4036245)[0m Next launch phase started: 7
[36m(DreamerWorker pid=4036245)[0m Next launch phase started: 8
[36m(DreamerWorker pid=4036245)[0m Game has started.
[36m(DreamerWorker pid=4036245)[0m Using default stable ids, none found at: /home/razshmue/StarCraftII/stableid.json
[36m(DreamerWorker pid=4036245)[0m Successfully loaded stable ids: GameData\stableid.json
[36m(DreamerWorker pid=4036245)[0m Sending ResponseJoinGame
[36m(DreamerWorker pid=4036249)[0m Version: B75689 (SC2.4.10)
[36m(DreamerWorker pid=4036249)[0m Build: Aug 12 2019 17:16:57
[36m(DreamerWorker pid=4036249)[0m Command Line: '"/home/razshmue/StarCraftII/Versions/Base75689/SC2_x64" -listen 127.0.0.1 -port 43471 -dataDir /home/razshmue/StarCraftII/ -tempDir /tmp/sc-jtgndp8t/'
[36m(DreamerWorker pid=4036249)[0m Starting up...
[36m(DreamerWorker pid=4036249)[0m Startup Phase 1 complete
[36m(DreamerWorker pid=4036249)[0m Startup Phase 2 complete
[36m(DreamerWorker pid=4036249)[0m Creating stub renderer...
[36m(DreamerWorker pid=4036249)[0m Listening on: 127.0.0.1:43471
[36m(DreamerWorker pid=4036249)[0m Startup Phase 3 complete. Ready for commands.
[36m(DreamerWorker pid=4036249)[0m ConnectHandler: Request from 127.0.0.1:35840 accepted
[36m(DreamerWorker pid=4036249)[0m ReadyHandler: 127.0.0.1:35840 ready
[36m(DreamerWorker pid=4036249)[0m Requesting to join a single player game
[36m(DreamerWorker pid=4036249)[0m Configuring interface options
[36m(DreamerWorker pid=4036249)[0m Configure: raw interface enabled
[36m(DreamerWorker pid=4036249)[0m Configure: feature layer interface disabled
[36m(DreamerWorker pid=4036249)[0m Configure: score interface disabled
[36m(DreamerWorker pid=4036249)[0m Configure: render interface disabled
[36m(DreamerWorker pid=4036249)[0m Launching next game.
[36m(DreamerWorker pid=4036249)[0m Next launch phase started: 2
[36m(DreamerWorker pid=4036249)[0m Next launch phase started: 3
[36m(DreamerWorker pid=4036249)[0m Next launch phase started: 4
[36m(DreamerWorker pid=4036249)[0m Next launch phase started: 5
[36m(DreamerWorker pid=4036249)[0m Next launch phase started: 6
[36m(DreamerWorker pid=4036249)[0m Next launch phase started: 7
[36m(DreamerWorker pid=4036249)[0m Next launch phase started: 8
[36m(DreamerWorker pid=4036249)[0m Game has started.
[36m(DreamerWorker pid=4036249)[0m Using default stable ids, none found at: /home/razshmue/StarCraftII/stableid.json
[36m(DreamerWorker pid=4036249)[0m Successfully loaded stable ids: GameData\stableid.json
[36m(DreamerWorker pid=4036249)[0m Sending ResponseJoinGame
[36m(DreamerWorker pid=4036245)[0m Version: B75689 (SC2.4.10)
[36m(DreamerWorker pid=4036245)[0m Build: Aug 12 2019 17:16:57
[36m(DreamerWorker pid=4036245)[0m Command Line: '"/home/razshmue/StarCraftII/Versions/Base75689/SC2_x64" -listen 127.0.0.1 -port 35757 -dataDir /home/razshmue/StarCraftII/ -tempDir /tmp/sc-ve7mct7i/'
[36m(DreamerWorker pid=4036245)[0m Starting up...
[36m(DreamerWorker pid=4036245)[0m Startup Phase 1 complete
[36m(DreamerWorker pid=4036245)[0m Startup Phase 2 complete
[36m(DreamerWorker pid=4036245)[0m Creating stub renderer...
[36m(DreamerWorker pid=4036245)[0m Listening on: 127.0.0.1:35757
[36m(DreamerWorker pid=4036245)[0m Startup Phase 3 complete. Ready for commands.
[36m(DreamerWorker pid=4036245)[0m ConnectHandler: Request from 127.0.0.1:58984 accepted
[36m(DreamerWorker pid=4036245)[0m ReadyHandler: 127.0.0.1:58984 ready
[36m(DreamerWorker pid=4036245)[0m Requesting to join a single player game
[36m(DreamerWorker pid=4036245)[0m Configuring interface options
[36m(DreamerWorker pid=4036245)[0m Configure: raw interface enabled
[36m(DreamerWorker pid=4036245)[0m Configure: feature layer interface disabled
[36m(DreamerWorker pid=4036245)[0m Configure: score interface disabled
[36m(DreamerWorker pid=4036245)[0m Configure: render interface disabled
[36m(DreamerWorker pid=4036245)[0m Launching next game.
[36m(DreamerWorker pid=4036245)[0m Next launch phase started: 2
[36m(DreamerWorker pid=4036245)[0m Next launch phase started: 3
[36m(DreamerWorker pid=4036245)[0m Next launch phase started: 4
[36m(DreamerWorker pid=4036245)[0m Next launch phase started: 5
[36m(DreamerWorker pid=4036245)[0m Next launch phase started: 6
[36m(DreamerWorker pid=4036245)[0m Next launch phase started: 7
[36m(DreamerWorker pid=4036245)[0m Next launch phase started: 8
[36m(DreamerWorker pid=4036245)[0m Game has started.
[36m(DreamerWorker pid=4036245)[0m Using default stable ids, none found at: /home/razshmue/StarCraftII/stableid.json
[36m(DreamerWorker pid=4036245)[0m Successfully loaded stable ids: GameData\stableid.json
[36m(DreamerWorker pid=4036245)[0m Sending ResponseJoinGame
[36m(DreamerWorker pid=4036249)[0m Version: B75689 (SC2.4.10)
[36m(DreamerWorker pid=4036249)[0m Build: Aug 12 2019 17:16:57
[36m(DreamerWorker pid=4036249)[0m Command Line: '"/home/razshmue/StarCraftII/Versions/Base75689/SC2_x64" -listen 127.0.0.1 -port 41571 -dataDir /home/razshmue/StarCraftII/ -tempDir /tmp/sc-17n1_0wa/'
[36m(DreamerWorker pid=4036249)[0m Starting up...
[36m(DreamerWorker pid=4036249)[0m Startup Phase 1 complete
[36m(DreamerWorker pid=4036249)[0m Startup Phase 2 complete
[36m(DreamerWorker pid=4036249)[0m Creating stub renderer...
[36m(DreamerWorker pid=4036249)[0m Listening on: 127.0.0.1:41571
[36m(DreamerWorker pid=4036249)[0m Startup Phase 3 complete. Ready for commands.
[36m(DreamerWorker pid=4036249)[0m ConnectHandler: Request from 127.0.0.1:51816 accepted
[36m(DreamerWorker pid=4036249)[0m ReadyHandler: 127.0.0.1:51816 ready
[36m(DreamerWorker pid=4036249)[0m Requesting to join a single player game
[36m(DreamerWorker pid=4036249)[0m Configuring interface options
[36m(DreamerWorker pid=4036249)[0m Configure: raw interface enabled
[36m(DreamerWorker pid=4036249)[0m Configure: feature layer interface disabled
[36m(DreamerWorker pid=4036249)[0m Configure: score interface disabled
[36m(DreamerWorker pid=4036249)[0m Configure: render interface disabled
[36m(DreamerWorker pid=4036249)[0m Launching next game.
[36m(DreamerWorker pid=4036249)[0m Next launch phase started: 2
[36m(DreamerWorker pid=4036249)[0m Next launch phase started: 3
[36m(DreamerWorker pid=4036249)[0m Next launch phase started: 4
[36m(DreamerWorker pid=4036249)[0m Next launch phase started: 5
[36m(DreamerWorker pid=4036249)[0m Next launch phase started: 6
[36m(DreamerWorker pid=4036249)[0m Next launch phase started: 7
[36m(DreamerWorker pid=4036249)[0m Next launch phase started: 8
[36m(DreamerWorker pid=4036249)[0m Game has started.
[36m(DreamerWorker pid=4036249)[0m Using default stable ids, none found at: /home/razshmue/StarCraftII/stableid.json
[36m(DreamerWorker pid=4036249)[0m Successfully loaded stable ids: GameData\stableid.json
[36m(DreamerWorker pid=4036249)[0m Sending ResponseJoinGame
[36m(DreamerWorker pid=4036245)[0m Version: B75689 (SC2.4.10)
[36m(DreamerWorker pid=4036245)[0m Build: Aug 12 2019 17:16:57
[36m(DreamerWorker pid=4036245)[0m Command Line: '"/home/razshmue/StarCraftII/Versions/Base75689/SC2_x64" -listen 127.0.0.1 -port 41849 -dataDir /home/razshmue/StarCraftII/ -tempDir /tmp/sc-g00sfj1f/'
[36m(DreamerWorker pid=4036245)[0m Starting up...
[36m(DreamerWorker pid=4036245)[0m Startup Phase 1 complete
[36m(DreamerWorker pid=4036245)[0m Startup Phase 2 complete
[36m(DreamerWorker pid=4036245)[0m Creating stub renderer...
[36m(DreamerWorker pid=4036245)[0m Listening on: 127.0.0.1:41849
[36m(DreamerWorker pid=4036245)[0m Startup Phase 3 complete. Ready for commands.
[36m(DreamerWorker pid=4036245)[0m ConnectHandler: Request from 127.0.0.1:55274 accepted
[36m(DreamerWorker pid=4036245)[0m ReadyHandler: 127.0.0.1:55274 ready
[36m(DreamerWorker pid=4036245)[0m Requesting to join a single player game
[36m(DreamerWorker pid=4036245)[0m Configuring interface options
[36m(DreamerWorker pid=4036245)[0m Configure: raw interface enabled
[36m(DreamerWorker pid=4036245)[0m Configure: feature layer interface disabled
[36m(DreamerWorker pid=4036245)[0m Configure: score interface disabled
[36m(DreamerWorker pid=4036245)[0m Configure: render interface disabled
[36m(DreamerWorker pid=4036245)[0m Launching next game.
[36m(DreamerWorker pid=4036245)[0m Next launch phase started: 2
[36m(DreamerWorker pid=4036245)[0m Next launch phase started: 3
[36m(DreamerWorker pid=4036245)[0m Next launch phase started: 4
[36m(DreamerWorker pid=4036245)[0m Next launch phase started: 5
[36m(DreamerWorker pid=4036245)[0m Next launch phase started: 6
[36m(DreamerWorker pid=4036245)[0m Next launch phase started: 7
[36m(DreamerWorker pid=4036245)[0m Next launch phase started: 8
[36m(DreamerWorker pid=4036245)[0m Game has started.
[36m(DreamerWorker pid=4036245)[0m Using default stable ids, none found at: /home/razshmue/StarCraftII/stableid.json
[36m(DreamerWorker pid=4036245)[0m Successfully loaded stable ids: GameData\stableid.json
[36m(DreamerWorker pid=4036245)[0m Sending ResponseJoinGame
[36m(DreamerWorker pid=4036249)[0m Version: B75689 (SC2.4.10)
[36m(DreamerWorker pid=4036249)[0m Build: Aug 12 2019 17:16:57
[36m(DreamerWorker pid=4036249)[0m Command Line: '"/home/razshmue/StarCraftII/Versions/Base75689/SC2_x64" -listen 127.0.0.1 -port 39399 -dataDir /home/razshmue/StarCraftII/ -tempDir /tmp/sc-1desrwae/'
[36m(DreamerWorker pid=4036249)[0m Starting up...
[36m(DreamerWorker pid=4036249)[0m Startup Phase 1 complete
[36m(DreamerWorker pid=4036249)[0m Startup Phase 2 complete
[36m(DreamerWorker pid=4036249)[0m Creating stub renderer...
[36m(DreamerWorker pid=4036249)[0m Listening on: 127.0.0.1:39399
[36m(DreamerWorker pid=4036249)[0m Startup Phase 3 complete. Ready for commands.
[36m(DreamerWorker pid=4036249)[0m ConnectHandler: Request from 127.0.0.1:34822 accepted
[36m(DreamerWorker pid=4036249)[0m ReadyHandler: 127.0.0.1:34822 ready
[36m(DreamerWorker pid=4036249)[0m Requesting to join a single player game
[36m(DreamerWorker pid=4036249)[0m Configuring interface options
[36m(DreamerWorker pid=4036249)[0m Configure: raw interface enabled
[36m(DreamerWorker pid=4036249)[0m Configure: feature layer interface disabled
[36m(DreamerWorker pid=4036249)[0m Configure: score interface disabled
[36m(DreamerWorker pid=4036249)[0m Configure: render interface disabled
[36m(DreamerWorker pid=4036249)[0m Launching next game.
[36m(DreamerWorker pid=4036249)[0m Next launch phase started: 2
[36m(DreamerWorker pid=4036249)[0m Next launch phase started: 3
[36m(DreamerWorker pid=4036249)[0m Next launch phase started: 4
[36m(DreamerWorker pid=4036249)[0m Next launch phase started: 5
[36m(DreamerWorker pid=4036249)[0m Next launch phase started: 6
[36m(DreamerWorker pid=4036249)[0m Next launch phase started: 7
[36m(DreamerWorker pid=4036249)[0m Next launch phase started: 8
[36m(DreamerWorker pid=4036249)[0m Game has started.
[36m(DreamerWorker pid=4036249)[0m Using default stable ids, none found at: /home/razshmue/StarCraftII/stableid.json
[36m(DreamerWorker pid=4036249)[0m Successfully loaded stable ids: GameData\stableid.json
[36m(DreamerWorker pid=4036249)[0m Sending ResponseJoinGame
[36m(DreamerWorker pid=4036245)[0m Version: B75689 (SC2.4.10)
[36m(DreamerWorker pid=4036245)[0m Build: Aug 12 2019 17:16:57
[36m(DreamerWorker pid=4036245)[0m Command Line: '"/home/razshmue/StarCraftII/Versions/Base75689/SC2_x64" -listen 127.0.0.1 -port 42207 -dataDir /home/razshmue/StarCraftII/ -tempDir /tmp/sc-llgsphlp/'
[36m(DreamerWorker pid=4036245)[0m Starting up...
[36m(DreamerWorker pid=4036245)[0m Startup Phase 1 complete
[36m(DreamerWorker pid=4036245)[0m Startup Phase 2 complete
[36m(DreamerWorker pid=4036245)[0m Creating stub renderer...
[36m(DreamerWorker pid=4036245)[0m Listening on: 127.0.0.1:42207
[36m(DreamerWorker pid=4036245)[0m Startup Phase 3 complete. Ready for commands.
[36m(DreamerWorker pid=4036245)[0m ConnectHandler: Request from 127.0.0.1:56766 accepted
[36m(DreamerWorker pid=4036245)[0m ReadyHandler: 127.0.0.1:56766 ready
[36m(DreamerWorker pid=4036245)[0m Requesting to join a single player game
[36m(DreamerWorker pid=4036245)[0m Configuring interface options
[36m(DreamerWorker pid=4036245)[0m Configure: raw interface enabled
[36m(DreamerWorker pid=4036245)[0m Configure: feature layer interface disabled
[36m(DreamerWorker pid=4036245)[0m Configure: score interface disabled
[36m(DreamerWorker pid=4036245)[0m Configure: render interface disabled
[36m(DreamerWorker pid=4036245)[0m Launching next game.
[36m(DreamerWorker pid=4036245)[0m Next launch phase started: 2
[36m(DreamerWorker pid=4036245)[0m Next launch phase started: 3
[36m(DreamerWorker pid=4036245)[0m Next launch phase started: 4
[36m(DreamerWorker pid=4036245)[0m Next launch phase started: 5
[36m(DreamerWorker pid=4036245)[0m Next launch phase started: 6
[36m(DreamerWorker pid=4036245)[0m Next launch phase started: 7
[36m(DreamerWorker pid=4036245)[0m Next launch phase started: 8
[36m(DreamerWorker pid=4036245)[0m Game has started.
[36m(DreamerWorker pid=4036245)[0m Using default stable ids, none found at: /home/razshmue/StarCraftII/stableid.json
[36m(DreamerWorker pid=4036245)[0m Successfully loaded stable ids: GameData\stableid.json
[36m(DreamerWorker pid=4036245)[0m Sending ResponseJoinGame
[36m(DreamerWorker pid=4036249)[0m Version: B75689 (SC2.4.10)
[36m(DreamerWorker pid=4036249)[0m Build: Aug 12 2019 17:16:57
[36m(DreamerWorker pid=4036249)[0m Command Line: '"/home/razshmue/StarCraftII/Versions/Base75689/SC2_x64" -listen 127.0.0.1 -port 46117 -dataDir /home/razshmue/StarCraftII/ -tempDir /tmp/sc-s2sa03rv/'
[36m(DreamerWorker pid=4036249)[0m Starting up...
[36m(DreamerWorker pid=4036249)[0m Startup Phase 1 complete
[36m(DreamerWorker pid=4036249)[0m Startup Phase 2 complete
[36m(DreamerWorker pid=4036249)[0m Creating stub renderer...
[36m(DreamerWorker pid=4036249)[0m Listening on: 127.0.0.1:46117
[36m(DreamerWorker pid=4036249)[0m Startup Phase 3 complete. Ready for commands.
[36m(DreamerWorker pid=4036249)[0m ConnectHandler: Request from 127.0.0.1:37336 accepted
[36m(DreamerWorker pid=4036249)[0m ReadyHandler: 127.0.0.1:37336 ready
[36m(DreamerWorker pid=4036249)[0m Requesting to join a single player game
[36m(DreamerWorker pid=4036249)[0m Configuring interface options
[36m(DreamerWorker pid=4036249)[0m Configure: raw interface enabled
[36m(DreamerWorker pid=4036249)[0m Configure: feature layer interface disabled
[36m(DreamerWorker pid=4036249)[0m Configure: score interface disabled
[36m(DreamerWorker pid=4036249)[0m Configure: render interface disabled
[36m(DreamerWorker pid=4036249)[0m Launching next game.
[36m(DreamerWorker pid=4036249)[0m Next launch phase started: 2
[36m(DreamerWorker pid=4036249)[0m Next launch phase started: 3
[36m(DreamerWorker pid=4036249)[0m Next launch phase started: 4
[36m(DreamerWorker pid=4036249)[0m Next launch phase started: 5
[36m(DreamerWorker pid=4036249)[0m Next launch phase started: 6
[36m(DreamerWorker pid=4036249)[0m Next launch phase started: 7
[36m(DreamerWorker pid=4036249)[0m Next launch phase started: 8
[36m(DreamerWorker pid=4036249)[0m Game has started.
[36m(DreamerWorker pid=4036249)[0m Using default stable ids, none found at: /home/razshmue/StarCraftII/stableid.json
[36m(DreamerWorker pid=4036249)[0m Successfully loaded stable ids: GameData\stableid.json
[36m(DreamerWorker pid=4036249)[0m Sending ResponseJoinGame
[36m(DreamerWorker pid=4036245)[0m Version: B75689 (SC2.4.10)
[36m(DreamerWorker pid=4036245)[0m Build: Aug 12 2019 17:16:57
[36m(DreamerWorker pid=4036245)[0m Command Line: '"/home/razshmue/StarCraftII/Versions/Base75689/SC2_x64" -listen 127.0.0.1 -port 43671 -dataDir /home/razshmue/StarCraftII/ -tempDir /tmp/sc-y07x5hxm/'
[36m(DreamerWorker pid=4036245)[0m Starting up...
[36m(DreamerWorker pid=4036245)[0m Startup Phase 1 complete
[36m(DreamerWorker pid=4036245)[0m Startup Phase 2 complete
[36m(DreamerWorker pid=4036245)[0m Creating stub renderer...
[36m(DreamerWorker pid=4036245)[0m Listening on: 127.0.0.1:43671
[36m(DreamerWorker pid=4036245)[0m Startup Phase 3 complete. Ready for commands.
[36m(DreamerWorker pid=4036245)[0m ConnectHandler: Request from 127.0.0.1:41700 accepted
[36m(DreamerWorker pid=4036245)[0m ReadyHandler: 127.0.0.1:41700 ready
[36m(DreamerWorker pid=4036245)[0m Requesting to join a single player game
[36m(DreamerWorker pid=4036245)[0m Configuring interface options
[36m(DreamerWorker pid=4036245)[0m Configure: raw interface enabled
[36m(DreamerWorker pid=4036245)[0m Configure: feature layer interface disabled
[36m(DreamerWorker pid=4036245)[0m Configure: score interface disabled
[36m(DreamerWorker pid=4036245)[0m Configure: render interface disabled
[36m(DreamerWorker pid=4036245)[0m Launching next game.
[36m(DreamerWorker pid=4036245)[0m Next launch phase started: 2
[36m(DreamerWorker pid=4036245)[0m Next launch phase started: 3
[36m(DreamerWorker pid=4036245)[0m Next launch phase started: 4
[36m(DreamerWorker pid=4036245)[0m Next launch phase started: 5
[36m(DreamerWorker pid=4036245)[0m Next launch phase started: 6
[36m(DreamerWorker pid=4036245)[0m Next launch phase started: 7
[36m(DreamerWorker pid=4036245)[0m Next launch phase started: 8
[36m(DreamerWorker pid=4036245)[0m Game has started.
[36m(DreamerWorker pid=4036245)[0m Using default stable ids, none found at: /home/razshmue/StarCraftII/stableid.json
[36m(DreamerWorker pid=4036245)[0m Successfully loaded stable ids: GameData\stableid.json
[36m(DreamerWorker pid=4036245)[0m Sending ResponseJoinGame
[36m(DreamerWorker pid=4036249)[0m Version: B75689 (SC2.4.10)
[36m(DreamerWorker pid=4036249)[0m Build: Aug 12 2019 17:16:57
[36m(DreamerWorker pid=4036249)[0m Command Line: '"/home/razshmue/StarCraftII/Versions/Base75689/SC2_x64" -listen 127.0.0.1 -port 45271 -dataDir /home/razshmue/StarCraftII/ -tempDir /tmp/sc-9w8eho74/'
[36m(DreamerWorker pid=4036249)[0m Starting up...
[36m(DreamerWorker pid=4036249)[0m Startup Phase 1 complete
[36m(DreamerWorker pid=4036249)[0m Startup Phase 2 complete
[36m(DreamerWorker pid=4036249)[0m Creating stub renderer...
[36m(DreamerWorker pid=4036249)[0m Listening on: 127.0.0.1:45271
[36m(DreamerWorker pid=4036249)[0m Startup Phase 3 complete. Ready for commands.
[36m(DreamerWorker pid=4036249)[0m ConnectHandler: Request from 127.0.0.1:57930 accepted
[36m(DreamerWorker pid=4036249)[0m ReadyHandler: 127.0.0.1:57930 ready
[36m(DreamerWorker pid=4036249)[0m Requesting to join a single player game
[36m(DreamerWorker pid=4036249)[0m Configuring interface options
[36m(DreamerWorker pid=4036249)[0m Configure: raw interface enabled
[36m(DreamerWorker pid=4036249)[0m Configure: feature layer interface disabled
[36m(DreamerWorker pid=4036249)[0m Configure: score interface disabled
[36m(DreamerWorker pid=4036249)[0m Configure: render interface disabled
[36m(DreamerWorker pid=4036249)[0m Launching next game.
[36m(DreamerWorker pid=4036249)[0m Next launch phase started: 2
[36m(DreamerWorker pid=4036249)[0m Next launch phase started: 3
[36m(DreamerWorker pid=4036249)[0m Next launch phase started: 4
[36m(DreamerWorker pid=4036249)[0m Next launch phase started: 5
[36m(DreamerWorker pid=4036249)[0m Next launch phase started: 6
[36m(DreamerWorker pid=4036249)[0m Next launch phase started: 7
[36m(DreamerWorker pid=4036249)[0m Next launch phase started: 8
[36m(DreamerWorker pid=4036249)[0m Game has started.
[36m(DreamerWorker pid=4036249)[0m Using default stable ids, none found at: /home/razshmue/StarCraftII/stableid.json
[36m(DreamerWorker pid=4036249)[0m Successfully loaded stable ids: GameData\stableid.json
[36m(DreamerWorker pid=4036249)[0m Sending ResponseJoinGame
[36m(DreamerWorker pid=4036245)[0m Version: B75689 (SC2.4.10)
[36m(DreamerWorker pid=4036245)[0m Build: Aug 12 2019 17:16:57
[36m(DreamerWorker pid=4036245)[0m Command Line: '"/home/razshmue/StarCraftII/Versions/Base75689/SC2_x64" -listen 127.0.0.1 -port 45463 -dataDir /home/razshmue/StarCraftII/ -tempDir /tmp/sc-jhy27ia2/'
[36m(DreamerWorker pid=4036245)[0m Starting up...
[36m(DreamerWorker pid=4036245)[0m Startup Phase 1 complete
[36m(DreamerWorker pid=4036245)[0m Startup Phase 2 complete
[36m(DreamerWorker pid=4036245)[0m Creating stub renderer...
[36m(DreamerWorker pid=4036245)[0m Listening on: 127.0.0.1:45463
[36m(DreamerWorker pid=4036245)[0m Startup Phase 3 complete. Ready for commands.
[36m(DreamerWorker pid=4036245)[0m ConnectHandler: Request from 127.0.0.1:42580 accepted
[36m(DreamerWorker pid=4036245)[0m ReadyHandler: 127.0.0.1:42580 ready
[36m(DreamerWorker pid=4036245)[0m Requesting to join a single player game
[36m(DreamerWorker pid=4036245)[0m Configuring interface options
[36m(DreamerWorker pid=4036245)[0m Configure: raw interface enabled
[36m(DreamerWorker pid=4036245)[0m Configure: feature layer interface disabled
[36m(DreamerWorker pid=4036245)[0m Configure: score interface disabled
[36m(DreamerWorker pid=4036245)[0m Configure: render interface disabled
[36m(DreamerWorker pid=4036245)[0m Launching next game.
[36m(DreamerWorker pid=4036245)[0m Next launch phase started: 2
[36m(DreamerWorker pid=4036245)[0m Next launch phase started: 3
[36m(DreamerWorker pid=4036245)[0m Next launch phase started: 4
[36m(DreamerWorker pid=4036245)[0m Next launch phase started: 5
[36m(DreamerWorker pid=4036245)[0m Next launch phase started: 6
[36m(DreamerWorker pid=4036245)[0m Next launch phase started: 7
[36m(DreamerWorker pid=4036245)[0m Next launch phase started: 8
[36m(DreamerWorker pid=4036245)[0m Game has started.
[36m(DreamerWorker pid=4036245)[0m Using default stable ids, none found at: /home/razshmue/StarCraftII/stableid.json
[36m(DreamerWorker pid=4036245)[0m Successfully loaded stable ids: GameData\stableid.json
[36m(DreamerWorker pid=4036245)[0m Sending ResponseJoinGame
[36m(DreamerWorker pid=4036249)[0m Version: B75689 (SC2.4.10)
[36m(DreamerWorker pid=4036249)[0m Build: Aug 12 2019 17:16:57
[36m(DreamerWorker pid=4036249)[0m Command Line: '"/home/razshmue/StarCraftII/Versions/Base75689/SC2_x64" -listen 127.0.0.1 -port 43425 -dataDir /home/razshmue/StarCraftII/ -tempDir /tmp/sc-chzzz6ra/'
[36m(DreamerWorker pid=4036249)[0m Starting up...
[36m(DreamerWorker pid=4036249)[0m Startup Phase 1 complete
[36m(DreamerWorker pid=4036249)[0m Startup Phase 2 complete
[36m(DreamerWorker pid=4036249)[0m Creating stub renderer...
[36m(DreamerWorker pid=4036249)[0m Listening on: 127.0.0.1:43425
[36m(DreamerWorker pid=4036249)[0m Startup Phase 3 complete. Ready for commands.
[36m(DreamerWorker pid=4036249)[0m ConnectHandler: Request from 127.0.0.1:41350 accepted
[36m(DreamerWorker pid=4036249)[0m ReadyHandler: 127.0.0.1:41350 ready
[36m(DreamerWorker pid=4036249)[0m Requesting to join a single player game
[36m(DreamerWorker pid=4036249)[0m Configuring interface options
[36m(DreamerWorker pid=4036249)[0m Configure: raw interface enabled
[36m(DreamerWorker pid=4036249)[0m Configure: feature layer interface disabled
[36m(DreamerWorker pid=4036249)[0m Configure: score interface disabled
[36m(DreamerWorker pid=4036249)[0m Configure: render interface disabled
[36m(DreamerWorker pid=4036249)[0m Launching next game.
[36m(DreamerWorker pid=4036249)[0m Next launch phase started: 2
[36m(DreamerWorker pid=4036249)[0m Next launch phase started: 3
[36m(DreamerWorker pid=4036249)[0m Next launch phase started: 4
[36m(DreamerWorker pid=4036249)[0m Next launch phase started: 5
[36m(DreamerWorker pid=4036249)[0m Next launch phase started: 6
[36m(DreamerWorker pid=4036249)[0m Next launch phase started: 7
[36m(DreamerWorker pid=4036249)[0m Next launch phase started: 8
[36m(DreamerWorker pid=4036249)[0m Game has started.
[36m(DreamerWorker pid=4036249)[0m Using default stable ids, none found at: /home/razshmue/StarCraftII/stableid.json
[36m(DreamerWorker pid=4036249)[0m Successfully loaded stable ids: GameData\stableid.json
[36m(DreamerWorker pid=4036249)[0m Sending ResponseJoinGame
[36m(DreamerWorker pid=4036245)[0m Version: B75689 (SC2.4.10)
[36m(DreamerWorker pid=4036245)[0m Build: Aug 12 2019 17:16:57
[36m(DreamerWorker pid=4036245)[0m Command Line: '"/home/razshmue/StarCraftII/Versions/Base75689/SC2_x64" -listen 127.0.0.1 -port 44919 -dataDir /home/razshmue/StarCraftII/ -tempDir /tmp/sc-6qnkd8li/'
[36m(DreamerWorker pid=4036245)[0m Starting up...
[36m(DreamerWorker pid=4036245)[0m Startup Phase 1 complete
[36m(DreamerWorker pid=4036245)[0m Startup Phase 2 complete
[36m(DreamerWorker pid=4036245)[0m Creating stub renderer...
[36m(DreamerWorker pid=4036245)[0m Listening on: 127.0.0.1:44919
[36m(DreamerWorker pid=4036245)[0m Startup Phase 3 complete. Ready for commands.
[36m(DreamerWorker pid=4036245)[0m ConnectHandler: Request from 127.0.0.1:57806 accepted
[36m(DreamerWorker pid=4036245)[0m ReadyHandler: 127.0.0.1:57806 ready
[36m(DreamerWorker pid=4036245)[0m Requesting to join a single player game
[36m(DreamerWorker pid=4036245)[0m Configuring interface options
[36m(DreamerWorker pid=4036245)[0m Configure: raw interface enabled
[36m(DreamerWorker pid=4036245)[0m Configure: feature layer interface disabled
[36m(DreamerWorker pid=4036245)[0m Configure: score interface disabled
[36m(DreamerWorker pid=4036245)[0m Configure: render interface disabled
[36m(DreamerWorker pid=4036245)[0m Launching next game.
[36m(DreamerWorker pid=4036245)[0m Next launch phase started: 2
[36m(DreamerWorker pid=4036245)[0m Next launch phase started: 3
[36m(DreamerWorker pid=4036245)[0m Next launch phase started: 4
[36m(DreamerWorker pid=4036245)[0m Next launch phase started: 5
[36m(DreamerWorker pid=4036245)[0m Next launch phase started: 6
[36m(DreamerWorker pid=4036245)[0m Next launch phase started: 7
[36m(DreamerWorker pid=4036245)[0m Next launch phase started: 8
[36m(DreamerWorker pid=4036245)[0m Game has started.
[36m(DreamerWorker pid=4036245)[0m Using default stable ids, none found at: /home/razshmue/StarCraftII/stableid.json
[36m(DreamerWorker pid=4036245)[0m Successfully loaded stable ids: GameData\stableid.json
[36m(DreamerWorker pid=4036245)[0m Sending ResponseJoinGame
[36m(DreamerWorker pid=4036249)[0m Version: B75689 (SC2.4.10)
[36m(DreamerWorker pid=4036249)[0m Build: Aug 12 2019 17:16:57
[36m(DreamerWorker pid=4036249)[0m Command Line: '"/home/razshmue/StarCraftII/Versions/Base75689/SC2_x64" -listen 127.0.0.1 -port 37405 -dataDir /home/razshmue/StarCraftII/ -tempDir /tmp/sc-7fv3w9sc/'
[36m(DreamerWorker pid=4036249)[0m Starting up...
[36m(DreamerWorker pid=4036249)[0m Startup Phase 1 complete
[36m(DreamerWorker pid=4036249)[0m Startup Phase 2 complete
[36m(DreamerWorker pid=4036249)[0m Creating stub renderer...
[36m(DreamerWorker pid=4036249)[0m Listening on: 127.0.0.1:37405
[36m(DreamerWorker pid=4036249)[0m Startup Phase 3 complete. Ready for commands.
[36m(DreamerWorker pid=4036249)[0m ConnectHandler: Request from 127.0.0.1:58670 accepted
[36m(DreamerWorker pid=4036249)[0m ReadyHandler: 127.0.0.1:58670 ready
[36m(DreamerWorker pid=4036249)[0m Requesting to join a single player game
[36m(DreamerWorker pid=4036249)[0m Configuring interface options
[36m(DreamerWorker pid=4036249)[0m Configure: raw interface enabled
[36m(DreamerWorker pid=4036249)[0m Configure: feature layer interface disabled
[36m(DreamerWorker pid=4036249)[0m Configure: score interface disabled
[36m(DreamerWorker pid=4036249)[0m Configure: render interface disabled
[36m(DreamerWorker pid=4036249)[0m Launching next game.
[36m(DreamerWorker pid=4036249)[0m Next launch phase started: 2
[36m(DreamerWorker pid=4036249)[0m Next launch phase started: 3
[36m(DreamerWorker pid=4036249)[0m Next launch phase started: 4
[36m(DreamerWorker pid=4036249)[0m Next launch phase started: 5
[36m(DreamerWorker pid=4036249)[0m Next launch phase started: 6
[36m(DreamerWorker pid=4036249)[0m Next launch phase started: 7
[36m(DreamerWorker pid=4036249)[0m Next launch phase started: 8
[36m(DreamerWorker pid=4036249)[0m Game has started.
[36m(DreamerWorker pid=4036249)[0m Using default stable ids, none found at: /home/razshmue/StarCraftII/stableid.json
[36m(DreamerWorker pid=4036249)[0m Successfully loaded stable ids: GameData\stableid.json
[36m(DreamerWorker pid=4036249)[0m Sending ResponseJoinGame
[36m(DreamerWorker pid=4036245)[0m Version: B75689 (SC2.4.10)
[36m(DreamerWorker pid=4036245)[0m Build: Aug 12 2019 17:16:57
[36m(DreamerWorker pid=4036245)[0m Command Line: '"/home/razshmue/StarCraftII/Versions/Base75689/SC2_x64" -listen 127.0.0.1 -port 46877 -dataDir /home/razshmue/StarCraftII/ -tempDir /tmp/sc-7mz8wsi1/'
[36m(DreamerWorker pid=4036245)[0m Starting up...
[36m(DreamerWorker pid=4036245)[0m Startup Phase 1 complete
[36m(DreamerWorker pid=4036245)[0m Startup Phase 2 complete
[36m(DreamerWorker pid=4036245)[0m Creating stub renderer...
[36m(DreamerWorker pid=4036245)[0m Listening on: 127.0.0.1:46877
[36m(DreamerWorker pid=4036245)[0m Startup Phase 3 complete. Ready for commands.
[36m(DreamerWorker pid=4036245)[0m ConnectHandler: Request from 127.0.0.1:54598 accepted
[36m(DreamerWorker pid=4036245)[0m ReadyHandler: 127.0.0.1:54598 ready
[36m(DreamerWorker pid=4036245)[0m Requesting to join a single player game
[36m(DreamerWorker pid=4036245)[0m Configuring interface options
[36m(DreamerWorker pid=4036245)[0m Configure: raw interface enabled
[36m(DreamerWorker pid=4036245)[0m Configure: feature layer interface disabled
[36m(DreamerWorker pid=4036245)[0m Configure: score interface disabled
[36m(DreamerWorker pid=4036245)[0m Configure: render interface disabled
[36m(DreamerWorker pid=4036245)[0m Launching next game.
[36m(DreamerWorker pid=4036245)[0m Next launch phase started: 2
[36m(DreamerWorker pid=4036245)[0m Next launch phase started: 3
[36m(DreamerWorker pid=4036245)[0m Next launch phase started: 4
[36m(DreamerWorker pid=4036245)[0m Next launch phase started: 5
[36m(DreamerWorker pid=4036245)[0m Next launch phase started: 6
[36m(DreamerWorker pid=4036245)[0m Next launch phase started: 7
[36m(DreamerWorker pid=4036245)[0m Next launch phase started: 8
[36m(DreamerWorker pid=4036245)[0m Game has started.
[36m(DreamerWorker pid=4036245)[0m Using default stable ids, none found at: /home/razshmue/StarCraftII/stableid.json
[36m(DreamerWorker pid=4036245)[0m Successfully loaded stable ids: GameData\stableid.json
[36m(DreamerWorker pid=4036245)[0m Sending ResponseJoinGame
[36m(DreamerWorker pid=4036249)[0m Version: B75689 (SC2.4.10)
[36m(DreamerWorker pid=4036249)[0m Build: Aug 12 2019 17:16:57
[36m(DreamerWorker pid=4036249)[0m Command Line: '"/home/razshmue/StarCraftII/Versions/Base75689/SC2_x64" -listen 127.0.0.1 -port 44477 -dataDir /home/razshmue/StarCraftII/ -tempDir /tmp/sc-fijphwhf/'
[36m(DreamerWorker pid=4036249)[0m Starting up...
[36m(DreamerWorker pid=4036249)[0m Startup Phase 1 complete
[36m(DreamerWorker pid=4036249)[0m Startup Phase 2 complete
[36m(DreamerWorker pid=4036249)[0m Creating stub renderer...
[36m(DreamerWorker pid=4036249)[0m Listening on: 127.0.0.1:44477
[36m(DreamerWorker pid=4036249)[0m Startup Phase 3 complete. Ready for commands.
[36m(DreamerWorker pid=4036249)[0m ConnectHandler: Request from 127.0.0.1:58570 accepted
[36m(DreamerWorker pid=4036249)[0m ReadyHandler: 127.0.0.1:58570 ready
[36m(DreamerWorker pid=4036249)[0m Requesting to join a single player game
[36m(DreamerWorker pid=4036249)[0m Configuring interface options
[36m(DreamerWorker pid=4036249)[0m Configure: raw interface enabled
[36m(DreamerWorker pid=4036249)[0m Configure: feature layer interface disabled
[36m(DreamerWorker pid=4036249)[0m Configure: score interface disabled
[36m(DreamerWorker pid=4036249)[0m Configure: render interface disabled
[36m(DreamerWorker pid=4036249)[0m Launching next game.
[36m(DreamerWorker pid=4036249)[0m Next launch phase started: 2
[36m(DreamerWorker pid=4036249)[0m Next launch phase started: 3
[36m(DreamerWorker pid=4036249)[0m Next launch phase started: 4
[36m(DreamerWorker pid=4036249)[0m Next launch phase started: 5
[36m(DreamerWorker pid=4036249)[0m Next launch phase started: 6
[36m(DreamerWorker pid=4036249)[0m Next launch phase started: 7
[36m(DreamerWorker pid=4036249)[0m Next launch phase started: 8
[36m(DreamerWorker pid=4036249)[0m Game has started.
[36m(DreamerWorker pid=4036249)[0m Using default stable ids, none found at: /home/razshmue/StarCraftII/stableid.json
[36m(DreamerWorker pid=4036249)[0m Successfully loaded stable ids: GameData\stableid.json
[36m(DreamerWorker pid=4036249)[0m Sending ResponseJoinGame
[36m(DreamerWorker pid=4036245)[0m Version: B75689 (SC2.4.10)
[36m(DreamerWorker pid=4036245)[0m Build: Aug 12 2019 17:16:57
[36m(DreamerWorker pid=4036245)[0m Command Line: '"/home/razshmue/StarCraftII/Versions/Base75689/SC2_x64" -listen 127.0.0.1 -port 43577 -dataDir /home/razshmue/StarCraftII/ -tempDir /tmp/sc-orzh5djm/'
[36m(DreamerWorker pid=4036245)[0m Starting up...
[36m(DreamerWorker pid=4036245)[0m Startup Phase 1 complete
[36m(DreamerWorker pid=4036245)[0m Startup Phase 2 complete
[36m(DreamerWorker pid=4036245)[0m Creating stub renderer...
[36m(DreamerWorker pid=4036245)[0m Listening on: 127.0.0.1:43577
[36m(DreamerWorker pid=4036245)[0m Startup Phase 3 complete. Ready for commands.
[36m(DreamerWorker pid=4036245)[0m ConnectHandler: Request from 127.0.0.1:39206 accepted
[36m(DreamerWorker pid=4036245)[0m ReadyHandler: 127.0.0.1:39206 ready
[36m(DreamerWorker pid=4036245)[0m Requesting to join a single player game
[36m(DreamerWorker pid=4036245)[0m Configuring interface options
[36m(DreamerWorker pid=4036245)[0m Configure: raw interface enabled
[36m(DreamerWorker pid=4036245)[0m Configure: feature layer interface disabled
[36m(DreamerWorker pid=4036245)[0m Configure: score interface disabled
[36m(DreamerWorker pid=4036245)[0m Configure: render interface disabled
[36m(DreamerWorker pid=4036245)[0m Launching next game.
[36m(DreamerWorker pid=4036245)[0m Next launch phase started: 2
[36m(DreamerWorker pid=4036245)[0m Next launch phase started: 3
[36m(DreamerWorker pid=4036245)[0m Next launch phase started: 4
[36m(DreamerWorker pid=4036245)[0m Next launch phase started: 5
[36m(DreamerWorker pid=4036245)[0m Next launch phase started: 6
[36m(DreamerWorker pid=4036245)[0m Next launch phase started: 7
[36m(DreamerWorker pid=4036245)[0m Next launch phase started: 8
[36m(DreamerWorker pid=4036245)[0m Game has started.
[36m(DreamerWorker pid=4036245)[0m Using default stable ids, none found at: /home/razshmue/StarCraftII/stableid.json
[36m(DreamerWorker pid=4036245)[0m Successfully loaded stable ids: GameData\stableid.json
[36m(DreamerWorker pid=4036245)[0m Sending ResponseJoinGame
[36m(DreamerWorker pid=4036249)[0m Version: B75689 (SC2.4.10)
[36m(DreamerWorker pid=4036249)[0m Build: Aug 12 2019 17:16:57
[36m(DreamerWorker pid=4036249)[0m Command Line: '"/home/razshmue/StarCraftII/Versions/Base75689/SC2_x64" -listen 127.0.0.1 -port 39329 -dataDir /home/razshmue/StarCraftII/ -tempDir /tmp/sc-saqonbpz/'
[36m(DreamerWorker pid=4036249)[0m Starting up...
[36m(DreamerWorker pid=4036249)[0m Startup Phase 1 complete
[36m(DreamerWorker pid=4036249)[0m Startup Phase 2 complete
[36m(DreamerWorker pid=4036249)[0m Creating stub renderer...
[36m(DreamerWorker pid=4036249)[0m Listening on: 127.0.0.1:39329
[36m(DreamerWorker pid=4036249)[0m Startup Phase 3 complete. Ready for commands.
[36m(DreamerWorker pid=4036249)[0m ConnectHandler: Request from 127.0.0.1:50322 accepted
[36m(DreamerWorker pid=4036249)[0m ReadyHandler: 127.0.0.1:50322 ready
[36m(DreamerWorker pid=4036249)[0m Requesting to join a single player game
[36m(DreamerWorker pid=4036249)[0m Configuring interface options
[36m(DreamerWorker pid=4036249)[0m Configure: raw interface enabled
[36m(DreamerWorker pid=4036249)[0m Configure: feature layer interface disabled
[36m(DreamerWorker pid=4036249)[0m Configure: score interface disabled
[36m(DreamerWorker pid=4036249)[0m Configure: render interface disabled
[36m(DreamerWorker pid=4036249)[0m Launching next game.
[36m(DreamerWorker pid=4036249)[0m Next launch phase started: 2
[36m(DreamerWorker pid=4036249)[0m Next launch phase started: 3
[36m(DreamerWorker pid=4036249)[0m Next launch phase started: 4
[36m(DreamerWorker pid=4036249)[0m Next launch phase started: 5
[36m(DreamerWorker pid=4036249)[0m Next launch phase started: 6
[36m(DreamerWorker pid=4036249)[0m Next launch phase started: 7
[36m(DreamerWorker pid=4036249)[0m Next launch phase started: 8
[36m(DreamerWorker pid=4036249)[0m Game has started.
[36m(DreamerWorker pid=4036249)[0m Using default stable ids, none found at: /home/razshmue/StarCraftII/stableid.json
[36m(DreamerWorker pid=4036249)[0m Successfully loaded stable ids: GameData\stableid.json
[36m(DreamerWorker pid=4036249)[0m Sending ResponseJoinGame
[36m(DreamerWorker pid=4036245)[0m Version: B75689 (SC2.4.10)
[36m(DreamerWorker pid=4036245)[0m Build: Aug 12 2019 17:16:57
[36m(DreamerWorker pid=4036245)[0m Command Line: '"/home/razshmue/StarCraftII/Versions/Base75689/SC2_x64" -listen 127.0.0.1 -port 41039 -dataDir /home/razshmue/StarCraftII/ -tempDir /tmp/sc-v7edjrwj/'
[36m(DreamerWorker pid=4036245)[0m Starting up...
[36m(DreamerWorker pid=4036245)[0m Startup Phase 1 complete
[36m(DreamerWorker pid=4036245)[0m Startup Phase 2 complete
[36m(DreamerWorker pid=4036245)[0m Creating stub renderer...
[36m(DreamerWorker pid=4036245)[0m Listening on: 127.0.0.1:41039
[36m(DreamerWorker pid=4036245)[0m Startup Phase 3 complete. Ready for commands.
[36m(DreamerWorker pid=4036245)[0m ConnectHandler: Request from 127.0.0.1:44446 accepted
[36m(DreamerWorker pid=4036245)[0m ReadyHandler: 127.0.0.1:44446 ready
[36m(DreamerWorker pid=4036245)[0m Requesting to join a single player game
[36m(DreamerWorker pid=4036245)[0m Configuring interface options
[36m(DreamerWorker pid=4036245)[0m Configure: raw interface enabled
[36m(DreamerWorker pid=4036245)[0m Configure: feature layer interface disabled
[36m(DreamerWorker pid=4036245)[0m Configure: score interface disabled
[36m(DreamerWorker pid=4036245)[0m Configure: render interface disabled
[36m(DreamerWorker pid=4036245)[0m Launching next game.
[36m(DreamerWorker pid=4036245)[0m Next launch phase started: 2
[36m(DreamerWorker pid=4036245)[0m Next launch phase started: 3
[36m(DreamerWorker pid=4036245)[0m Next launch phase started: 4
[36m(DreamerWorker pid=4036245)[0m Next launch phase started: 5
[36m(DreamerWorker pid=4036245)[0m Next launch phase started: 6
[36m(DreamerWorker pid=4036245)[0m Next launch phase started: 7
[36m(DreamerWorker pid=4036245)[0m Next launch phase started: 8
[36m(DreamerWorker pid=4036245)[0m Game has started.
[36m(DreamerWorker pid=4036245)[0m Using default stable ids, none found at: /home/razshmue/StarCraftII/stableid.json
[36m(DreamerWorker pid=4036245)[0m Successfully loaded stable ids: GameData\stableid.json
[36m(DreamerWorker pid=4036245)[0m Sending ResponseJoinGame
[36m(DreamerWorker pid=4036249)[0m Version: B75689 (SC2.4.10)
[36m(DreamerWorker pid=4036249)[0m Build: Aug 12 2019 17:16:57
[36m(DreamerWorker pid=4036249)[0m Command Line: '"/home/razshmue/StarCraftII/Versions/Base75689/SC2_x64" -listen 127.0.0.1 -port 45057 -dataDir /home/razshmue/StarCraftII/ -tempDir /tmp/sc-g30xli6t/'
[36m(DreamerWorker pid=4036249)[0m Starting up...
[36m(DreamerWorker pid=4036249)[0m Startup Phase 1 complete
[36m(DreamerWorker pid=4036249)[0m Startup Phase 2 complete
[36m(DreamerWorker pid=4036249)[0m Creating stub renderer...
[36m(DreamerWorker pid=4036249)[0m Listening on: 127.0.0.1:45057
[36m(DreamerWorker pid=4036249)[0m Startup Phase 3 complete. Ready for commands.
[36m(DreamerWorker pid=4036249)[0m ConnectHandler: Request from 127.0.0.1:47584 accepted
[36m(DreamerWorker pid=4036249)[0m ReadyHandler: 127.0.0.1:47584 ready
[36m(DreamerWorker pid=4036249)[0m Requesting to join a single player game
[36m(DreamerWorker pid=4036249)[0m Configuring interface options
[36m(DreamerWorker pid=4036249)[0m Configure: raw interface enabled
[36m(DreamerWorker pid=4036249)[0m Configure: feature layer interface disabled
[36m(DreamerWorker pid=4036249)[0m Configure: score interface disabled
[36m(DreamerWorker pid=4036249)[0m Configure: render interface disabled
[36m(DreamerWorker pid=4036249)[0m Launching next game.
[36m(DreamerWorker pid=4036249)[0m Next launch phase started: 2
[36m(DreamerWorker pid=4036249)[0m Next launch phase started: 3
[36m(DreamerWorker pid=4036249)[0m Next launch phase started: 4
[36m(DreamerWorker pid=4036249)[0m Next launch phase started: 5
[36m(DreamerWorker pid=4036249)[0m Next launch phase started: 6
[36m(DreamerWorker pid=4036249)[0m Next launch phase started: 7
[36m(DreamerWorker pid=4036249)[0m Next launch phase started: 8
[36m(DreamerWorker pid=4036249)[0m Game has started.
[36m(DreamerWorker pid=4036249)[0m Using default stable ids, none found at: /home/razshmue/StarCraftII/stableid.json
[36m(DreamerWorker pid=4036249)[0m Successfully loaded stable ids: GameData\stableid.json
[36m(DreamerWorker pid=4036249)[0m Sending ResponseJoinGame
[36m(DreamerWorker pid=4036245)[0m Version: B75689 (SC2.4.10)
[36m(DreamerWorker pid=4036245)[0m Build: Aug 12 2019 17:16:57
[36m(DreamerWorker pid=4036245)[0m Command Line: '"/home/razshmue/StarCraftII/Versions/Base75689/SC2_x64" -listen 127.0.0.1 -port 34197 -dataDir /home/razshmue/StarCraftII/ -tempDir /tmp/sc-r1lg17ms/'
[36m(DreamerWorker pid=4036245)[0m Starting up...
[36m(DreamerWorker pid=4036245)[0m Startup Phase 1 complete
[36m(DreamerWorker pid=4036245)[0m Startup Phase 2 complete
[36m(DreamerWorker pid=4036245)[0m Creating stub renderer...
[36m(DreamerWorker pid=4036245)[0m Listening on: 127.0.0.1:34197
[36m(DreamerWorker pid=4036245)[0m Startup Phase 3 complete. Ready for commands.
[36m(DreamerWorker pid=4036245)[0m ConnectHandler: Request from 127.0.0.1:36328 accepted
[36m(DreamerWorker pid=4036245)[0m ReadyHandler: 127.0.0.1:36328 ready
[36m(DreamerWorker pid=4036245)[0m Requesting to join a single player game
[36m(DreamerWorker pid=4036245)[0m Configuring interface options
[36m(DreamerWorker pid=4036245)[0m Configure: raw interface enabled
[36m(DreamerWorker pid=4036245)[0m Configure: feature layer interface disabled
[36m(DreamerWorker pid=4036245)[0m Configure: score interface disabled
[36m(DreamerWorker pid=4036245)[0m Configure: render interface disabled
[36m(DreamerWorker pid=4036245)[0m Launching next game.
[36m(DreamerWorker pid=4036245)[0m Next launch phase started: 2
[36m(DreamerWorker pid=4036245)[0m Next launch phase started: 3
[36m(DreamerWorker pid=4036245)[0m Next launch phase started: 4
[36m(DreamerWorker pid=4036245)[0m Next launch phase started: 5
[36m(DreamerWorker pid=4036245)[0m Next launch phase started: 6
[36m(DreamerWorker pid=4036245)[0m Next launch phase started: 7
[36m(DreamerWorker pid=4036245)[0m Next launch phase started: 8
[36m(DreamerWorker pid=4036245)[0m Game has started.
[36m(DreamerWorker pid=4036245)[0m Using default stable ids, none found at: /home/razshmue/StarCraftII/stableid.json
[36m(DreamerWorker pid=4036245)[0m Successfully loaded stable ids: GameData\stableid.json
[36m(DreamerWorker pid=4036245)[0m Sending ResponseJoinGame
[36m(DreamerWorker pid=4036249)[0m Version: B75689 (SC2.4.10)
[36m(DreamerWorker pid=4036249)[0m Build: Aug 12 2019 17:16:57
[36m(DreamerWorker pid=4036249)[0m Command Line: '"/home/razshmue/StarCraftII/Versions/Base75689/SC2_x64" -listen 127.0.0.1 -port 34529 -dataDir /home/razshmue/StarCraftII/ -tempDir /tmp/sc-9malx9ja/'
[36m(DreamerWorker pid=4036249)[0m Starting up...
[36m(DreamerWorker pid=4036249)[0m Startup Phase 1 complete
[36m(DreamerWorker pid=4036249)[0m Startup Phase 2 complete
[36m(DreamerWorker pid=4036249)[0m Creating stub renderer...
[36m(DreamerWorker pid=4036249)[0m Listening on: 127.0.0.1:34529
[36m(DreamerWorker pid=4036249)[0m Startup Phase 3 complete. Ready for commands.
[36m(DreamerWorker pid=4036249)[0m ConnectHandler: Request from 127.0.0.1:50464 accepted
[36m(DreamerWorker pid=4036249)[0m ReadyHandler: 127.0.0.1:50464 ready
[36m(DreamerWorker pid=4036249)[0m Requesting to join a single player game
[36m(DreamerWorker pid=4036249)[0m Configuring interface options
[36m(DreamerWorker pid=4036249)[0m Configure: raw interface enabled
[36m(DreamerWorker pid=4036249)[0m Configure: feature layer interface disabled
[36m(DreamerWorker pid=4036249)[0m Configure: score interface disabled
[36m(DreamerWorker pid=4036249)[0m Configure: render interface disabled
[36m(DreamerWorker pid=4036249)[0m Launching next game.
[36m(DreamerWorker pid=4036249)[0m Next launch phase started: 2
[36m(DreamerWorker pid=4036249)[0m Next launch phase started: 3
[36m(DreamerWorker pid=4036249)[0m Next launch phase started: 4
[36m(DreamerWorker pid=4036249)[0m Next launch phase started: 5
[36m(DreamerWorker pid=4036249)[0m Next launch phase started: 6
[36m(DreamerWorker pid=4036249)[0m Next launch phase started: 7
[36m(DreamerWorker pid=4036249)[0m Next launch phase started: 8
[36m(DreamerWorker pid=4036249)[0m Game has started.
[36m(DreamerWorker pid=4036249)[0m Using default stable ids, none found at: /home/razshmue/StarCraftII/stableid.json
[36m(DreamerWorker pid=4036249)[0m Successfully loaded stable ids: GameData\stableid.json
[36m(DreamerWorker pid=4036249)[0m Sending ResponseJoinGame
[36m(DreamerWorker pid=4036245)[0m Version: B75689 (SC2.4.10)
[36m(DreamerWorker pid=4036245)[0m Build: Aug 12 2019 17:16:57
[36m(DreamerWorker pid=4036245)[0m Command Line: '"/home/razshmue/StarCraftII/Versions/Base75689/SC2_x64" -listen 127.0.0.1 -port 43667 -dataDir /home/razshmue/StarCraftII/ -tempDir /tmp/sc-nekjghfq/'
[36m(DreamerWorker pid=4036245)[0m Starting up...
[36m(DreamerWorker pid=4036245)[0m Startup Phase 1 complete
[36m(DreamerWorker pid=4036245)[0m Startup Phase 2 complete
[36m(DreamerWorker pid=4036245)[0m Creating stub renderer...
[36m(DreamerWorker pid=4036245)[0m Listening on: 127.0.0.1:43667
[36m(DreamerWorker pid=4036245)[0m Startup Phase 3 complete. Ready for commands.
[36m(DreamerWorker pid=4036245)[0m ConnectHandler: Request from 127.0.0.1:33114 accepted
[36m(DreamerWorker pid=4036245)[0m ReadyHandler: 127.0.0.1:33114 ready
[36m(DreamerWorker pid=4036245)[0m Requesting to join a single player game
[36m(DreamerWorker pid=4036245)[0m Configuring interface options
[36m(DreamerWorker pid=4036245)[0m Configure: raw interface enabled
[36m(DreamerWorker pid=4036245)[0m Configure: feature layer interface disabled
[36m(DreamerWorker pid=4036245)[0m Configure: score interface disabled
[36m(DreamerWorker pid=4036245)[0m Configure: render interface disabled
[36m(DreamerWorker pid=4036245)[0m Launching next game.
[36m(DreamerWorker pid=4036245)[0m Next launch phase started: 2
[36m(DreamerWorker pid=4036245)[0m Next launch phase started: 3
[36m(DreamerWorker pid=4036245)[0m Next launch phase started: 4
[36m(DreamerWorker pid=4036245)[0m Next launch phase started: 5
[36m(DreamerWorker pid=4036245)[0m Next launch phase started: 6
[36m(DreamerWorker pid=4036245)[0m Next launch phase started: 7
[36m(DreamerWorker pid=4036245)[0m Next launch phase started: 8
[36m(DreamerWorker pid=4036245)[0m Game has started.
[36m(DreamerWorker pid=4036245)[0m Using default stable ids, none found at: /home/razshmue/StarCraftII/stableid.json
[36m(DreamerWorker pid=4036245)[0m Successfully loaded stable ids: GameData\stableid.json
[36m(DreamerWorker pid=4036245)[0m Sending ResponseJoinGame
[36m(DreamerWorker pid=4036249)[0m Version: B75689 (SC2.4.10)
[36m(DreamerWorker pid=4036249)[0m Build: Aug 12 2019 17:16:57
[36m(DreamerWorker pid=4036249)[0m Command Line: '"/home/razshmue/StarCraftII/Versions/Base75689/SC2_x64" -listen 127.0.0.1 -port 37271 -dataDir /home/razshmue/StarCraftII/ -tempDir /tmp/sc-lzcrs23g/'
[36m(DreamerWorker pid=4036249)[0m Starting up...
[36m(DreamerWorker pid=4036249)[0m Startup Phase 1 complete
[36m(DreamerWorker pid=4036249)[0m Startup Phase 2 complete
[36m(DreamerWorker pid=4036249)[0m Creating stub renderer...
[36m(DreamerWorker pid=4036249)[0m Listening on: 127.0.0.1:37271
[36m(DreamerWorker pid=4036249)[0m Startup Phase 3 complete. Ready for commands.
[36m(DreamerWorker pid=4036249)[0m ConnectHandler: Request from 127.0.0.1:55434 accepted
[36m(DreamerWorker pid=4036249)[0m ReadyHandler: 127.0.0.1:55434 ready
[36m(DreamerWorker pid=4036249)[0m Requesting to join a single player game
[36m(DreamerWorker pid=4036249)[0m Configuring interface options
[36m(DreamerWorker pid=4036249)[0m Configure: raw interface enabled
[36m(DreamerWorker pid=4036249)[0m Configure: feature layer interface disabled
[36m(DreamerWorker pid=4036249)[0m Configure: score interface disabled
[36m(DreamerWorker pid=4036249)[0m Configure: render interface disabled
[36m(DreamerWorker pid=4036249)[0m Launching next game.
[36m(DreamerWorker pid=4036249)[0m Next launch phase started: 2
[36m(DreamerWorker pid=4036249)[0m Next launch phase started: 3
[36m(DreamerWorker pid=4036249)[0m Next launch phase started: 4
[36m(DreamerWorker pid=4036249)[0m Next launch phase started: 5
[36m(DreamerWorker pid=4036249)[0m Next launch phase started: 6
[36m(DreamerWorker pid=4036249)[0m Next launch phase started: 7
[36m(DreamerWorker pid=4036249)[0m Next launch phase started: 8
[36m(DreamerWorker pid=4036249)[0m Game has started.
[36m(DreamerWorker pid=4036249)[0m Using default stable ids, none found at: /home/razshmue/StarCraftII/stableid.json
[36m(DreamerWorker pid=4036249)[0m Successfully loaded stable ids: GameData\stableid.json
[36m(DreamerWorker pid=4036249)[0m Sending ResponseJoinGame
[36m(DreamerWorker pid=4036245)[0m Version: B75689 (SC2.4.10)
[36m(DreamerWorker pid=4036245)[0m Build: Aug 12 2019 17:16:57
[36m(DreamerWorker pid=4036245)[0m Command Line: '"/home/razshmue/StarCraftII/Versions/Base75689/SC2_x64" -listen 127.0.0.1 -port 46785 -dataDir /home/razshmue/StarCraftII/ -tempDir /tmp/sc-hl8uhuhz/'
[36m(DreamerWorker pid=4036245)[0m Starting up...
[36m(DreamerWorker pid=4036245)[0m Startup Phase 1 complete
[36m(DreamerWorker pid=4036245)[0m Startup Phase 2 complete
[36m(DreamerWorker pid=4036245)[0m Creating stub renderer...
[36m(DreamerWorker pid=4036245)[0m Listening on: 127.0.0.1:46785
[36m(DreamerWorker pid=4036245)[0m Startup Phase 3 complete. Ready for commands.
[36m(DreamerWorker pid=4036245)[0m ConnectHandler: Request from 127.0.0.1:49948 accepted
[36m(DreamerWorker pid=4036245)[0m ReadyHandler: 127.0.0.1:49948 ready
[36m(DreamerWorker pid=4036245)[0m Requesting to join a single player game
[36m(DreamerWorker pid=4036245)[0m Configuring interface options
[36m(DreamerWorker pid=4036245)[0m Configure: raw interface enabled
[36m(DreamerWorker pid=4036245)[0m Configure: feature layer interface disabled
[36m(DreamerWorker pid=4036245)[0m Configure: score interface disabled
[36m(DreamerWorker pid=4036245)[0m Configure: render interface disabled
[36m(DreamerWorker pid=4036245)[0m Launching next game.
[36m(DreamerWorker pid=4036245)[0m Next launch phase started: 2
[36m(DreamerWorker pid=4036245)[0m Next launch phase started: 3
[36m(DreamerWorker pid=4036245)[0m Next launch phase started: 4
[36m(DreamerWorker pid=4036245)[0m Next launch phase started: 5
[36m(DreamerWorker pid=4036245)[0m Next launch phase started: 6
[36m(DreamerWorker pid=4036245)[0m Next launch phase started: 7
[36m(DreamerWorker pid=4036245)[0m Next launch phase started: 8
[36m(DreamerWorker pid=4036245)[0m Game has started.
[36m(DreamerWorker pid=4036245)[0m Using default stable ids, none found at: /home/razshmue/StarCraftII/stableid.json
[36m(DreamerWorker pid=4036245)[0m Successfully loaded stable ids: GameData\stableid.json
[36m(DreamerWorker pid=4036245)[0m Sending ResponseJoinGame
[36m(DreamerWorker pid=4036249)[0m Version: B75689 (SC2.4.10)
[36m(DreamerWorker pid=4036249)[0m Build: Aug 12 2019 17:16:57
[36m(DreamerWorker pid=4036249)[0m Command Line: '"/home/razshmue/StarCraftII/Versions/Base75689/SC2_x64" -listen 127.0.0.1 -port 41847 -dataDir /home/razshmue/StarCraftII/ -tempDir /tmp/sc-20p8wkp6/'
[36m(DreamerWorker pid=4036249)[0m Starting up...
[36m(DreamerWorker pid=4036249)[0m Startup Phase 1 complete
[36m(DreamerWorker pid=4036249)[0m Startup Phase 2 complete
[36m(DreamerWorker pid=4036249)[0m Creating stub renderer...
[36m(DreamerWorker pid=4036249)[0m Listening on: 127.0.0.1:41847
[36m(DreamerWorker pid=4036249)[0m Startup Phase 3 complete. Ready for commands.
[36m(DreamerWorker pid=4036249)[0m ConnectHandler: Request from 127.0.0.1:38296 accepted
[36m(DreamerWorker pid=4036249)[0m ReadyHandler: 127.0.0.1:38296 ready
[36m(DreamerWorker pid=4036249)[0m Requesting to join a single player game
[36m(DreamerWorker pid=4036249)[0m Configuring interface options
[36m(DreamerWorker pid=4036249)[0m Configure: raw interface enabled
[36m(DreamerWorker pid=4036249)[0m Configure: feature layer interface disabled
[36m(DreamerWorker pid=4036249)[0m Configure: score interface disabled
[36m(DreamerWorker pid=4036249)[0m Configure: render interface disabled
[36m(DreamerWorker pid=4036249)[0m Launching next game.
[36m(DreamerWorker pid=4036249)[0m Next launch phase started: 2
[36m(DreamerWorker pid=4036249)[0m Next launch phase started: 3
[36m(DreamerWorker pid=4036249)[0m Next launch phase started: 4
[36m(DreamerWorker pid=4036249)[0m Next launch phase started: 5
[36m(DreamerWorker pid=4036249)[0m Next launch phase started: 6
[36m(DreamerWorker pid=4036249)[0m Next launch phase started: 7
[36m(DreamerWorker pid=4036249)[0m Next launch phase started: 8
[36m(DreamerWorker pid=4036249)[0m Game has started.
[36m(DreamerWorker pid=4036249)[0m Using default stable ids, none found at: /home/razshmue/StarCraftII/stableid.json
[36m(DreamerWorker pid=4036249)[0m Successfully loaded stable ids: GameData\stableid.json
[36m(DreamerWorker pid=4036249)[0m Sending ResponseJoinGame
[36m(DreamerWorker pid=4036245)[0m Version: B75689 (SC2.4.10)
[36m(DreamerWorker pid=4036245)[0m Build: Aug 12 2019 17:16:57
[36m(DreamerWorker pid=4036245)[0m Command Line: '"/home/razshmue/StarCraftII/Versions/Base75689/SC2_x64" -listen 127.0.0.1 -port 46295 -dataDir /home/razshmue/StarCraftII/ -tempDir /tmp/sc-p0ud13rf/'
[36m(DreamerWorker pid=4036245)[0m Starting up...
[36m(DreamerWorker pid=4036245)[0m Startup Phase 1 complete
[36m(DreamerWorker pid=4036245)[0m Startup Phase 2 complete
[36m(DreamerWorker pid=4036245)[0m Creating stub renderer...
[36m(DreamerWorker pid=4036245)[0m Listening on: 127.0.0.1:46295
[36m(DreamerWorker pid=4036245)[0m Startup Phase 3 complete. Ready for commands.
[36m(DreamerWorker pid=4036245)[0m ConnectHandler: Request from 127.0.0.1:36736 accepted
[36m(DreamerWorker pid=4036245)[0m ReadyHandler: 127.0.0.1:36736 ready
[36m(DreamerWorker pid=4036245)[0m Requesting to join a single player game
[36m(DreamerWorker pid=4036245)[0m Configuring interface options
[36m(DreamerWorker pid=4036245)[0m Configure: raw interface enabled
[36m(DreamerWorker pid=4036245)[0m Configure: feature layer interface disabled
[36m(DreamerWorker pid=4036245)[0m Configure: score interface disabled
[36m(DreamerWorker pid=4036245)[0m Configure: render interface disabled
[36m(DreamerWorker pid=4036245)[0m Launching next game.
[36m(DreamerWorker pid=4036245)[0m Next launch phase started: 2
[36m(DreamerWorker pid=4036245)[0m Next launch phase started: 3
[36m(DreamerWorker pid=4036245)[0m Next launch phase started: 4
[36m(DreamerWorker pid=4036245)[0m Next launch phase started: 5
[36m(DreamerWorker pid=4036245)[0m Next launch phase started: 6
[36m(DreamerWorker pid=4036245)[0m Next launch phase started: 7
[36m(DreamerWorker pid=4036245)[0m Next launch phase started: 8
[36m(DreamerWorker pid=4036245)[0m Game has started.
[36m(DreamerWorker pid=4036245)[0m Using default stable ids, none found at: /home/razshmue/StarCraftII/stableid.json
[36m(DreamerWorker pid=4036245)[0m Successfully loaded stable ids: GameData\stableid.json
[36m(DreamerWorker pid=4036245)[0m Sending ResponseJoinGame
[36m(DreamerWorker pid=4036249)[0m Version: B75689 (SC2.4.10)
[36m(DreamerWorker pid=4036249)[0m Build: Aug 12 2019 17:16:57
[36m(DreamerWorker pid=4036249)[0m Command Line: '"/home/razshmue/StarCraftII/Versions/Base75689/SC2_x64" -listen 127.0.0.1 -port 39015 -dataDir /home/razshmue/StarCraftII/ -tempDir /tmp/sc-35ta86dx/'
[36m(DreamerWorker pid=4036249)[0m Starting up...
[36m(DreamerWorker pid=4036249)[0m Startup Phase 1 complete
[36m(DreamerWorker pid=4036249)[0m Startup Phase 2 complete
[36m(DreamerWorker pid=4036249)[0m Creating stub renderer...
[36m(DreamerWorker pid=4036249)[0m Listening on: 127.0.0.1:39015
[36m(DreamerWorker pid=4036249)[0m Startup Phase 3 complete. Ready for commands.
[36m(DreamerWorker pid=4036249)[0m ConnectHandler: Request from 127.0.0.1:58166 accepted
[36m(DreamerWorker pid=4036249)[0m ReadyHandler: 127.0.0.1:58166 ready
[36m(DreamerWorker pid=4036249)[0m Requesting to join a single player game
[36m(DreamerWorker pid=4036249)[0m Configuring interface options
[36m(DreamerWorker pid=4036249)[0m Configure: raw interface enabled
[36m(DreamerWorker pid=4036249)[0m Configure: feature layer interface disabled
[36m(DreamerWorker pid=4036249)[0m Configure: score interface disabled
[36m(DreamerWorker pid=4036249)[0m Configure: render interface disabled
[36m(DreamerWorker pid=4036249)[0m Launching next game.
[36m(DreamerWorker pid=4036249)[0m Next launch phase started: 2
[36m(DreamerWorker pid=4036249)[0m Next launch phase started: 3
[36m(DreamerWorker pid=4036249)[0m Next launch phase started: 4
[36m(DreamerWorker pid=4036249)[0m Next launch phase started: 5
[36m(DreamerWorker pid=4036249)[0m Next launch phase started: 6
[36m(DreamerWorker pid=4036249)[0m Next launch phase started: 7
[36m(DreamerWorker pid=4036249)[0m Next launch phase started: 8
[36m(DreamerWorker pid=4036249)[0m Game has started.
[36m(DreamerWorker pid=4036249)[0m Using default stable ids, none found at: /home/razshmue/StarCraftII/stableid.json
[36m(DreamerWorker pid=4036249)[0m Successfully loaded stable ids: GameData\stableid.json
[36m(DreamerWorker pid=4036249)[0m Sending ResponseJoinGame
[36m(DreamerWorker pid=4036245)[0m Version: B75689 (SC2.4.10)
[36m(DreamerWorker pid=4036245)[0m Build: Aug 12 2019 17:16:57
[36m(DreamerWorker pid=4036245)[0m Command Line: '"/home/razshmue/StarCraftII/Versions/Base75689/SC2_x64" -listen 127.0.0.1 -port 34685 -dataDir /home/razshmue/StarCraftII/ -tempDir /tmp/sc-gd__9r1m/'
[36m(DreamerWorker pid=4036245)[0m Starting up...
[36m(DreamerWorker pid=4036245)[0m Startup Phase 1 complete
[36m(DreamerWorker pid=4036245)[0m Startup Phase 2 complete
[36m(DreamerWorker pid=4036245)[0m Creating stub renderer...
[36m(DreamerWorker pid=4036245)[0m Listening on: 127.0.0.1:34685
[36m(DreamerWorker pid=4036245)[0m Startup Phase 3 complete. Ready for commands.
[36m(DreamerWorker pid=4036245)[0m ConnectHandler: Request from 127.0.0.1:38040 accepted
[36m(DreamerWorker pid=4036245)[0m ReadyHandler: 127.0.0.1:38040 ready
[36m(DreamerWorker pid=4036245)[0m Requesting to join a single player game
[36m(DreamerWorker pid=4036245)[0m Configuring interface options
[36m(DreamerWorker pid=4036245)[0m Configure: raw interface enabled
[36m(DreamerWorker pid=4036245)[0m Configure: feature layer interface disabled
[36m(DreamerWorker pid=4036245)[0m Configure: score interface disabled
[36m(DreamerWorker pid=4036245)[0m Configure: render interface disabled
[36m(DreamerWorker pid=4036245)[0m Launching next game.
[36m(DreamerWorker pid=4036245)[0m Next launch phase started: 2
[36m(DreamerWorker pid=4036245)[0m Next launch phase started: 3
[36m(DreamerWorker pid=4036245)[0m Next launch phase started: 4
[36m(DreamerWorker pid=4036245)[0m Next launch phase started: 5
[36m(DreamerWorker pid=4036245)[0m Next launch phase started: 6
[36m(DreamerWorker pid=4036245)[0m Next launch phase started: 7
[36m(DreamerWorker pid=4036245)[0m Next launch phase started: 8
[36m(DreamerWorker pid=4036245)[0m Game has started.
[36m(DreamerWorker pid=4036245)[0m Using default stable ids, none found at: /home/razshmue/StarCraftII/stableid.json
[36m(DreamerWorker pid=4036245)[0m Successfully loaded stable ids: GameData\stableid.json
[36m(DreamerWorker pid=4036245)[0m Sending ResponseJoinGame
[36m(DreamerWorker pid=4036249)[0m Version: B75689 (SC2.4.10)
[36m(DreamerWorker pid=4036249)[0m Build: Aug 12 2019 17:16:57
[36m(DreamerWorker pid=4036249)[0m Command Line: '"/home/razshmue/StarCraftII/Versions/Base75689/SC2_x64" -listen 127.0.0.1 -port 39951 -dataDir /home/razshmue/StarCraftII/ -tempDir /tmp/sc-br1096a4/'
[36m(DreamerWorker pid=4036249)[0m Starting up...
[36m(DreamerWorker pid=4036249)[0m Startup Phase 1 complete
[36m(DreamerWorker pid=4036249)[0m Startup Phase 2 complete
[36m(DreamerWorker pid=4036249)[0m Creating stub renderer...
[36m(DreamerWorker pid=4036249)[0m Listening on: 127.0.0.1:39951
[36m(DreamerWorker pid=4036249)[0m Startup Phase 3 complete. Ready for commands.
[36m(DreamerWorker pid=4036249)[0m ConnectHandler: Request from 127.0.0.1:56254 accepted
[36m(DreamerWorker pid=4036249)[0m ReadyHandler: 127.0.0.1:56254 ready
[36m(DreamerWorker pid=4036249)[0m Requesting to join a single player game
[36m(DreamerWorker pid=4036249)[0m Configuring interface options
[36m(DreamerWorker pid=4036249)[0m Configure: raw interface enabled
[36m(DreamerWorker pid=4036249)[0m Configure: feature layer interface disabled
[36m(DreamerWorker pid=4036249)[0m Configure: score interface disabled
[36m(DreamerWorker pid=4036249)[0m Configure: render interface disabled
[36m(DreamerWorker pid=4036249)[0m Launching next game.
[36m(DreamerWorker pid=4036249)[0m Next launch phase started: 2
[36m(DreamerWorker pid=4036249)[0m Next launch phase started: 3
[36m(DreamerWorker pid=4036249)[0m Next launch phase started: 4
[36m(DreamerWorker pid=4036249)[0m Next launch phase started: 5
[36m(DreamerWorker pid=4036249)[0m Next launch phase started: 6
[36m(DreamerWorker pid=4036249)[0m Next launch phase started: 7
[36m(DreamerWorker pid=4036249)[0m Next launch phase started: 8
[36m(DreamerWorker pid=4036249)[0m Game has started.
[36m(DreamerWorker pid=4036249)[0m Using default stable ids, none found at: /home/razshmue/StarCraftII/stableid.json
[36m(DreamerWorker pid=4036249)[0m Successfully loaded stable ids: GameData\stableid.json
[36m(DreamerWorker pid=4036249)[0m Sending ResponseJoinGame
[36m(DreamerWorker pid=4036245)[0m Version: B75689 (SC2.4.10)
[36m(DreamerWorker pid=4036245)[0m Build: Aug 12 2019 17:16:57
[36m(DreamerWorker pid=4036245)[0m Command Line: '"/home/razshmue/StarCraftII/Versions/Base75689/SC2_x64" -listen 127.0.0.1 -port 42491 -dataDir /home/razshmue/StarCraftII/ -tempDir /tmp/sc-d_3zlxk0/'
[36m(DreamerWorker pid=4036245)[0m Starting up...
[36m(DreamerWorker pid=4036245)[0m Startup Phase 1 complete
[36m(DreamerWorker pid=4036245)[0m Startup Phase 2 complete
[36m(DreamerWorker pid=4036245)[0m Creating stub renderer...
[36m(DreamerWorker pid=4036245)[0m Listening on: 127.0.0.1:42491
[36m(DreamerWorker pid=4036245)[0m Startup Phase 3 complete. Ready for commands.
[36m(DreamerWorker pid=4036245)[0m ConnectHandler: Request from 127.0.0.1:36854 accepted
[36m(DreamerWorker pid=4036245)[0m ReadyHandler: 127.0.0.1:36854 ready
[36m(DreamerWorker pid=4036245)[0m Requesting to join a single player game
[36m(DreamerWorker pid=4036245)[0m Configuring interface options
[36m(DreamerWorker pid=4036245)[0m Configure: raw interface enabled
[36m(DreamerWorker pid=4036245)[0m Configure: feature layer interface disabled
[36m(DreamerWorker pid=4036245)[0m Configure: score interface disabled
[36m(DreamerWorker pid=4036245)[0m Configure: render interface disabled
[36m(DreamerWorker pid=4036245)[0m Launching next game.
[36m(DreamerWorker pid=4036245)[0m Next launch phase started: 2
[36m(DreamerWorker pid=4036245)[0m Next launch phase started: 3
[36m(DreamerWorker pid=4036245)[0m Next launch phase started: 4
[36m(DreamerWorker pid=4036245)[0m Next launch phase started: 5
[36m(DreamerWorker pid=4036245)[0m Next launch phase started: 6
[36m(DreamerWorker pid=4036245)[0m Next launch phase started: 7
[36m(DreamerWorker pid=4036245)[0m Next launch phase started: 8
[36m(DreamerWorker pid=4036245)[0m Game has started.
[36m(DreamerWorker pid=4036245)[0m Using default stable ids, none found at: /home/razshmue/StarCraftII/stableid.json
[36m(DreamerWorker pid=4036245)[0m Successfully loaded stable ids: GameData\stableid.json
[36m(DreamerWorker pid=4036245)[0m Sending ResponseJoinGame
[36m(DreamerWorker pid=4036249)[0m Version: B75689 (SC2.4.10)
[36m(DreamerWorker pid=4036249)[0m Build: Aug 12 2019 17:16:57
[36m(DreamerWorker pid=4036249)[0m Command Line: '"/home/razshmue/StarCraftII/Versions/Base75689/SC2_x64" -listen 127.0.0.1 -port 40179 -dataDir /home/razshmue/StarCraftII/ -tempDir /tmp/sc-_fgrv0lo/'
[36m(DreamerWorker pid=4036249)[0m Starting up...
[36m(DreamerWorker pid=4036249)[0m Startup Phase 1 complete
[36m(DreamerWorker pid=4036249)[0m Startup Phase 2 complete
[36m(DreamerWorker pid=4036249)[0m Creating stub renderer...
[36m(DreamerWorker pid=4036249)[0m Listening on: 127.0.0.1:40179
[36m(DreamerWorker pid=4036249)[0m Startup Phase 3 complete. Ready for commands.
[36m(DreamerWorker pid=4036249)[0m ConnectHandler: Request from 127.0.0.1:54882 accepted
[36m(DreamerWorker pid=4036249)[0m ReadyHandler: 127.0.0.1:54882 ready
[36m(DreamerWorker pid=4036249)[0m Requesting to join a single player game
[36m(DreamerWorker pid=4036249)[0m Configuring interface options
[36m(DreamerWorker pid=4036249)[0m Configure: raw interface enabled
[36m(DreamerWorker pid=4036249)[0m Configure: feature layer interface disabled
[36m(DreamerWorker pid=4036249)[0m Configure: score interface disabled
[36m(DreamerWorker pid=4036249)[0m Configure: render interface disabled
[36m(DreamerWorker pid=4036249)[0m Launching next game.
[36m(DreamerWorker pid=4036249)[0m Next launch phase started: 2
[36m(DreamerWorker pid=4036249)[0m Next launch phase started: 3
[36m(DreamerWorker pid=4036249)[0m Next launch phase started: 4
[36m(DreamerWorker pid=4036249)[0m Next launch phase started: 5
[36m(DreamerWorker pid=4036249)[0m Next launch phase started: 6
[36m(DreamerWorker pid=4036249)[0m Next launch phase started: 7
[36m(DreamerWorker pid=4036249)[0m Next launch phase started: 8
[36m(DreamerWorker pid=4036249)[0m Game has started.
[36m(DreamerWorker pid=4036249)[0m Using default stable ids, none found at: /home/razshmue/StarCraftII/stableid.json
[36m(DreamerWorker pid=4036249)[0m Successfully loaded stable ids: GameData\stableid.json
[36m(DreamerWorker pid=4036249)[0m Sending ResponseJoinGame
[36m(DreamerWorker pid=4036245)[0m Version: B75689 (SC2.4.10)
[36m(DreamerWorker pid=4036245)[0m Build: Aug 12 2019 17:16:57
[36m(DreamerWorker pid=4036245)[0m Command Line: '"/home/razshmue/StarCraftII/Versions/Base75689/SC2_x64" -listen 127.0.0.1 -port 43773 -dataDir /home/razshmue/StarCraftII/ -tempDir /tmp/sc-ikzt13je/'
[36m(DreamerWorker pid=4036245)[0m Starting up...
[36m(DreamerWorker pid=4036245)[0m Startup Phase 1 complete
[36m(DreamerWorker pid=4036245)[0m Startup Phase 2 complete
[36m(DreamerWorker pid=4036245)[0m Creating stub renderer...
[36m(DreamerWorker pid=4036245)[0m Listening on: 127.0.0.1:43773
[36m(DreamerWorker pid=4036245)[0m Startup Phase 3 complete. Ready for commands.
[36m(DreamerWorker pid=4036245)[0m ConnectHandler: Request from 127.0.0.1:35612 accepted
[36m(DreamerWorker pid=4036245)[0m ReadyHandler: 127.0.0.1:35612 ready
[36m(DreamerWorker pid=4036245)[0m Requesting to join a single player game
[36m(DreamerWorker pid=4036245)[0m Configuring interface options
[36m(DreamerWorker pid=4036245)[0m Configure: raw interface enabled
[36m(DreamerWorker pid=4036245)[0m Configure: feature layer interface disabled
[36m(DreamerWorker pid=4036245)[0m Configure: score interface disabled
[36m(DreamerWorker pid=4036245)[0m Configure: render interface disabled
[36m(DreamerWorker pid=4036245)[0m Launching next game.
[36m(DreamerWorker pid=4036245)[0m Next launch phase started: 2
[36m(DreamerWorker pid=4036245)[0m Next launch phase started: 3
[36m(DreamerWorker pid=4036245)[0m Next launch phase started: 4
[36m(DreamerWorker pid=4036245)[0m Next launch phase started: 5
[36m(DreamerWorker pid=4036245)[0m Next launch phase started: 6
[36m(DreamerWorker pid=4036245)[0m Next launch phase started: 7
[36m(DreamerWorker pid=4036245)[0m Next launch phase started: 8
[36m(DreamerWorker pid=4036245)[0m Game has started.
[36m(DreamerWorker pid=4036245)[0m Using default stable ids, none found at: /home/razshmue/StarCraftII/stableid.json
[36m(DreamerWorker pid=4036245)[0m Successfully loaded stable ids: GameData\stableid.json
[36m(DreamerWorker pid=4036245)[0m Sending ResponseJoinGame
[36m(DreamerWorker pid=4036249)[0m Version: B75689 (SC2.4.10)
[36m(DreamerWorker pid=4036249)[0m Build: Aug 12 2019 17:16:57
[36m(DreamerWorker pid=4036249)[0m Command Line: '"/home/razshmue/StarCraftII/Versions/Base75689/SC2_x64" -listen 127.0.0.1 -port 44175 -dataDir /home/razshmue/StarCraftII/ -tempDir /tmp/sc-ra6gf2im/'
[36m(DreamerWorker pid=4036249)[0m Starting up...
[36m(DreamerWorker pid=4036249)[0m Startup Phase 1 complete
[36m(DreamerWorker pid=4036249)[0m Startup Phase 2 complete
[36m(DreamerWorker pid=4036249)[0m Creating stub renderer...
[36m(DreamerWorker pid=4036249)[0m Listening on: 127.0.0.1:44175
[36m(DreamerWorker pid=4036249)[0m Startup Phase 3 complete. Ready for commands.
[36m(DreamerWorker pid=4036249)[0m ConnectHandler: Request from 127.0.0.1:48434 accepted
[36m(DreamerWorker pid=4036249)[0m ReadyHandler: 127.0.0.1:48434 ready
[36m(DreamerWorker pid=4036249)[0m Requesting to join a single player game
[36m(DreamerWorker pid=4036249)[0m Configuring interface options
[36m(DreamerWorker pid=4036249)[0m Configure: raw interface enabled
[36m(DreamerWorker pid=4036249)[0m Configure: feature layer interface disabled
[36m(DreamerWorker pid=4036249)[0m Configure: score interface disabled
[36m(DreamerWorker pid=4036249)[0m Configure: render interface disabled
[36m(DreamerWorker pid=4036249)[0m Launching next game.
[36m(DreamerWorker pid=4036249)[0m Next launch phase started: 2
[36m(DreamerWorker pid=4036249)[0m Next launch phase started: 3
[36m(DreamerWorker pid=4036249)[0m Next launch phase started: 4
[36m(DreamerWorker pid=4036249)[0m Next launch phase started: 5
[36m(DreamerWorker pid=4036249)[0m Next launch phase started: 6
[36m(DreamerWorker pid=4036249)[0m Next launch phase started: 7
[36m(DreamerWorker pid=4036249)[0m Next launch phase started: 8
[36m(DreamerWorker pid=4036249)[0m Game has started.
[36m(DreamerWorker pid=4036249)[0m Using default stable ids, none found at: /home/razshmue/StarCraftII/stableid.json
[36m(DreamerWorker pid=4036249)[0m Successfully loaded stable ids: GameData\stableid.json
[36m(DreamerWorker pid=4036249)[0m Sending ResponseJoinGame
[36m(DreamerWorker pid=4036245)[0m Version: B75689 (SC2.4.10)
[36m(DreamerWorker pid=4036245)[0m Build: Aug 12 2019 17:16:57
[36m(DreamerWorker pid=4036245)[0m Command Line: '"/home/razshmue/StarCraftII/Versions/Base75689/SC2_x64" -listen 127.0.0.1 -port 42567 -dataDir /home/razshmue/StarCraftII/ -tempDir /tmp/sc-zrt03llo/'
[36m(DreamerWorker pid=4036245)[0m Starting up...
[36m(DreamerWorker pid=4036245)[0m Startup Phase 1 complete
[36m(DreamerWorker pid=4036245)[0m Startup Phase 2 complete
[36m(DreamerWorker pid=4036245)[0m Creating stub renderer...
[36m(DreamerWorker pid=4036245)[0m Listening on: 127.0.0.1:42567
[36m(DreamerWorker pid=4036245)[0m Startup Phase 3 complete. Ready for commands.
[36m(DreamerWorker pid=4036245)[0m ConnectHandler: Request from 127.0.0.1:44402 accepted
[36m(DreamerWorker pid=4036245)[0m ReadyHandler: 127.0.0.1:44402 ready
[36m(DreamerWorker pid=4036245)[0m Requesting to join a single player game
[36m(DreamerWorker pid=4036245)[0m Configuring interface options
[36m(DreamerWorker pid=4036245)[0m Configure: raw interface enabled
[36m(DreamerWorker pid=4036245)[0m Configure: feature layer interface disabled
[36m(DreamerWorker pid=4036245)[0m Configure: score interface disabled
[36m(DreamerWorker pid=4036245)[0m Configure: render interface disabled
[36m(DreamerWorker pid=4036245)[0m Launching next game.
[36m(DreamerWorker pid=4036245)[0m Next launch phase started: 2
[36m(DreamerWorker pid=4036245)[0m Next launch phase started: 3
[36m(DreamerWorker pid=4036245)[0m Next launch phase started: 4
[36m(DreamerWorker pid=4036245)[0m Next launch phase started: 5
[36m(DreamerWorker pid=4036245)[0m Next launch phase started: 6
[36m(DreamerWorker pid=4036245)[0m Next launch phase started: 7
[36m(DreamerWorker pid=4036245)[0m Next launch phase started: 8
[36m(DreamerWorker pid=4036245)[0m Game has started.
[36m(DreamerWorker pid=4036245)[0m Using default stable ids, none found at: /home/razshmue/StarCraftII/stableid.json
[36m(DreamerWorker pid=4036245)[0m Successfully loaded stable ids: GameData\stableid.json
[36m(DreamerWorker pid=4036245)[0m Sending ResponseJoinGame
[36m(DreamerWorker pid=4036249)[0m Version: B75689 (SC2.4.10)
[36m(DreamerWorker pid=4036249)[0m Build: Aug 12 2019 17:16:57
[36m(DreamerWorker pid=4036249)[0m Command Line: '"/home/razshmue/StarCraftII/Versions/Base75689/SC2_x64" -listen 127.0.0.1 -port 36451 -dataDir /home/razshmue/StarCraftII/ -tempDir /tmp/sc-qjsq_f35/'
[36m(DreamerWorker pid=4036249)[0m Starting up...
[36m(DreamerWorker pid=4036249)[0m Startup Phase 1 complete
[36m(DreamerWorker pid=4036249)[0m Startup Phase 2 complete
[36m(DreamerWorker pid=4036249)[0m Creating stub renderer...
[36m(DreamerWorker pid=4036249)[0m Listening on: 127.0.0.1:36451
[36m(DreamerWorker pid=4036249)[0m Startup Phase 3 complete. Ready for commands.
[36m(DreamerWorker pid=4036249)[0m ConnectHandler: Request from 127.0.0.1:50932 accepted
[36m(DreamerWorker pid=4036249)[0m ReadyHandler: 127.0.0.1:50932 ready
[36m(DreamerWorker pid=4036249)[0m Requesting to join a single player game
[36m(DreamerWorker pid=4036249)[0m Configuring interface options
[36m(DreamerWorker pid=4036249)[0m Configure: raw interface enabled
[36m(DreamerWorker pid=4036249)[0m Configure: feature layer interface disabled
[36m(DreamerWorker pid=4036249)[0m Configure: score interface disabled
[36m(DreamerWorker pid=4036249)[0m Configure: render interface disabled
[36m(DreamerWorker pid=4036249)[0m Launching next game.
[36m(DreamerWorker pid=4036249)[0m Next launch phase started: 2
[36m(DreamerWorker pid=4036249)[0m Next launch phase started: 3
[36m(DreamerWorker pid=4036249)[0m Next launch phase started: 4
[36m(DreamerWorker pid=4036249)[0m Next launch phase started: 5
[36m(DreamerWorker pid=4036249)[0m Next launch phase started: 6
[36m(DreamerWorker pid=4036249)[0m Next launch phase started: 7
[36m(DreamerWorker pid=4036249)[0m Next launch phase started: 8
[36m(DreamerWorker pid=4036249)[0m Game has started.
[36m(DreamerWorker pid=4036249)[0m Using default stable ids, none found at: /home/razshmue/StarCraftII/stableid.json
[36m(DreamerWorker pid=4036249)[0m Successfully loaded stable ids: GameData\stableid.json
[36m(DreamerWorker pid=4036249)[0m Sending ResponseJoinGame
[36m(DreamerWorker pid=4036245)[0m Version: B75689 (SC2.4.10)
[36m(DreamerWorker pid=4036245)[0m Build: Aug 12 2019 17:16:57
[36m(DreamerWorker pid=4036245)[0m Command Line: '"/home/razshmue/StarCraftII/Versions/Base75689/SC2_x64" -listen 127.0.0.1 -port 39395 -dataDir /home/razshmue/StarCraftII/ -tempDir /tmp/sc-fcyju9qw/'
[36m(DreamerWorker pid=4036245)[0m Starting up...
[36m(DreamerWorker pid=4036245)[0m Startup Phase 1 complete
[36m(DreamerWorker pid=4036245)[0m Startup Phase 2 complete
[36m(DreamerWorker pid=4036245)[0m Creating stub renderer...
[36m(DreamerWorker pid=4036245)[0m Listening on: 127.0.0.1:39395
[36m(DreamerWorker pid=4036245)[0m Startup Phase 3 complete. Ready for commands.
[36m(DreamerWorker pid=4036245)[0m ConnectHandler: Request from 127.0.0.1:58768 accepted
[36m(DreamerWorker pid=4036245)[0m ReadyHandler: 127.0.0.1:58768 ready
[36m(DreamerWorker pid=4036245)[0m Requesting to join a single player game
[36m(DreamerWorker pid=4036245)[0m Configuring interface options
[36m(DreamerWorker pid=4036245)[0m Configure: raw interface enabled
[36m(DreamerWorker pid=4036245)[0m Configure: feature layer interface disabled
[36m(DreamerWorker pid=4036245)[0m Configure: score interface disabled
[36m(DreamerWorker pid=4036245)[0m Configure: render interface disabled
[36m(DreamerWorker pid=4036245)[0m Launching next game.
[36m(DreamerWorker pid=4036245)[0m Next launch phase started: 2
[36m(DreamerWorker pid=4036245)[0m Next launch phase started: 3
[36m(DreamerWorker pid=4036245)[0m Next launch phase started: 4
[36m(DreamerWorker pid=4036245)[0m Next launch phase started: 5
[36m(DreamerWorker pid=4036245)[0m Next launch phase started: 6
[36m(DreamerWorker pid=4036245)[0m Next launch phase started: 7
[36m(DreamerWorker pid=4036245)[0m Next launch phase started: 8
[36m(DreamerWorker pid=4036245)[0m Game has started.
[36m(DreamerWorker pid=4036245)[0m Using default stable ids, none found at: /home/razshmue/StarCraftII/stableid.json
[36m(DreamerWorker pid=4036245)[0m Successfully loaded stable ids: GameData\stableid.json
[36m(DreamerWorker pid=4036245)[0m Sending ResponseJoinGame
[36m(DreamerWorker pid=4036249)[0m Version: B75689 (SC2.4.10)
[36m(DreamerWorker pid=4036249)[0m Build: Aug 12 2019 17:16:57
[36m(DreamerWorker pid=4036249)[0m Command Line: '"/home/razshmue/StarCraftII/Versions/Base75689/SC2_x64" -listen 127.0.0.1 -port 45625 -dataDir /home/razshmue/StarCraftII/ -tempDir /tmp/sc-0siu27ta/'
[36m(DreamerWorker pid=4036249)[0m Starting up...
[36m(DreamerWorker pid=4036249)[0m Startup Phase 1 complete
[36m(DreamerWorker pid=4036249)[0m Startup Phase 2 complete
[36m(DreamerWorker pid=4036249)[0m Creating stub renderer...
[36m(DreamerWorker pid=4036249)[0m Listening on: 127.0.0.1:45625
[36m(DreamerWorker pid=4036249)[0m Startup Phase 3 complete. Ready for commands.
[36m(DreamerWorker pid=4036249)[0m ConnectHandler: Request from 127.0.0.1:50070 accepted
[36m(DreamerWorker pid=4036249)[0m ReadyHandler: 127.0.0.1:50070 ready
[36m(DreamerWorker pid=4036249)[0m Requesting to join a single player game
[36m(DreamerWorker pid=4036249)[0m Configuring interface options
[36m(DreamerWorker pid=4036249)[0m Configure: raw interface enabled
[36m(DreamerWorker pid=4036249)[0m Configure: feature layer interface disabled
[36m(DreamerWorker pid=4036249)[0m Configure: score interface disabled
[36m(DreamerWorker pid=4036249)[0m Configure: render interface disabled
[36m(DreamerWorker pid=4036249)[0m Launching next game.
[36m(DreamerWorker pid=4036249)[0m Next launch phase started: 2
[36m(DreamerWorker pid=4036249)[0m Next launch phase started: 3
[36m(DreamerWorker pid=4036249)[0m Next launch phase started: 4
[36m(DreamerWorker pid=4036249)[0m Next launch phase started: 5
[36m(DreamerWorker pid=4036249)[0m Next launch phase started: 6
[36m(DreamerWorker pid=4036249)[0m Next launch phase started: 7
[36m(DreamerWorker pid=4036249)[0m Next launch phase started: 8
[36m(DreamerWorker pid=4036249)[0m Game has started.
[36m(DreamerWorker pid=4036249)[0m Using default stable ids, none found at: /home/razshmue/StarCraftII/stableid.json
[36m(DreamerWorker pid=4036249)[0m Successfully loaded stable ids: GameData\stableid.json
[36m(DreamerWorker pid=4036249)[0m Sending ResponseJoinGame
[36m(DreamerWorker pid=4036245)[0m Version: B75689 (SC2.4.10)
[36m(DreamerWorker pid=4036245)[0m Build: Aug 12 2019 17:16:57
[36m(DreamerWorker pid=4036245)[0m Command Line: '"/home/razshmue/StarCraftII/Versions/Base75689/SC2_x64" -listen 127.0.0.1 -port 38537 -dataDir /home/razshmue/StarCraftII/ -tempDir /tmp/sc-y7lmpvsv/'
[36m(DreamerWorker pid=4036245)[0m Starting up...
[36m(DreamerWorker pid=4036245)[0m Startup Phase 1 complete
[36m(DreamerWorker pid=4036245)[0m Startup Phase 2 complete
[36m(DreamerWorker pid=4036245)[0m Creating stub renderer...
[36m(DreamerWorker pid=4036245)[0m Listening on: 127.0.0.1:38537
[36m(DreamerWorker pid=4036245)[0m Startup Phase 3 complete. Ready for commands.
[36m(DreamerWorker pid=4036245)[0m ConnectHandler: Request from 127.0.0.1:40842 accepted
[36m(DreamerWorker pid=4036245)[0m ReadyHandler: 127.0.0.1:40842 ready
[36m(DreamerWorker pid=4036245)[0m Requesting to join a single player game
[36m(DreamerWorker pid=4036245)[0m Configuring interface options
[36m(DreamerWorker pid=4036245)[0m Configure: raw interface enabled
[36m(DreamerWorker pid=4036245)[0m Configure: feature layer interface disabled
[36m(DreamerWorker pid=4036245)[0m Configure: score interface disabled
[36m(DreamerWorker pid=4036245)[0m Configure: render interface disabled
[36m(DreamerWorker pid=4036245)[0m Launching next game.
[36m(DreamerWorker pid=4036245)[0m Next launch phase started: 2
[36m(DreamerWorker pid=4036245)[0m Next launch phase started: 3
[36m(DreamerWorker pid=4036245)[0m Next launch phase started: 4
[36m(DreamerWorker pid=4036245)[0m Next launch phase started: 5
[36m(DreamerWorker pid=4036245)[0m Next launch phase started: 6
[36m(DreamerWorker pid=4036245)[0m Next launch phase started: 7
[36m(DreamerWorker pid=4036245)[0m Next launch phase started: 8
[36m(DreamerWorker pid=4036245)[0m Game has started.
[36m(DreamerWorker pid=4036245)[0m Using default stable ids, none found at: /home/razshmue/StarCraftII/stableid.json
[36m(DreamerWorker pid=4036245)[0m Successfully loaded stable ids: GameData\stableid.json
[36m(DreamerWorker pid=4036245)[0m Sending ResponseJoinGame
[36m(DreamerWorker pid=4036249)[0m Version: B75689 (SC2.4.10)
[36m(DreamerWorker pid=4036249)[0m Build: Aug 12 2019 17:16:57
[36m(DreamerWorker pid=4036249)[0m Command Line: '"/home/razshmue/StarCraftII/Versions/Base75689/SC2_x64" -listen 127.0.0.1 -port 37637 -dataDir /home/razshmue/StarCraftII/ -tempDir /tmp/sc-h2eh7st3/'
[36m(DreamerWorker pid=4036249)[0m Starting up...
[36m(DreamerWorker pid=4036249)[0m Startup Phase 1 complete
[36m(DreamerWorker pid=4036249)[0m Startup Phase 2 complete
[36m(DreamerWorker pid=4036249)[0m Creating stub renderer...
[36m(DreamerWorker pid=4036249)[0m Listening on: 127.0.0.1:37637
[36m(DreamerWorker pid=4036249)[0m Startup Phase 3 complete. Ready for commands.
[36m(DreamerWorker pid=4036249)[0m ConnectHandler: Request from 127.0.0.1:55596 accepted
[36m(DreamerWorker pid=4036249)[0m ReadyHandler: 127.0.0.1:55596 ready
[36m(DreamerWorker pid=4036249)[0m Requesting to join a single player game
[36m(DreamerWorker pid=4036249)[0m Configuring interface options
[36m(DreamerWorker pid=4036249)[0m Configure: raw interface enabled
[36m(DreamerWorker pid=4036249)[0m Configure: feature layer interface disabled
[36m(DreamerWorker pid=4036249)[0m Configure: score interface disabled
[36m(DreamerWorker pid=4036249)[0m Configure: render interface disabled
[36m(DreamerWorker pid=4036249)[0m Launching next game.
[36m(DreamerWorker pid=4036249)[0m Next launch phase started: 2
[36m(DreamerWorker pid=4036249)[0m Next launch phase started: 3
[36m(DreamerWorker pid=4036249)[0m Next launch phase started: 4
[36m(DreamerWorker pid=4036249)[0m Next launch phase started: 5
[36m(DreamerWorker pid=4036249)[0m Next launch phase started: 6
[36m(DreamerWorker pid=4036249)[0m Next launch phase started: 7
[36m(DreamerWorker pid=4036249)[0m Next launch phase started: 8
[36m(DreamerWorker pid=4036249)[0m Game has started.
[36m(DreamerWorker pid=4036249)[0m Using default stable ids, none found at: /home/razshmue/StarCraftII/stableid.json
[36m(DreamerWorker pid=4036249)[0m Successfully loaded stable ids: GameData\stableid.json
[36m(DreamerWorker pid=4036249)[0m Sending ResponseJoinGame
[36m(DreamerWorker pid=4036245)[0m Version: B75689 (SC2.4.10)
[36m(DreamerWorker pid=4036245)[0m Build: Aug 12 2019 17:16:57
[36m(DreamerWorker pid=4036245)[0m Command Line: '"/home/razshmue/StarCraftII/Versions/Base75689/SC2_x64" -listen 127.0.0.1 -port 40267 -dataDir /home/razshmue/StarCraftII/ -tempDir /tmp/sc-fojw3zm3/'
[36m(DreamerWorker pid=4036245)[0m Starting up...
[36m(DreamerWorker pid=4036245)[0m Startup Phase 1 complete
[36m(DreamerWorker pid=4036245)[0m Startup Phase 2 complete
[36m(DreamerWorker pid=4036245)[0m Creating stub renderer...
[36m(DreamerWorker pid=4036245)[0m Listening on: 127.0.0.1:40267
[36m(DreamerWorker pid=4036245)[0m Startup Phase 3 complete. Ready for commands.
[36m(DreamerWorker pid=4036245)[0m ConnectHandler: Request from 127.0.0.1:51304 accepted
[36m(DreamerWorker pid=4036245)[0m ReadyHandler: 127.0.0.1:51304 ready
[36m(DreamerWorker pid=4036245)[0m Requesting to join a single player game
[36m(DreamerWorker pid=4036245)[0m Configuring interface options
[36m(DreamerWorker pid=4036245)[0m Configure: raw interface enabled
[36m(DreamerWorker pid=4036245)[0m Configure: feature layer interface disabled
[36m(DreamerWorker pid=4036245)[0m Configure: score interface disabled
[36m(DreamerWorker pid=4036245)[0m Configure: render interface disabled
[36m(DreamerWorker pid=4036245)[0m Launching next game.
[36m(DreamerWorker pid=4036245)[0m Next launch phase started: 2
[36m(DreamerWorker pid=4036245)[0m Next launch phase started: 3
[36m(DreamerWorker pid=4036245)[0m Next launch phase started: 4
[36m(DreamerWorker pid=4036245)[0m Next launch phase started: 5
[36m(DreamerWorker pid=4036245)[0m Next launch phase started: 6
[36m(DreamerWorker pid=4036245)[0m Next launch phase started: 7
[36m(DreamerWorker pid=4036245)[0m Next launch phase started: 8
[36m(DreamerWorker pid=4036245)[0m Game has started.
[36m(DreamerWorker pid=4036245)[0m Using default stable ids, none found at: /home/razshmue/StarCraftII/stableid.json
[36m(DreamerWorker pid=4036245)[0m Successfully loaded stable ids: GameData\stableid.json
[36m(DreamerWorker pid=4036245)[0m Sending ResponseJoinGame
[36m(DreamerWorker pid=4036249)[0m Version: B75689 (SC2.4.10)
[36m(DreamerWorker pid=4036249)[0m Build: Aug 12 2019 17:16:57
[36m(DreamerWorker pid=4036249)[0m Command Line: '"/home/razshmue/StarCraftII/Versions/Base75689/SC2_x64" -listen 127.0.0.1 -port 43207 -dataDir /home/razshmue/StarCraftII/ -tempDir /tmp/sc-na_g2ivn/'
[36m(DreamerWorker pid=4036249)[0m Starting up...
[36m(DreamerWorker pid=4036249)[0m Startup Phase 1 complete
[36m(DreamerWorker pid=4036249)[0m Startup Phase 2 complete
[36m(DreamerWorker pid=4036249)[0m Creating stub renderer...
[36m(DreamerWorker pid=4036249)[0m Listening on: 127.0.0.1:43207
[36m(DreamerWorker pid=4036249)[0m Startup Phase 3 complete. Ready for commands.
[36m(DreamerWorker pid=4036249)[0m ConnectHandler: Request from 127.0.0.1:53218 accepted
[36m(DreamerWorker pid=4036249)[0m ReadyHandler: 127.0.0.1:53218 ready
[36m(DreamerWorker pid=4036249)[0m Requesting to join a single player game
[36m(DreamerWorker pid=4036249)[0m Configuring interface options
[36m(DreamerWorker pid=4036249)[0m Configure: raw interface enabled
[36m(DreamerWorker pid=4036249)[0m Configure: feature layer interface disabled
[36m(DreamerWorker pid=4036249)[0m Configure: score interface disabled
[36m(DreamerWorker pid=4036249)[0m Configure: render interface disabled
[36m(DreamerWorker pid=4036249)[0m Launching next game.
[36m(DreamerWorker pid=4036249)[0m Next launch phase started: 2
[36m(DreamerWorker pid=4036249)[0m Next launch phase started: 3
[36m(DreamerWorker pid=4036249)[0m Next launch phase started: 4
[36m(DreamerWorker pid=4036249)[0m Next launch phase started: 5
[36m(DreamerWorker pid=4036249)[0m Next launch phase started: 6
[36m(DreamerWorker pid=4036249)[0m Next launch phase started: 7
[36m(DreamerWorker pid=4036249)[0m Next launch phase started: 8
[36m(DreamerWorker pid=4036249)[0m Game has started.
[36m(DreamerWorker pid=4036249)[0m Using default stable ids, none found at: /home/razshmue/StarCraftII/stableid.json
[36m(DreamerWorker pid=4036249)[0m Successfully loaded stable ids: GameData\stableid.json
[36m(DreamerWorker pid=4036249)[0m Sending ResponseJoinGame
[36m(DreamerWorker pid=4036245)[0m Version: B75689 (SC2.4.10)
[36m(DreamerWorker pid=4036245)[0m Build: Aug 12 2019 17:16:57
[36m(DreamerWorker pid=4036245)[0m Command Line: '"/home/razshmue/StarCraftII/Versions/Base75689/SC2_x64" -listen 127.0.0.1 -port 36995 -dataDir /home/razshmue/StarCraftII/ -tempDir /tmp/sc-pj0axp1t/'
[36m(DreamerWorker pid=4036245)[0m Starting up...
[36m(DreamerWorker pid=4036245)[0m Startup Phase 1 complete
[36m(DreamerWorker pid=4036245)[0m Startup Phase 2 complete
[36m(DreamerWorker pid=4036245)[0m Creating stub renderer...
[36m(DreamerWorker pid=4036245)[0m Listening on: 127.0.0.1:36995
[36m(DreamerWorker pid=4036245)[0m Startup Phase 3 complete. Ready for commands.
[36m(DreamerWorker pid=4036245)[0m ConnectHandler: Request from 127.0.0.1:54278 accepted
[36m(DreamerWorker pid=4036245)[0m ReadyHandler: 127.0.0.1:54278 ready
[36m(DreamerWorker pid=4036245)[0m Requesting to join a single player game
[36m(DreamerWorker pid=4036245)[0m Configuring interface options
[36m(DreamerWorker pid=4036245)[0m Configure: raw interface enabled
[36m(DreamerWorker pid=4036245)[0m Configure: feature layer interface disabled
[36m(DreamerWorker pid=4036245)[0m Configure: score interface disabled
[36m(DreamerWorker pid=4036245)[0m Configure: render interface disabled
[36m(DreamerWorker pid=4036245)[0m Launching next game.
[36m(DreamerWorker pid=4036245)[0m Next launch phase started: 2
[36m(DreamerWorker pid=4036245)[0m Next launch phase started: 3
[36m(DreamerWorker pid=4036245)[0m Next launch phase started: 4
[36m(DreamerWorker pid=4036245)[0m Next launch phase started: 5
[36m(DreamerWorker pid=4036245)[0m Next launch phase started: 6
[36m(DreamerWorker pid=4036245)[0m Next launch phase started: 7
[36m(DreamerWorker pid=4036245)[0m Next launch phase started: 8
[36m(DreamerWorker pid=4036245)[0m Game has started.
[36m(DreamerWorker pid=4036245)[0m Using default stable ids, none found at: /home/razshmue/StarCraftII/stableid.json
[36m(DreamerWorker pid=4036245)[0m Successfully loaded stable ids: GameData\stableid.json
[36m(DreamerWorker pid=4036245)[0m Sending ResponseJoinGame
[36m(DreamerWorker pid=4036249)[0m Version: B75689 (SC2.4.10)
[36m(DreamerWorker pid=4036249)[0m Build: Aug 12 2019 17:16:57
[36m(DreamerWorker pid=4036249)[0m Command Line: '"/home/razshmue/StarCraftII/Versions/Base75689/SC2_x64" -listen 127.0.0.1 -port 38313 -dataDir /home/razshmue/StarCraftII/ -tempDir /tmp/sc-wkahrkel/'
[36m(DreamerWorker pid=4036249)[0m Starting up...
[36m(DreamerWorker pid=4036249)[0m Startup Phase 1 complete
[36m(DreamerWorker pid=4036249)[0m Startup Phase 2 complete
[36m(DreamerWorker pid=4036249)[0m Creating stub renderer...
[36m(DreamerWorker pid=4036249)[0m Listening on: 127.0.0.1:38313
[36m(DreamerWorker pid=4036249)[0m Startup Phase 3 complete. Ready for commands.
[36m(DreamerWorker pid=4036249)[0m ConnectHandler: Request from 127.0.0.1:37584 accepted
[36m(DreamerWorker pid=4036249)[0m ReadyHandler: 127.0.0.1:37584 ready
[36m(DreamerWorker pid=4036249)[0m Requesting to join a single player game
[36m(DreamerWorker pid=4036249)[0m Configuring interface options
[36m(DreamerWorker pid=4036249)[0m Configure: raw interface enabled
[36m(DreamerWorker pid=4036249)[0m Configure: feature layer interface disabled
[36m(DreamerWorker pid=4036249)[0m Configure: score interface disabled
[36m(DreamerWorker pid=4036249)[0m Configure: render interface disabled
[36m(DreamerWorker pid=4036249)[0m Launching next game.
[36m(DreamerWorker pid=4036249)[0m Next launch phase started: 2
[36m(DreamerWorker pid=4036249)[0m Next launch phase started: 3
[36m(DreamerWorker pid=4036249)[0m Next launch phase started: 4
[36m(DreamerWorker pid=4036249)[0m Next launch phase started: 5
[36m(DreamerWorker pid=4036249)[0m Next launch phase started: 6
[36m(DreamerWorker pid=4036249)[0m Next launch phase started: 7
[36m(DreamerWorker pid=4036249)[0m Next launch phase started: 8
[36m(DreamerWorker pid=4036249)[0m Game has started.
[36m(DreamerWorker pid=4036249)[0m Using default stable ids, none found at: /home/razshmue/StarCraftII/stableid.json
[36m(DreamerWorker pid=4036249)[0m Successfully loaded stable ids: GameData\stableid.json
[36m(DreamerWorker pid=4036249)[0m Sending ResponseJoinGame
[36m(DreamerWorker pid=4036245)[0m Version: B75689 (SC2.4.10)
[36m(DreamerWorker pid=4036245)[0m Build: Aug 12 2019 17:16:57
[36m(DreamerWorker pid=4036245)[0m Command Line: '"/home/razshmue/StarCraftII/Versions/Base75689/SC2_x64" -listen 127.0.0.1 -port 34781 -dataDir /home/razshmue/StarCraftII/ -tempDir /tmp/sc-litq43r4/'
[36m(DreamerWorker pid=4036245)[0m Starting up...
[36m(DreamerWorker pid=4036245)[0m Startup Phase 1 complete
[36m(DreamerWorker pid=4036245)[0m Startup Phase 2 complete
[36m(DreamerWorker pid=4036245)[0m Creating stub renderer...
[36m(DreamerWorker pid=4036245)[0m Listening on: 127.0.0.1:34781
[36m(DreamerWorker pid=4036245)[0m Startup Phase 3 complete. Ready for commands.
[36m(DreamerWorker pid=4036245)[0m ConnectHandler: Request from 127.0.0.1:60868 accepted
[36m(DreamerWorker pid=4036245)[0m ReadyHandler: 127.0.0.1:60868 ready
[36m(DreamerWorker pid=4036245)[0m Requesting to join a single player game
[36m(DreamerWorker pid=4036245)[0m Configuring interface options
[36m(DreamerWorker pid=4036245)[0m Configure: raw interface enabled
[36m(DreamerWorker pid=4036245)[0m Configure: feature layer interface disabled
[36m(DreamerWorker pid=4036245)[0m Configure: score interface disabled
[36m(DreamerWorker pid=4036245)[0m Configure: render interface disabled
[36m(DreamerWorker pid=4036245)[0m Launching next game.
[36m(DreamerWorker pid=4036245)[0m Next launch phase started: 2
[36m(DreamerWorker pid=4036245)[0m Next launch phase started: 3
[36m(DreamerWorker pid=4036245)[0m Next launch phase started: 4
[36m(DreamerWorker pid=4036245)[0m Next launch phase started: 5
[36m(DreamerWorker pid=4036245)[0m Next launch phase started: 6
[36m(DreamerWorker pid=4036245)[0m Next launch phase started: 7
[36m(DreamerWorker pid=4036245)[0m Next launch phase started: 8
[36m(DreamerWorker pid=4036245)[0m Game has started.
[36m(DreamerWorker pid=4036245)[0m Using default stable ids, none found at: /home/razshmue/StarCraftII/stableid.json
[36m(DreamerWorker pid=4036245)[0m Successfully loaded stable ids: GameData\stableid.json
[36m(DreamerWorker pid=4036245)[0m Sending ResponseJoinGame
[36m(DreamerWorker pid=4036249)[0m Version: B75689 (SC2.4.10)
[36m(DreamerWorker pid=4036249)[0m Build: Aug 12 2019 17:16:57
[36m(DreamerWorker pid=4036249)[0m Command Line: '"/home/razshmue/StarCraftII/Versions/Base75689/SC2_x64" -listen 127.0.0.1 -port 40509 -dataDir /home/razshmue/StarCraftII/ -tempDir /tmp/sc-vxqbrnku/'
[36m(DreamerWorker pid=4036249)[0m Starting up...
[36m(DreamerWorker pid=4036249)[0m Startup Phase 1 complete
[36m(DreamerWorker pid=4036249)[0m Startup Phase 2 complete
[36m(DreamerWorker pid=4036249)[0m Creating stub renderer...
[36m(DreamerWorker pid=4036249)[0m Listening on: 127.0.0.1:40509
[36m(DreamerWorker pid=4036249)[0m Startup Phase 3 complete. Ready for commands.
[36m(DreamerWorker pid=4036249)[0m ConnectHandler: Request from 127.0.0.1:54482 accepted
[36m(DreamerWorker pid=4036249)[0m ReadyHandler: 127.0.0.1:54482 ready
[36m(DreamerWorker pid=4036249)[0m Requesting to join a single player game
[36m(DreamerWorker pid=4036249)[0m Configuring interface options
[36m(DreamerWorker pid=4036249)[0m Configure: raw interface enabled
[36m(DreamerWorker pid=4036249)[0m Configure: feature layer interface disabled
[36m(DreamerWorker pid=4036249)[0m Configure: score interface disabled
[36m(DreamerWorker pid=4036249)[0m Configure: render interface disabled
[36m(DreamerWorker pid=4036249)[0m Launching next game.
[36m(DreamerWorker pid=4036249)[0m Next launch phase started: 2
[36m(DreamerWorker pid=4036249)[0m Next launch phase started: 3
[36m(DreamerWorker pid=4036249)[0m Next launch phase started: 4
[36m(DreamerWorker pid=4036249)[0m Next launch phase started: 5
[36m(DreamerWorker pid=4036249)[0m Next launch phase started: 6
[36m(DreamerWorker pid=4036249)[0m Next launch phase started: 7
[36m(DreamerWorker pid=4036249)[0m Next launch phase started: 8
[36m(DreamerWorker pid=4036249)[0m Game has started.
[36m(DreamerWorker pid=4036249)[0m Using default stable ids, none found at: /home/razshmue/StarCraftII/stableid.json
[36m(DreamerWorker pid=4036249)[0m Successfully loaded stable ids: GameData\stableid.json
[36m(DreamerWorker pid=4036249)[0m Sending ResponseJoinGame
[36m(DreamerWorker pid=4036249)[0m Version: B75689 (SC2.4.10)
[36m(DreamerWorker pid=4036249)[0m Build: Aug 12 2019 17:16:57
[36m(DreamerWorker pid=4036249)[0m Command Line: '"/home/razshmue/StarCraftII/Versions/Base75689/SC2_x64" -listen 127.0.0.1 -port 36443 -dataDir /home/razshmue/StarCraftII/ -tempDir /tmp/sc-u7fkn5gj/'
[36m(DreamerWorker pid=4036249)[0m Starting up...
[36m(DreamerWorker pid=4036249)[0m Startup Phase 1 complete
[36m(DreamerWorker pid=4036249)[0m Startup Phase 2 complete
[36m(DreamerWorker pid=4036249)[0m Creating stub renderer...
[36m(DreamerWorker pid=4036249)[0m Listening on: 127.0.0.1:36443
[36m(DreamerWorker pid=4036249)[0m Startup Phase 3 complete. Ready for commands.
[36m(DreamerWorker pid=4036249)[0m ConnectHandler: Request from 127.0.0.1:60132 accepted
[36m(DreamerWorker pid=4036249)[0m ReadyHandler: 127.0.0.1:60132 ready
[36m(DreamerWorker pid=4036249)[0m Requesting to join a single player game
[36m(DreamerWorker pid=4036249)[0m Configuring interface options
[36m(DreamerWorker pid=4036249)[0m Configure: raw interface enabled
[36m(DreamerWorker pid=4036249)[0m Configure: feature layer interface disabled
[36m(DreamerWorker pid=4036249)[0m Configure: score interface disabled
[36m(DreamerWorker pid=4036249)[0m Configure: render interface disabled
[36m(DreamerWorker pid=4036249)[0m Launching next game.
[36m(DreamerWorker pid=4036249)[0m Next launch phase started: 2
[36m(DreamerWorker pid=4036249)[0m Next launch phase started: 3
[36m(DreamerWorker pid=4036249)[0m Next launch phase started: 4
[36m(DreamerWorker pid=4036249)[0m Next launch phase started: 5
[36m(DreamerWorker pid=4036249)[0m Next launch phase started: 6
[36m(DreamerWorker pid=4036249)[0m Next launch phase started: 7
[36m(DreamerWorker pid=4036249)[0m Next launch phase started: 8
[36m(DreamerWorker pid=4036249)[0m Game has started.
[36m(DreamerWorker pid=4036249)[0m Using default stable ids, none found at: /home/razshmue/StarCraftII/stableid.json
[36m(DreamerWorker pid=4036249)[0m Successfully loaded stable ids: GameData\stableid.json
[36m(DreamerWorker pid=4036249)[0m Sending ResponseJoinGame
[36m(DreamerWorker pid=4036245)[0m Version: B75689 (SC2.4.10)
[36m(DreamerWorker pid=4036245)[0m Build: Aug 12 2019 17:16:57
[36m(DreamerWorker pid=4036245)[0m Command Line: '"/home/razshmue/StarCraftII/Versions/Base75689/SC2_x64" -listen 127.0.0.1 -port 45437 -dataDir /home/razshmue/StarCraftII/ -tempDir /tmp/sc-owl3pisg/'
[36m(DreamerWorker pid=4036245)[0m Starting up...
[36m(DreamerWorker pid=4036245)[0m Startup Phase 1 complete
[36m(DreamerWorker pid=4036245)[0m Startup Phase 2 complete
[36m(DreamerWorker pid=4036245)[0m Creating stub renderer...
[36m(DreamerWorker pid=4036245)[0m Listening on: 127.0.0.1:45437
[36m(DreamerWorker pid=4036245)[0m Startup Phase 3 complete. Ready for commands.
[36m(DreamerWorker pid=4036245)[0m ConnectHandler: Request from 127.0.0.1:59874 accepted
[36m(DreamerWorker pid=4036245)[0m ReadyHandler: 127.0.0.1:59874 ready
[36m(DreamerWorker pid=4036245)[0m Requesting to join a single player game
[36m(DreamerWorker pid=4036245)[0m Configuring interface options
[36m(DreamerWorker pid=4036245)[0m Configure: raw interface enabled
[36m(DreamerWorker pid=4036245)[0m Configure: feature layer interface disabled
[36m(DreamerWorker pid=4036245)[0m Configure: score interface disabled
[36m(DreamerWorker pid=4036245)[0m Configure: render interface disabled
[36m(DreamerWorker pid=4036245)[0m Launching next game.
[36m(DreamerWorker pid=4036245)[0m Next launch phase started: 2
[36m(DreamerWorker pid=4036245)[0m Next launch phase started: 3
[36m(DreamerWorker pid=4036245)[0m Next launch phase started: 4
[36m(DreamerWorker pid=4036245)[0m Next launch phase started: 5
[36m(DreamerWorker pid=4036245)[0m Next launch phase started: 6
[36m(DreamerWorker pid=4036245)[0m Next launch phase started: 7
[36m(DreamerWorker pid=4036245)[0m Next launch phase started: 8
[36m(DreamerWorker pid=4036245)[0m Game has started.
[36m(DreamerWorker pid=4036245)[0m Using default stable ids, none found at: /home/razshmue/StarCraftII/stableid.json
[36m(DreamerWorker pid=4036245)[0m Successfully loaded stable ids: GameData\stableid.json
[36m(DreamerWorker pid=4036245)[0m Sending ResponseJoinGame
[36m(DreamerWorker pid=4036249)[0m Version: B75689 (SC2.4.10)
[36m(DreamerWorker pid=4036249)[0m Build: Aug 12 2019 17:16:57
[36m(DreamerWorker pid=4036249)[0m Command Line: '"/home/razshmue/StarCraftII/Versions/Base75689/SC2_x64" -listen 127.0.0.1 -port 45533 -dataDir /home/razshmue/StarCraftII/ -tempDir /tmp/sc-gpi2plgh/'
[36m(DreamerWorker pid=4036249)[0m Starting up...
[36m(DreamerWorker pid=4036249)[0m Startup Phase 1 complete
[36m(DreamerWorker pid=4036249)[0m Startup Phase 2 complete
[36m(DreamerWorker pid=4036249)[0m Creating stub renderer...
[36m(DreamerWorker pid=4036249)[0m Listening on: 127.0.0.1:45533
[36m(DreamerWorker pid=4036249)[0m Startup Phase 3 complete. Ready for commands.
[36m(DreamerWorker pid=4036249)[0m ConnectHandler: Request from 127.0.0.1:57026 accepted
[36m(DreamerWorker pid=4036249)[0m ReadyHandler: 127.0.0.1:57026 ready
[36m(DreamerWorker pid=4036249)[0m Requesting to join a single player game
[36m(DreamerWorker pid=4036249)[0m Configuring interface options
[36m(DreamerWorker pid=4036249)[0m Configure: raw interface enabled
[36m(DreamerWorker pid=4036249)[0m Configure: feature layer interface disabled
[36m(DreamerWorker pid=4036249)[0m Configure: score interface disabled
[36m(DreamerWorker pid=4036249)[0m Configure: render interface disabled
[36m(DreamerWorker pid=4036249)[0m Launching next game.
[36m(DreamerWorker pid=4036249)[0m Next launch phase started: 2
[36m(DreamerWorker pid=4036249)[0m Next launch phase started: 3
[36m(DreamerWorker pid=4036249)[0m Next launch phase started: 4
[36m(DreamerWorker pid=4036249)[0m Next launch phase started: 5
[36m(DreamerWorker pid=4036249)[0m Next launch phase started: 6
[36m(DreamerWorker pid=4036249)[0m Next launch phase started: 7
[36m(DreamerWorker pid=4036249)[0m Next launch phase started: 8
[36m(DreamerWorker pid=4036249)[0m Game has started.
[36m(DreamerWorker pid=4036249)[0m Using default stable ids, none found at: /home/razshmue/StarCraftII/stableid.json
[36m(DreamerWorker pid=4036249)[0m Successfully loaded stable ids: GameData\stableid.json
[36m(DreamerWorker pid=4036249)[0m Sending ResponseJoinGame
[36m(DreamerWorker pid=4036245)[0m Version: B75689 (SC2.4.10)
[36m(DreamerWorker pid=4036245)[0m Build: Aug 12 2019 17:16:57
[36m(DreamerWorker pid=4036245)[0m Command Line: '"/home/razshmue/StarCraftII/Versions/Base75689/SC2_x64" -listen 127.0.0.1 -port 35679 -dataDir /home/razshmue/StarCraftII/ -tempDir /tmp/sc-uq768fon/'
[36m(DreamerWorker pid=4036245)[0m Starting up...
[36m(DreamerWorker pid=4036245)[0m Startup Phase 1 complete
[36m(DreamerWorker pid=4036245)[0m Startup Phase 2 complete
[36m(DreamerWorker pid=4036245)[0m Creating stub renderer...
[36m(DreamerWorker pid=4036245)[0m Listening on: 127.0.0.1:35679
[36m(DreamerWorker pid=4036245)[0m Startup Phase 3 complete. Ready for commands.
[36m(DreamerWorker pid=4036245)[0m ConnectHandler: Request from 127.0.0.1:51480 accepted
[36m(DreamerWorker pid=4036245)[0m ReadyHandler: 127.0.0.1:51480 ready
[36m(DreamerWorker pid=4036245)[0m Requesting to join a single player game
[36m(DreamerWorker pid=4036245)[0m Configuring interface options
[36m(DreamerWorker pid=4036245)[0m Configure: raw interface enabled
[36m(DreamerWorker pid=4036245)[0m Configure: feature layer interface disabled
[36m(DreamerWorker pid=4036245)[0m Configure: score interface disabled
[36m(DreamerWorker pid=4036245)[0m Configure: render interface disabled
[36m(DreamerWorker pid=4036245)[0m Launching next game.
[36m(DreamerWorker pid=4036245)[0m Next launch phase started: 2
[36m(DreamerWorker pid=4036245)[0m Next launch phase started: 3
[36m(DreamerWorker pid=4036245)[0m Next launch phase started: 4
[36m(DreamerWorker pid=4036245)[0m Next launch phase started: 5
[36m(DreamerWorker pid=4036245)[0m Next launch phase started: 6
[36m(DreamerWorker pid=4036245)[0m Next launch phase started: 7
[36m(DreamerWorker pid=4036245)[0m Next launch phase started: 8
[36m(DreamerWorker pid=4036245)[0m Game has started.
[36m(DreamerWorker pid=4036245)[0m Using default stable ids, none found at: /home/razshmue/StarCraftII/stableid.json
[36m(DreamerWorker pid=4036245)[0m Successfully loaded stable ids: GameData\stableid.json
[36m(DreamerWorker pid=4036245)[0m Sending ResponseJoinGame
[36m(DreamerWorker pid=4036249)[0m Version: B75689 (SC2.4.10)
[36m(DreamerWorker pid=4036249)[0m Build: Aug 12 2019 17:16:57
[36m(DreamerWorker pid=4036249)[0m Command Line: '"/home/razshmue/StarCraftII/Versions/Base75689/SC2_x64" -listen 127.0.0.1 -port 45509 -dataDir /home/razshmue/StarCraftII/ -tempDir /tmp/sc-y41e52kw/'
[36m(DreamerWorker pid=4036249)[0m Starting up...
[36m(DreamerWorker pid=4036249)[0m Startup Phase 1 complete
[36m(DreamerWorker pid=4036249)[0m Startup Phase 2 complete
[36m(DreamerWorker pid=4036249)[0m Creating stub renderer...
[36m(DreamerWorker pid=4036249)[0m Listening on: 127.0.0.1:45509
[36m(DreamerWorker pid=4036249)[0m Startup Phase 3 complete. Ready for commands.
[36m(DreamerWorker pid=4036249)[0m ConnectHandler: Request from 127.0.0.1:53714 accepted
[36m(DreamerWorker pid=4036249)[0m ReadyHandler: 127.0.0.1:53714 ready
[36m(DreamerWorker pid=4036249)[0m Requesting to join a single player game
[36m(DreamerWorker pid=4036249)[0m Configuring interface options
[36m(DreamerWorker pid=4036249)[0m Configure: raw interface enabled
[36m(DreamerWorker pid=4036249)[0m Configure: feature layer interface disabled
[36m(DreamerWorker pid=4036249)[0m Configure: score interface disabled
[36m(DreamerWorker pid=4036249)[0m Configure: render interface disabled
[36m(DreamerWorker pid=4036249)[0m Launching next game.
[36m(DreamerWorker pid=4036249)[0m Next launch phase started: 2
[36m(DreamerWorker pid=4036249)[0m Next launch phase started: 3
[36m(DreamerWorker pid=4036249)[0m Next launch phase started: 4
[36m(DreamerWorker pid=4036249)[0m Next launch phase started: 5
[36m(DreamerWorker pid=4036249)[0m Next launch phase started: 6
[36m(DreamerWorker pid=4036249)[0m Next launch phase started: 7
[36m(DreamerWorker pid=4036249)[0m Next launch phase started: 8
[36m(DreamerWorker pid=4036249)[0m Game has started.
[36m(DreamerWorker pid=4036249)[0m Using default stable ids, none found at: /home/razshmue/StarCraftII/stableid.json
[36m(DreamerWorker pid=4036249)[0m Successfully loaded stable ids: GameData\stableid.json
[36m(DreamerWorker pid=4036249)[0m Sending ResponseJoinGame
[36m(DreamerWorker pid=4036245)[0m Version: B75689 (SC2.4.10)
[36m(DreamerWorker pid=4036245)[0m Build: Aug 12 2019 17:16:57
[36m(DreamerWorker pid=4036245)[0m Command Line: '"/home/razshmue/StarCraftII/Versions/Base75689/SC2_x64" -listen 127.0.0.1 -port 41755 -dataDir /home/razshmue/StarCraftII/ -tempDir /tmp/sc-blfcebix/'
[36m(DreamerWorker pid=4036245)[0m Starting up...
[36m(DreamerWorker pid=4036245)[0m Startup Phase 1 complete
[36m(DreamerWorker pid=4036245)[0m Startup Phase 2 complete
[36m(DreamerWorker pid=4036245)[0m Creating stub renderer...
[36m(DreamerWorker pid=4036245)[0m Listening on: 127.0.0.1:41755
[36m(DreamerWorker pid=4036245)[0m Startup Phase 3 complete. Ready for commands.
[36m(DreamerWorker pid=4036245)[0m ConnectHandler: Request from 127.0.0.1:36566 accepted
[36m(DreamerWorker pid=4036245)[0m ReadyHandler: 127.0.0.1:36566 ready
[36m(DreamerWorker pid=4036245)[0m Requesting to join a single player game
[36m(DreamerWorker pid=4036245)[0m Configuring interface options
[36m(DreamerWorker pid=4036245)[0m Configure: raw interface enabled
[36m(DreamerWorker pid=4036245)[0m Configure: feature layer interface disabled
[36m(DreamerWorker pid=4036245)[0m Configure: score interface disabled
[36m(DreamerWorker pid=4036245)[0m Configure: render interface disabled
[36m(DreamerWorker pid=4036245)[0m Launching next game.
[36m(DreamerWorker pid=4036245)[0m Next launch phase started: 2
[36m(DreamerWorker pid=4036245)[0m Next launch phase started: 3
[36m(DreamerWorker pid=4036245)[0m Next launch phase started: 4
[36m(DreamerWorker pid=4036245)[0m Next launch phase started: 5
[36m(DreamerWorker pid=4036245)[0m Next launch phase started: 6
[36m(DreamerWorker pid=4036245)[0m Next launch phase started: 7
[36m(DreamerWorker pid=4036245)[0m Next launch phase started: 8
[36m(DreamerWorker pid=4036245)[0m Game has started.
[36m(DreamerWorker pid=4036245)[0m Using default stable ids, none found at: /home/razshmue/StarCraftII/stableid.json
[36m(DreamerWorker pid=4036245)[0m Successfully loaded stable ids: GameData\stableid.json
[36m(DreamerWorker pid=4036245)[0m Sending ResponseJoinGame
[36m(DreamerWorker pid=4036249)[0m Version: B75689 (SC2.4.10)
[36m(DreamerWorker pid=4036249)[0m Build: Aug 12 2019 17:16:57
[36m(DreamerWorker pid=4036249)[0m Command Line: '"/home/razshmue/StarCraftII/Versions/Base75689/SC2_x64" -listen 127.0.0.1 -port 36707 -dataDir /home/razshmue/StarCraftII/ -tempDir /tmp/sc-5v528oxy/'
[36m(DreamerWorker pid=4036249)[0m Starting up...
[36m(DreamerWorker pid=4036249)[0m Startup Phase 1 complete
[36m(DreamerWorker pid=4036249)[0m Startup Phase 2 complete
[36m(DreamerWorker pid=4036249)[0m Creating stub renderer...
[36m(DreamerWorker pid=4036249)[0m Listening on: 127.0.0.1:36707
[36m(DreamerWorker pid=4036249)[0m Startup Phase 3 complete. Ready for commands.
[36m(DreamerWorker pid=4036249)[0m ConnectHandler: Request from 127.0.0.1:42006 accepted
[36m(DreamerWorker pid=4036249)[0m ReadyHandler: 127.0.0.1:42006 ready
[36m(DreamerWorker pid=4036249)[0m Requesting to join a single player game
[36m(DreamerWorker pid=4036249)[0m Configuring interface options
[36m(DreamerWorker pid=4036249)[0m Configure: raw interface enabled
[36m(DreamerWorker pid=4036249)[0m Configure: feature layer interface disabled
[36m(DreamerWorker pid=4036249)[0m Configure: score interface disabled
[36m(DreamerWorker pid=4036249)[0m Configure: render interface disabled
[36m(DreamerWorker pid=4036249)[0m Launching next game.
[36m(DreamerWorker pid=4036249)[0m Next launch phase started: 2
[36m(DreamerWorker pid=4036249)[0m Next launch phase started: 3
[36m(DreamerWorker pid=4036249)[0m Next launch phase started: 4
[36m(DreamerWorker pid=4036249)[0m Next launch phase started: 5
[36m(DreamerWorker pid=4036249)[0m Next launch phase started: 6
[36m(DreamerWorker pid=4036249)[0m Next launch phase started: 7
[36m(DreamerWorker pid=4036249)[0m Next launch phase started: 8
[36m(DreamerWorker pid=4036249)[0m Game has started.
[36m(DreamerWorker pid=4036249)[0m Using default stable ids, none found at: /home/razshmue/StarCraftII/stableid.json
[36m(DreamerWorker pid=4036249)[0m Successfully loaded stable ids: GameData\stableid.json
[36m(DreamerWorker pid=4036249)[0m Sending ResponseJoinGame
[36m(DreamerWorker pid=4036249)[0m Version: B75689 (SC2.4.10)
[36m(DreamerWorker pid=4036249)[0m Build: Aug 12 2019 17:16:57
[36m(DreamerWorker pid=4036249)[0m Command Line: '"/home/razshmue/StarCraftII/Versions/Base75689/SC2_x64" -listen 127.0.0.1 -port 42885 -dataDir /home/razshmue/StarCraftII/ -tempDir /tmp/sc-k3q700mz/'
[36m(DreamerWorker pid=4036249)[0m Starting up...
[36m(DreamerWorker pid=4036249)[0m Startup Phase 1 complete
[36m(DreamerWorker pid=4036249)[0m Startup Phase 2 complete
[36m(DreamerWorker pid=4036249)[0m Creating stub renderer...
[36m(DreamerWorker pid=4036249)[0m Listening on: 127.0.0.1:42885
[36m(DreamerWorker pid=4036249)[0m Startup Phase 3 complete. Ready for commands.
[36m(DreamerWorker pid=4036249)[0m ConnectHandler: Request from 127.0.0.1:35506 accepted
[36m(DreamerWorker pid=4036249)[0m ReadyHandler: 127.0.0.1:35506 ready
[36m(DreamerWorker pid=4036249)[0m Requesting to join a single player game
[36m(DreamerWorker pid=4036249)[0m Configuring interface options
[36m(DreamerWorker pid=4036249)[0m Configure: raw interface enabled
[36m(DreamerWorker pid=4036249)[0m Configure: feature layer interface disabled
[36m(DreamerWorker pid=4036249)[0m Configure: score interface disabled
[36m(DreamerWorker pid=4036249)[0m Configure: render interface disabled
[36m(DreamerWorker pid=4036249)[0m Launching next game.
[36m(DreamerWorker pid=4036249)[0m Next launch phase started: 2
[36m(DreamerWorker pid=4036249)[0m Next launch phase started: 3
[36m(DreamerWorker pid=4036249)[0m Next launch phase started: 4
[36m(DreamerWorker pid=4036249)[0m Next launch phase started: 5
[36m(DreamerWorker pid=4036249)[0m Next launch phase started: 6
[36m(DreamerWorker pid=4036249)[0m Next launch phase started: 7
[36m(DreamerWorker pid=4036249)[0m Next launch phase started: 8
[36m(DreamerWorker pid=4036249)[0m Game has started.
[36m(DreamerWorker pid=4036249)[0m Using default stable ids, none found at: /home/razshmue/StarCraftII/stableid.json
[36m(DreamerWorker pid=4036249)[0m Successfully loaded stable ids: GameData\stableid.json
[36m(DreamerWorker pid=4036249)[0m Sending ResponseJoinGame
[36m(DreamerWorker pid=4036245)[0m Version: B75689 (SC2.4.10)
[36m(DreamerWorker pid=4036245)[0m Build: Aug 12 2019 17:16:57
[36m(DreamerWorker pid=4036245)[0m Command Line: '"/home/razshmue/StarCraftII/Versions/Base75689/SC2_x64" -listen 127.0.0.1 -port 34313 -dataDir /home/razshmue/StarCraftII/ -tempDir /tmp/sc-zybmrksb/'
[36m(DreamerWorker pid=4036245)[0m Starting up...
[36m(DreamerWorker pid=4036245)[0m Startup Phase 1 complete
[36m(DreamerWorker pid=4036245)[0m Startup Phase 2 complete
[36m(DreamerWorker pid=4036245)[0m Creating stub renderer...
[36m(DreamerWorker pid=4036245)[0m Listening on: 127.0.0.1:34313
[36m(DreamerWorker pid=4036245)[0m Startup Phase 3 complete. Ready for commands.
[36m(DreamerWorker pid=4036245)[0m ConnectHandler: Request from 127.0.0.1:35704 accepted
[36m(DreamerWorker pid=4036245)[0m ReadyHandler: 127.0.0.1:35704 ready
[36m(DreamerWorker pid=4036245)[0m Requesting to join a single player game
[36m(DreamerWorker pid=4036245)[0m Configuring interface options
[36m(DreamerWorker pid=4036245)[0m Configure: raw interface enabled
[36m(DreamerWorker pid=4036245)[0m Configure: feature layer interface disabled
[36m(DreamerWorker pid=4036245)[0m Configure: score interface disabled
[36m(DreamerWorker pid=4036245)[0m Configure: render interface disabled
[36m(DreamerWorker pid=4036245)[0m Launching next game.
[36m(DreamerWorker pid=4036245)[0m Next launch phase started: 2
[36m(DreamerWorker pid=4036245)[0m Next launch phase started: 3
[36m(DreamerWorker pid=4036245)[0m Next launch phase started: 4
[36m(DreamerWorker pid=4036245)[0m Next launch phase started: 5
[36m(DreamerWorker pid=4036245)[0m Next launch phase started: 6
[36m(DreamerWorker pid=4036245)[0m Next launch phase started: 7
[36m(DreamerWorker pid=4036245)[0m Next launch phase started: 8
[36m(DreamerWorker pid=4036245)[0m Game has started.
[36m(DreamerWorker pid=4036245)[0m Using default stable ids, none found at: /home/razshmue/StarCraftII/stableid.json
[36m(DreamerWorker pid=4036245)[0m Successfully loaded stable ids: GameData\stableid.json
[36m(DreamerWorker pid=4036245)[0m Sending ResponseJoinGame
[36m(DreamerWorker pid=4036249)[0m Version: B75689 (SC2.4.10)
[36m(DreamerWorker pid=4036249)[0m Build: Aug 12 2019 17:16:57
[36m(DreamerWorker pid=4036249)[0m Command Line: '"/home/razshmue/StarCraftII/Versions/Base75689/SC2_x64" -listen 127.0.0.1 -port 39027 -dataDir /home/razshmue/StarCraftII/ -tempDir /tmp/sc-41t_ih5b/'
[36m(DreamerWorker pid=4036249)[0m Starting up...
[36m(DreamerWorker pid=4036249)[0m Startup Phase 1 complete
[36m(DreamerWorker pid=4036249)[0m Startup Phase 2 complete
[36m(DreamerWorker pid=4036249)[0m Creating stub renderer...
[36m(DreamerWorker pid=4036249)[0m Listening on: 127.0.0.1:39027
[36m(DreamerWorker pid=4036249)[0m Startup Phase 3 complete. Ready for commands.
[36m(DreamerWorker pid=4036249)[0m ConnectHandler: Request from 127.0.0.1:37182 accepted
[36m(DreamerWorker pid=4036249)[0m ReadyHandler: 127.0.0.1:37182 ready
[36m(DreamerWorker pid=4036249)[0m Requesting to join a single player game
[36m(DreamerWorker pid=4036249)[0m Configuring interface options
[36m(DreamerWorker pid=4036249)[0m Configure: raw interface enabled
[36m(DreamerWorker pid=4036249)[0m Configure: feature layer interface disabled
[36m(DreamerWorker pid=4036249)[0m Configure: score interface disabled
[36m(DreamerWorker pid=4036249)[0m Configure: render interface disabled
[36m(DreamerWorker pid=4036249)[0m Launching next game.
[36m(DreamerWorker pid=4036249)[0m Next launch phase started: 2
[36m(DreamerWorker pid=4036249)[0m Next launch phase started: 3
[36m(DreamerWorker pid=4036249)[0m Next launch phase started: 4
[36m(DreamerWorker pid=4036249)[0m Next launch phase started: 5
[36m(DreamerWorker pid=4036249)[0m Next launch phase started: 6
[36m(DreamerWorker pid=4036249)[0m Next launch phase started: 7
[36m(DreamerWorker pid=4036249)[0m Next launch phase started: 8
[36m(DreamerWorker pid=4036249)[0m Game has started.
[36m(DreamerWorker pid=4036249)[0m Using default stable ids, none found at: /home/razshmue/StarCraftII/stableid.json
[36m(DreamerWorker pid=4036249)[0m Successfully loaded stable ids: GameData\stableid.json
[36m(DreamerWorker pid=4036249)[0m Sending ResponseJoinGame
[36m(DreamerWorker pid=4036249)[0m Version: B75689 (SC2.4.10)
[36m(DreamerWorker pid=4036249)[0m Build: Aug 12 2019 17:16:57
[36m(DreamerWorker pid=4036249)[0m Command Line: '"/home/razshmue/StarCraftII/Versions/Base75689/SC2_x64" -listen 127.0.0.1 -port 37587 -dataDir /home/razshmue/StarCraftII/ -tempDir /tmp/sc-y53zbtjw/'
[36m(DreamerWorker pid=4036249)[0m Starting up...
[36m(DreamerWorker pid=4036249)[0m Startup Phase 1 complete
[36m(DreamerWorker pid=4036249)[0m Startup Phase 2 complete
[36m(DreamerWorker pid=4036249)[0m Creating stub renderer...
[36m(DreamerWorker pid=4036249)[0m Listening on: 127.0.0.1:37587
[36m(DreamerWorker pid=4036249)[0m Startup Phase 3 complete. Ready for commands.
[36m(DreamerWorker pid=4036249)[0m ConnectHandler: Request from 127.0.0.1:53266 accepted
[36m(DreamerWorker pid=4036249)[0m ReadyHandler: 127.0.0.1:53266 ready
[36m(DreamerWorker pid=4036249)[0m Requesting to join a single player game
[36m(DreamerWorker pid=4036249)[0m Configuring interface options
[36m(DreamerWorker pid=4036249)[0m Configure: raw interface enabled
[36m(DreamerWorker pid=4036249)[0m Configure: feature layer interface disabled
[36m(DreamerWorker pid=4036249)[0m Configure: score interface disabled
[36m(DreamerWorker pid=4036249)[0m Configure: render interface disabled
[36m(DreamerWorker pid=4036249)[0m Launching next game.
[36m(DreamerWorker pid=4036249)[0m Next launch phase started: 2
[36m(DreamerWorker pid=4036249)[0m Next launch phase started: 3
[36m(DreamerWorker pid=4036249)[0m Next launch phase started: 4
[36m(DreamerWorker pid=4036249)[0m Next launch phase started: 5
[36m(DreamerWorker pid=4036249)[0m Next launch phase started: 6
[36m(DreamerWorker pid=4036249)[0m Next launch phase started: 7
[36m(DreamerWorker pid=4036249)[0m Next launch phase started: 8
[36m(DreamerWorker pid=4036249)[0m Game has started.
[36m(DreamerWorker pid=4036249)[0m Using default stable ids, none found at: /home/razshmue/StarCraftII/stableid.json
[36m(DreamerWorker pid=4036249)[0m Successfully loaded stable ids: GameData\stableid.json
[36m(DreamerWorker pid=4036249)[0m Sending ResponseJoinGame
[36m(DreamerWorker pid=4036245)[0m Version: B75689 (SC2.4.10)
[36m(DreamerWorker pid=4036245)[0m Build: Aug 12 2019 17:16:57
[36m(DreamerWorker pid=4036245)[0m Command Line: '"/home/razshmue/StarCraftII/Versions/Base75689/SC2_x64" -listen 127.0.0.1 -port 32811 -dataDir /home/razshmue/StarCraftII/ -tempDir /tmp/sc-f0oxyr_y/'
[36m(DreamerWorker pid=4036245)[0m Starting up...
[36m(DreamerWorker pid=4036245)[0m Startup Phase 1 complete
[36m(DreamerWorker pid=4036245)[0m Startup Phase 2 complete
[36m(DreamerWorker pid=4036245)[0m Creating stub renderer...
[36m(DreamerWorker pid=4036245)[0m Listening on: 127.0.0.1:32811
[36m(DreamerWorker pid=4036245)[0m Startup Phase 3 complete. Ready for commands.
[36m(DreamerWorker pid=4036245)[0m ConnectHandler: Request from 127.0.0.1:55172 accepted
[36m(DreamerWorker pid=4036245)[0m ReadyHandler: 127.0.0.1:55172 ready
[36m(DreamerWorker pid=4036245)[0m Requesting to join a single player game
[36m(DreamerWorker pid=4036245)[0m Configuring interface options
[36m(DreamerWorker pid=4036245)[0m Configure: raw interface enabled
[36m(DreamerWorker pid=4036245)[0m Configure: feature layer interface disabled
[36m(DreamerWorker pid=4036245)[0m Configure: score interface disabled
[36m(DreamerWorker pid=4036245)[0m Configure: render interface disabled
[36m(DreamerWorker pid=4036245)[0m Launching next game.
[36m(DreamerWorker pid=4036245)[0m Next launch phase started: 2
[36m(DreamerWorker pid=4036245)[0m Next launch phase started: 3
[36m(DreamerWorker pid=4036245)[0m Next launch phase started: 4
[36m(DreamerWorker pid=4036245)[0m Next launch phase started: 5
[36m(DreamerWorker pid=4036245)[0m Next launch phase started: 6
[36m(DreamerWorker pid=4036245)[0m Next launch phase started: 7
[36m(DreamerWorker pid=4036245)[0m Next launch phase started: 8
[36m(DreamerWorker pid=4036245)[0m Game has started.
[36m(DreamerWorker pid=4036245)[0m Using default stable ids, none found at: /home/razshmue/StarCraftII/stableid.json
[36m(DreamerWorker pid=4036245)[0m Successfully loaded stable ids: GameData\stableid.json
[36m(DreamerWorker pid=4036245)[0m Sending ResponseJoinGame
[36m(DreamerWorker pid=4036249)[0m Version: B75689 (SC2.4.10)
[36m(DreamerWorker pid=4036249)[0m Build: Aug 12 2019 17:16:57
[36m(DreamerWorker pid=4036249)[0m Command Line: '"/home/razshmue/StarCraftII/Versions/Base75689/SC2_x64" -listen 127.0.0.1 -port 40117 -dataDir /home/razshmue/StarCraftII/ -tempDir /tmp/sc-hoqaw36c/'
[36m(DreamerWorker pid=4036249)[0m Starting up...
[36m(DreamerWorker pid=4036249)[0m Startup Phase 1 complete
[36m(DreamerWorker pid=4036249)[0m Startup Phase 2 complete
[36m(DreamerWorker pid=4036249)[0m Creating stub renderer...
[36m(DreamerWorker pid=4036249)[0m Listening on: 127.0.0.1:40117
[36m(DreamerWorker pid=4036249)[0m Startup Phase 3 complete. Ready for commands.
[36m(DreamerWorker pid=4036249)[0m ConnectHandler: Request from 127.0.0.1:33434 accepted
[36m(DreamerWorker pid=4036249)[0m ReadyHandler: 127.0.0.1:33434 ready
[36m(DreamerWorker pid=4036249)[0m Requesting to join a single player game
[36m(DreamerWorker pid=4036249)[0m Configuring interface options
[36m(DreamerWorker pid=4036249)[0m Configure: raw interface enabled
[36m(DreamerWorker pid=4036249)[0m Configure: feature layer interface disabled
[36m(DreamerWorker pid=4036249)[0m Configure: score interface disabled
[36m(DreamerWorker pid=4036249)[0m Configure: render interface disabled
[36m(DreamerWorker pid=4036249)[0m Launching next game.
[36m(DreamerWorker pid=4036249)[0m Next launch phase started: 2
[36m(DreamerWorker pid=4036249)[0m Next launch phase started: 3
[36m(DreamerWorker pid=4036249)[0m Next launch phase started: 4
[36m(DreamerWorker pid=4036249)[0m Next launch phase started: 5
[36m(DreamerWorker pid=4036249)[0m Next launch phase started: 6
[36m(DreamerWorker pid=4036249)[0m Next launch phase started: 7
[36m(DreamerWorker pid=4036249)[0m Next launch phase started: 8
[36m(DreamerWorker pid=4036249)[0m Game has started.
[36m(DreamerWorker pid=4036249)[0m Using default stable ids, none found at: /home/razshmue/StarCraftII/stableid.json
[36m(DreamerWorker pid=4036249)[0m Successfully loaded stable ids: GameData\stableid.json
[36m(DreamerWorker pid=4036249)[0m Sending ResponseJoinGame
[36m(DreamerWorker pid=4036245)[0m Version: B75689 (SC2.4.10)
[36m(DreamerWorker pid=4036245)[0m Build: Aug 12 2019 17:16:57
[36m(DreamerWorker pid=4036245)[0m Command Line: '"/home/razshmue/StarCraftII/Versions/Base75689/SC2_x64" -listen 127.0.0.1 -port 45007 -dataDir /home/razshmue/StarCraftII/ -tempDir /tmp/sc-jp9vqhjf/'
[36m(DreamerWorker pid=4036245)[0m Starting up...
[36m(DreamerWorker pid=4036245)[0m Startup Phase 1 complete
[36m(DreamerWorker pid=4036245)[0m Startup Phase 2 complete
[36m(DreamerWorker pid=4036245)[0m Creating stub renderer...
[36m(DreamerWorker pid=4036245)[0m Listening on: 127.0.0.1:45007
[36m(DreamerWorker pid=4036245)[0m Startup Phase 3 complete. Ready for commands.
[36m(DreamerWorker pid=4036245)[0m ConnectHandler: Request from 127.0.0.1:55548 accepted
[36m(DreamerWorker pid=4036245)[0m ReadyHandler: 127.0.0.1:55548 ready
[36m(DreamerWorker pid=4036245)[0m Requesting to join a single player game
[36m(DreamerWorker pid=4036245)[0m Configuring interface options
[36m(DreamerWorker pid=4036245)[0m Configure: raw interface enabled
[36m(DreamerWorker pid=4036245)[0m Configure: feature layer interface disabled
[36m(DreamerWorker pid=4036245)[0m Configure: score interface disabled
[36m(DreamerWorker pid=4036245)[0m Configure: render interface disabled
[36m(DreamerWorker pid=4036245)[0m Launching next game.
[36m(DreamerWorker pid=4036245)[0m Next launch phase started: 2
[36m(DreamerWorker pid=4036245)[0m Next launch phase started: 3
[36m(DreamerWorker pid=4036245)[0m Next launch phase started: 4
[36m(DreamerWorker pid=4036245)[0m Next launch phase started: 5
[36m(DreamerWorker pid=4036245)[0m Next launch phase started: 6
[36m(DreamerWorker pid=4036245)[0m Next launch phase started: 7
[36m(DreamerWorker pid=4036245)[0m Next launch phase started: 8
[36m(DreamerWorker pid=4036245)[0m Game has started.
[36m(DreamerWorker pid=4036245)[0m Using default stable ids, none found at: /home/razshmue/StarCraftII/stableid.json
[36m(DreamerWorker pid=4036245)[0m Successfully loaded stable ids: GameData\stableid.json
[36m(DreamerWorker pid=4036245)[0m Sending ResponseJoinGame
[36m(DreamerWorker pid=4036249)[0m Version: B75689 (SC2.4.10)
[36m(DreamerWorker pid=4036249)[0m Build: Aug 12 2019 17:16:57
[36m(DreamerWorker pid=4036249)[0m Command Line: '"/home/razshmue/StarCraftII/Versions/Base75689/SC2_x64" -listen 127.0.0.1 -port 39597 -dataDir /home/razshmue/StarCraftII/ -tempDir /tmp/sc-ffgnm14g/'
[36m(DreamerWorker pid=4036249)[0m Starting up...
[36m(DreamerWorker pid=4036249)[0m Startup Phase 1 complete
[36m(DreamerWorker pid=4036249)[0m Startup Phase 2 complete
[36m(DreamerWorker pid=4036249)[0m Creating stub renderer...
[36m(DreamerWorker pid=4036249)[0m Listening on: 127.0.0.1:39597
[36m(DreamerWorker pid=4036249)[0m Startup Phase 3 complete. Ready for commands.
[36m(DreamerWorker pid=4036249)[0m ConnectHandler: Request from 127.0.0.1:46072 accepted
[36m(DreamerWorker pid=4036249)[0m ReadyHandler: 127.0.0.1:46072 ready
[36m(DreamerWorker pid=4036249)[0m Requesting to join a single player game
[36m(DreamerWorker pid=4036249)[0m Configuring interface options
[36m(DreamerWorker pid=4036249)[0m Configure: raw interface enabled
[36m(DreamerWorker pid=4036249)[0m Configure: feature layer interface disabled
[36m(DreamerWorker pid=4036249)[0m Configure: score interface disabled
[36m(DreamerWorker pid=4036249)[0m Configure: render interface disabled
[36m(DreamerWorker pid=4036249)[0m Launching next game.
[36m(DreamerWorker pid=4036249)[0m Next launch phase started: 2
[36m(DreamerWorker pid=4036249)[0m Next launch phase started: 3
[36m(DreamerWorker pid=4036249)[0m Next launch phase started: 4
[36m(DreamerWorker pid=4036249)[0m Next launch phase started: 5
[36m(DreamerWorker pid=4036249)[0m Next launch phase started: 6
[36m(DreamerWorker pid=4036249)[0m Next launch phase started: 7
[36m(DreamerWorker pid=4036249)[0m Next launch phase started: 8
[36m(DreamerWorker pid=4036249)[0m Game has started.
[36m(DreamerWorker pid=4036249)[0m Using default stable ids, none found at: /home/razshmue/StarCraftII/stableid.json
[36m(DreamerWorker pid=4036249)[0m Successfully loaded stable ids: GameData\stableid.json
[36m(DreamerWorker pid=4036249)[0m Sending ResponseJoinGame
[36m(DreamerWorker pid=4036245)[0m Version: B75689 (SC2.4.10)
[36m(DreamerWorker pid=4036245)[0m Build: Aug 12 2019 17:16:57
[36m(DreamerWorker pid=4036245)[0m Command Line: '"/home/razshmue/StarCraftII/Versions/Base75689/SC2_x64" -listen 127.0.0.1 -port 32969 -dataDir /home/razshmue/StarCraftII/ -tempDir /tmp/sc-lywrme2z/'
[36m(DreamerWorker pid=4036245)[0m Starting up...
[36m(DreamerWorker pid=4036245)[0m Startup Phase 1 complete
[36m(DreamerWorker pid=4036245)[0m Startup Phase 2 complete
[36m(DreamerWorker pid=4036245)[0m Creating stub renderer...
[36m(DreamerWorker pid=4036245)[0m Listening on: 127.0.0.1:32969
[36m(DreamerWorker pid=4036245)[0m Startup Phase 3 complete. Ready for commands.
[36m(DreamerWorker pid=4036245)[0m ConnectHandler: Request from 127.0.0.1:59566 accepted
[36m(DreamerWorker pid=4036245)[0m ReadyHandler: 127.0.0.1:59566 ready
[36m(DreamerWorker pid=4036245)[0m Requesting to join a single player game
[36m(DreamerWorker pid=4036245)[0m Configuring interface options
[36m(DreamerWorker pid=4036245)[0m Configure: raw interface enabled
[36m(DreamerWorker pid=4036245)[0m Configure: feature layer interface disabled
[36m(DreamerWorker pid=4036245)[0m Configure: score interface disabled
[36m(DreamerWorker pid=4036245)[0m Configure: render interface disabled
[36m(DreamerWorker pid=4036245)[0m Launching next game.
[36m(DreamerWorker pid=4036245)[0m Next launch phase started: 2
[36m(DreamerWorker pid=4036245)[0m Next launch phase started: 3
[36m(DreamerWorker pid=4036245)[0m Next launch phase started: 4
[36m(DreamerWorker pid=4036245)[0m Next launch phase started: 5
[36m(DreamerWorker pid=4036245)[0m Next launch phase started: 6
[36m(DreamerWorker pid=4036245)[0m Next launch phase started: 7
[36m(DreamerWorker pid=4036245)[0m Next launch phase started: 8
[36m(DreamerWorker pid=4036245)[0m Game has started.
[36m(DreamerWorker pid=4036245)[0m Using default stable ids, none found at: /home/razshmue/StarCraftII/stableid.json
[36m(DreamerWorker pid=4036245)[0m Successfully loaded stable ids: GameData\stableid.json
[36m(DreamerWorker pid=4036245)[0m Sending ResponseJoinGame
[36m(DreamerWorker pid=4036249)[0m Version: B75689 (SC2.4.10)
[36m(DreamerWorker pid=4036249)[0m Build: Aug 12 2019 17:16:57
[36m(DreamerWorker pid=4036249)[0m Command Line: '"/home/razshmue/StarCraftII/Versions/Base75689/SC2_x64" -listen 127.0.0.1 -port 44663 -dataDir /home/razshmue/StarCraftII/ -tempDir /tmp/sc-dox09c4m/'
[36m(DreamerWorker pid=4036249)[0m Starting up...
[36m(DreamerWorker pid=4036249)[0m Startup Phase 1 complete
[36m(DreamerWorker pid=4036249)[0m Startup Phase 2 complete
[36m(DreamerWorker pid=4036249)[0m Creating stub renderer...
[36m(DreamerWorker pid=4036249)[0m Listening on: 127.0.0.1:44663
[36m(DreamerWorker pid=4036249)[0m Startup Phase 3 complete. Ready for commands.
[36m(DreamerWorker pid=4036249)[0m ConnectHandler: Request from 127.0.0.1:44092 accepted
[36m(DreamerWorker pid=4036249)[0m ReadyHandler: 127.0.0.1:44092 ready
[36m(DreamerWorker pid=4036249)[0m Requesting to join a single player game
[36m(DreamerWorker pid=4036249)[0m Configuring interface options
[36m(DreamerWorker pid=4036249)[0m Configure: raw interface enabled
[36m(DreamerWorker pid=4036249)[0m Configure: feature layer interface disabled
[36m(DreamerWorker pid=4036249)[0m Configure: score interface disabled
[36m(DreamerWorker pid=4036249)[0m Configure: render interface disabled
[36m(DreamerWorker pid=4036249)[0m Launching next game.
[36m(DreamerWorker pid=4036249)[0m Next launch phase started: 2
[36m(DreamerWorker pid=4036249)[0m Next launch phase started: 3
[36m(DreamerWorker pid=4036249)[0m Next launch phase started: 4
[36m(DreamerWorker pid=4036249)[0m Next launch phase started: 5
[36m(DreamerWorker pid=4036249)[0m Next launch phase started: 6
[36m(DreamerWorker pid=4036249)[0m Next launch phase started: 7
[36m(DreamerWorker pid=4036249)[0m Next launch phase started: 8
[36m(DreamerWorker pid=4036249)[0m Game has started.
[36m(DreamerWorker pid=4036249)[0m Using default stable ids, none found at: /home/razshmue/StarCraftII/stableid.json
[36m(DreamerWorker pid=4036249)[0m Successfully loaded stable ids: GameData\stableid.json
[36m(DreamerWorker pid=4036249)[0m Sending ResponseJoinGame
[36m(DreamerWorker pid=4036245)[0m Version: B75689 (SC2.4.10)
[36m(DreamerWorker pid=4036245)[0m Build: Aug 12 2019 17:16:57
[36m(DreamerWorker pid=4036245)[0m Command Line: '"/home/razshmue/StarCraftII/Versions/Base75689/SC2_x64" -listen 127.0.0.1 -port 40003 -dataDir /home/razshmue/StarCraftII/ -tempDir /tmp/sc-jayqh456/'
[36m(DreamerWorker pid=4036245)[0m Starting up...
[36m(DreamerWorker pid=4036245)[0m Startup Phase 1 complete
[36m(DreamerWorker pid=4036245)[0m Startup Phase 2 complete
[36m(DreamerWorker pid=4036245)[0m Creating stub renderer...
[36m(DreamerWorker pid=4036245)[0m Listening on: 127.0.0.1:40003
[36m(DreamerWorker pid=4036245)[0m Startup Phase 3 complete. Ready for commands.
[36m(DreamerWorker pid=4036245)[0m ConnectHandler: Request from 127.0.0.1:48002 accepted
[36m(DreamerWorker pid=4036245)[0m ReadyHandler: 127.0.0.1:48002 ready
[36m(DreamerWorker pid=4036245)[0m Requesting to join a single player game
[36m(DreamerWorker pid=4036245)[0m Configuring interface options
[36m(DreamerWorker pid=4036245)[0m Configure: raw interface enabled
[36m(DreamerWorker pid=4036245)[0m Configure: feature layer interface disabled
[36m(DreamerWorker pid=4036245)[0m Configure: score interface disabled
[36m(DreamerWorker pid=4036245)[0m Configure: render interface disabled
[36m(DreamerWorker pid=4036245)[0m Launching next game.
[36m(DreamerWorker pid=4036245)[0m Next launch phase started: 2
[36m(DreamerWorker pid=4036245)[0m Next launch phase started: 3
[36m(DreamerWorker pid=4036245)[0m Next launch phase started: 4
[36m(DreamerWorker pid=4036245)[0m Next launch phase started: 5
[36m(DreamerWorker pid=4036245)[0m Next launch phase started: 6
[36m(DreamerWorker pid=4036245)[0m Next launch phase started: 7
[36m(DreamerWorker pid=4036245)[0m Next launch phase started: 8
[36m(DreamerWorker pid=4036245)[0m Game has started.
[36m(DreamerWorker pid=4036245)[0m Using default stable ids, none found at: /home/razshmue/StarCraftII/stableid.json
[36m(DreamerWorker pid=4036245)[0m Successfully loaded stable ids: GameData\stableid.json
[36m(DreamerWorker pid=4036245)[0m Sending ResponseJoinGame
[36m(DreamerWorker pid=4036249)[0m Version: B75689 (SC2.4.10)
[36m(DreamerWorker pid=4036249)[0m Build: Aug 12 2019 17:16:57
[36m(DreamerWorker pid=4036249)[0m Command Line: '"/home/razshmue/StarCraftII/Versions/Base75689/SC2_x64" -listen 127.0.0.1 -port 40371 -dataDir /home/razshmue/StarCraftII/ -tempDir /tmp/sc-c6na_c1l/'
[36m(DreamerWorker pid=4036249)[0m Starting up...
[36m(DreamerWorker pid=4036249)[0m Startup Phase 1 complete
[36m(DreamerWorker pid=4036249)[0m Startup Phase 2 complete
[36m(DreamerWorker pid=4036249)[0m Creating stub renderer...
[36m(DreamerWorker pid=4036249)[0m Listening on: 127.0.0.1:40371
[36m(DreamerWorker pid=4036249)[0m Startup Phase 3 complete. Ready for commands.
[36m(DreamerWorker pid=4036249)[0m ConnectHandler: Request from 127.0.0.1:58732 accepted
[36m(DreamerWorker pid=4036249)[0m ReadyHandler: 127.0.0.1:58732 ready
[36m(DreamerWorker pid=4036249)[0m Requesting to join a single player game
[36m(DreamerWorker pid=4036249)[0m Configuring interface options
[36m(DreamerWorker pid=4036249)[0m Configure: raw interface enabled
[36m(DreamerWorker pid=4036249)[0m Configure: feature layer interface disabled
[36m(DreamerWorker pid=4036249)[0m Configure: score interface disabled
[36m(DreamerWorker pid=4036249)[0m Configure: render interface disabled
[36m(DreamerWorker pid=4036249)[0m Launching next game.
[36m(DreamerWorker pid=4036249)[0m Next launch phase started: 2
[36m(DreamerWorker pid=4036249)[0m Next launch phase started: 3
[36m(DreamerWorker pid=4036249)[0m Next launch phase started: 4
[36m(DreamerWorker pid=4036249)[0m Next launch phase started: 5
[36m(DreamerWorker pid=4036249)[0m Next launch phase started: 6
[36m(DreamerWorker pid=4036249)[0m Next launch phase started: 7
[36m(DreamerWorker pid=4036249)[0m Next launch phase started: 8
[36m(DreamerWorker pid=4036249)[0m Game has started.
[36m(DreamerWorker pid=4036249)[0m Using default stable ids, none found at: /home/razshmue/StarCraftII/stableid.json
[36m(DreamerWorker pid=4036249)[0m Successfully loaded stable ids: GameData\stableid.json
[36m(DreamerWorker pid=4036249)[0m Sending ResponseJoinGame
[36m(DreamerWorker pid=4036245)[0m Version: B75689 (SC2.4.10)
[36m(DreamerWorker pid=4036245)[0m Build: Aug 12 2019 17:16:57
[36m(DreamerWorker pid=4036245)[0m Command Line: '"/home/razshmue/StarCraftII/Versions/Base75689/SC2_x64" -listen 127.0.0.1 -port 45203 -dataDir /home/razshmue/StarCraftII/ -tempDir /tmp/sc-3glco_g8/'
[36m(DreamerWorker pid=4036245)[0m Starting up...
[36m(DreamerWorker pid=4036245)[0m Startup Phase 1 complete
[36m(DreamerWorker pid=4036245)[0m Startup Phase 2 complete
[36m(DreamerWorker pid=4036245)[0m Creating stub renderer...
[36m(DreamerWorker pid=4036245)[0m Listening on: 127.0.0.1:45203
[36m(DreamerWorker pid=4036245)[0m Startup Phase 3 complete. Ready for commands.
[36m(DreamerWorker pid=4036245)[0m ConnectHandler: Request from 127.0.0.1:58192 accepted
[36m(DreamerWorker pid=4036245)[0m ReadyHandler: 127.0.0.1:58192 ready
[36m(DreamerWorker pid=4036245)[0m Requesting to join a single player game
[36m(DreamerWorker pid=4036245)[0m Configuring interface options
[36m(DreamerWorker pid=4036245)[0m Configure: raw interface enabled
[36m(DreamerWorker pid=4036245)[0m Configure: feature layer interface disabled
[36m(DreamerWorker pid=4036245)[0m Configure: score interface disabled
[36m(DreamerWorker pid=4036245)[0m Configure: render interface disabled
[36m(DreamerWorker pid=4036245)[0m Launching next game.
[36m(DreamerWorker pid=4036245)[0m Next launch phase started: 2
[36m(DreamerWorker pid=4036245)[0m Next launch phase started: 3
[36m(DreamerWorker pid=4036245)[0m Next launch phase started: 4
[36m(DreamerWorker pid=4036245)[0m Next launch phase started: 5
[36m(DreamerWorker pid=4036245)[0m Next launch phase started: 6
[36m(DreamerWorker pid=4036245)[0m Next launch phase started: 7
[36m(DreamerWorker pid=4036245)[0m Next launch phase started: 8
[36m(DreamerWorker pid=4036245)[0m Game has started.
[36m(DreamerWorker pid=4036245)[0m Using default stable ids, none found at: /home/razshmue/StarCraftII/stableid.json
[36m(DreamerWorker pid=4036245)[0m Successfully loaded stable ids: GameData\stableid.json
[36m(DreamerWorker pid=4036245)[0m Sending ResponseJoinGame
[36m(DreamerWorker pid=4036249)[0m Version: B75689 (SC2.4.10)
[36m(DreamerWorker pid=4036249)[0m Build: Aug 12 2019 17:16:57
[36m(DreamerWorker pid=4036249)[0m Command Line: '"/home/razshmue/StarCraftII/Versions/Base75689/SC2_x64" -listen 127.0.0.1 -port 40751 -dataDir /home/razshmue/StarCraftII/ -tempDir /tmp/sc-1jestc89/'
[36m(DreamerWorker pid=4036249)[0m Starting up...
[36m(DreamerWorker pid=4036249)[0m Startup Phase 1 complete
[36m(DreamerWorker pid=4036249)[0m Startup Phase 2 complete
[36m(DreamerWorker pid=4036249)[0m Creating stub renderer...
[36m(DreamerWorker pid=4036249)[0m Listening on: 127.0.0.1:40751
[36m(DreamerWorker pid=4036249)[0m Startup Phase 3 complete. Ready for commands.
[36m(DreamerWorker pid=4036249)[0m ConnectHandler: Request from 127.0.0.1:34958 accepted
[36m(DreamerWorker pid=4036249)[0m ReadyHandler: 127.0.0.1:34958 ready
[36m(DreamerWorker pid=4036249)[0m Requesting to join a single player game
[36m(DreamerWorker pid=4036249)[0m Configuring interface options
[36m(DreamerWorker pid=4036249)[0m Configure: raw interface enabled
[36m(DreamerWorker pid=4036249)[0m Configure: feature layer interface disabled
[36m(DreamerWorker pid=4036249)[0m Configure: score interface disabled
[36m(DreamerWorker pid=4036249)[0m Configure: render interface disabled
[36m(DreamerWorker pid=4036249)[0m Launching next game.
[36m(DreamerWorker pid=4036249)[0m Next launch phase started: 2
[36m(DreamerWorker pid=4036249)[0m Next launch phase started: 3
[36m(DreamerWorker pid=4036249)[0m Next launch phase started: 4
[36m(DreamerWorker pid=4036249)[0m Next launch phase started: 5
[36m(DreamerWorker pid=4036249)[0m Next launch phase started: 6
[36m(DreamerWorker pid=4036249)[0m Next launch phase started: 7
[36m(DreamerWorker pid=4036249)[0m Next launch phase started: 8
[36m(DreamerWorker pid=4036249)[0m Game has started.
[36m(DreamerWorker pid=4036249)[0m Using default stable ids, none found at: /home/razshmue/StarCraftII/stableid.json
[36m(DreamerWorker pid=4036249)[0m Successfully loaded stable ids: GameData\stableid.json
[36m(DreamerWorker pid=4036249)[0m Sending ResponseJoinGame
[36m(DreamerWorker pid=4036245)[0m Version: B75689 (SC2.4.10)
[36m(DreamerWorker pid=4036245)[0m Build: Aug 12 2019 17:16:57
[36m(DreamerWorker pid=4036245)[0m Command Line: '"/home/razshmue/StarCraftII/Versions/Base75689/SC2_x64" -listen 127.0.0.1 -port 33331 -dataDir /home/razshmue/StarCraftII/ -tempDir /tmp/sc-p9pjm0py/'
[36m(DreamerWorker pid=4036245)[0m Starting up...
[36m(DreamerWorker pid=4036245)[0m Startup Phase 1 complete
[36m(DreamerWorker pid=4036245)[0m Startup Phase 2 complete
[36m(DreamerWorker pid=4036245)[0m Creating stub renderer...
[36m(DreamerWorker pid=4036245)[0m Listening on: 127.0.0.1:33331
[36m(DreamerWorker pid=4036245)[0m Startup Phase 3 complete. Ready for commands.
[36m(DreamerWorker pid=4036245)[0m ConnectHandler: Request from 127.0.0.1:47156 accepted
[36m(DreamerWorker pid=4036245)[0m ReadyHandler: 127.0.0.1:47156 ready
[36m(DreamerWorker pid=4036245)[0m Requesting to join a single player game
[36m(DreamerWorker pid=4036245)[0m Configuring interface options
[36m(DreamerWorker pid=4036245)[0m Configure: raw interface enabled
[36m(DreamerWorker pid=4036245)[0m Configure: feature layer interface disabled
[36m(DreamerWorker pid=4036245)[0m Configure: score interface disabled
[36m(DreamerWorker pid=4036245)[0m Configure: render interface disabled
[36m(DreamerWorker pid=4036245)[0m Launching next game.
[36m(DreamerWorker pid=4036245)[0m Next launch phase started: 2
[36m(DreamerWorker pid=4036245)[0m Next launch phase started: 3
[36m(DreamerWorker pid=4036245)[0m Next launch phase started: 4
[36m(DreamerWorker pid=4036245)[0m Next launch phase started: 5
[36m(DreamerWorker pid=4036245)[0m Next launch phase started: 6
[36m(DreamerWorker pid=4036245)[0m Next launch phase started: 7
[36m(DreamerWorker pid=4036245)[0m Next launch phase started: 8
[36m(DreamerWorker pid=4036245)[0m Game has started.
[36m(DreamerWorker pid=4036245)[0m Using default stable ids, none found at: /home/razshmue/StarCraftII/stableid.json
[36m(DreamerWorker pid=4036245)[0m Successfully loaded stable ids: GameData\stableid.json
[36m(DreamerWorker pid=4036245)[0m Sending ResponseJoinGame
[36m(DreamerWorker pid=4036249)[0m Version: B75689 (SC2.4.10)
[36m(DreamerWorker pid=4036249)[0m Build: Aug 12 2019 17:16:57
[36m(DreamerWorker pid=4036249)[0m Command Line: '"/home/razshmue/StarCraftII/Versions/Base75689/SC2_x64" -listen 127.0.0.1 -port 35765 -dataDir /home/razshmue/StarCraftII/ -tempDir /tmp/sc-5v7uhkxz/'
[36m(DreamerWorker pid=4036249)[0m Starting up...
[36m(DreamerWorker pid=4036249)[0m Startup Phase 1 complete
[36m(DreamerWorker pid=4036249)[0m Startup Phase 2 complete
[36m(DreamerWorker pid=4036249)[0m Creating stub renderer...
[36m(DreamerWorker pid=4036249)[0m Listening on: 127.0.0.1:35765
[36m(DreamerWorker pid=4036249)[0m Startup Phase 3 complete. Ready for commands.
[36m(DreamerWorker pid=4036249)[0m ConnectHandler: Request from 127.0.0.1:37972 accepted
[36m(DreamerWorker pid=4036249)[0m ReadyHandler: 127.0.0.1:37972 ready
[36m(DreamerWorker pid=4036249)[0m Requesting to join a single player game
[36m(DreamerWorker pid=4036249)[0m Configuring interface options
[36m(DreamerWorker pid=4036249)[0m Configure: raw interface enabled
[36m(DreamerWorker pid=4036249)[0m Configure: feature layer interface disabled
[36m(DreamerWorker pid=4036249)[0m Configure: score interface disabled
[36m(DreamerWorker pid=4036249)[0m Configure: render interface disabled
[36m(DreamerWorker pid=4036249)[0m Launching next game.
[36m(DreamerWorker pid=4036249)[0m Next launch phase started: 2
[36m(DreamerWorker pid=4036249)[0m Next launch phase started: 3
[36m(DreamerWorker pid=4036249)[0m Next launch phase started: 4
[36m(DreamerWorker pid=4036249)[0m Next launch phase started: 5
[36m(DreamerWorker pid=4036249)[0m Next launch phase started: 6
[36m(DreamerWorker pid=4036249)[0m Next launch phase started: 7
[36m(DreamerWorker pid=4036249)[0m Next launch phase started: 8
[36m(DreamerWorker pid=4036249)[0m Game has started.
[36m(DreamerWorker pid=4036249)[0m Using default stable ids, none found at: /home/razshmue/StarCraftII/stableid.json
[36m(DreamerWorker pid=4036249)[0m Successfully loaded stable ids: GameData\stableid.json
[36m(DreamerWorker pid=4036249)[0m Sending ResponseJoinGame
[36m(DreamerWorker pid=4036245)[0m Version: B75689 (SC2.4.10)
[36m(DreamerWorker pid=4036245)[0m Build: Aug 12 2019 17:16:57
[36m(DreamerWorker pid=4036245)[0m Command Line: '"/home/razshmue/StarCraftII/Versions/Base75689/SC2_x64" -listen 127.0.0.1 -port 37097 -dataDir /home/razshmue/StarCraftII/ -tempDir /tmp/sc-194gm1ng/'
[36m(DreamerWorker pid=4036245)[0m Starting up...
[36m(DreamerWorker pid=4036245)[0m Startup Phase 1 complete
[36m(DreamerWorker pid=4036245)[0m Startup Phase 2 complete
[36m(DreamerWorker pid=4036245)[0m Creating stub renderer...
[36m(DreamerWorker pid=4036245)[0m Listening on: 127.0.0.1:37097
[36m(DreamerWorker pid=4036245)[0m Startup Phase 3 complete. Ready for commands.
[36m(DreamerWorker pid=4036245)[0m ConnectHandler: Request from 127.0.0.1:44210 accepted
[36m(DreamerWorker pid=4036245)[0m ReadyHandler: 127.0.0.1:44210 ready
[36m(DreamerWorker pid=4036245)[0m Requesting to join a single player game
[36m(DreamerWorker pid=4036245)[0m Configuring interface options
[36m(DreamerWorker pid=4036245)[0m Configure: raw interface enabled
[36m(DreamerWorker pid=4036245)[0m Configure: feature layer interface disabled
[36m(DreamerWorker pid=4036245)[0m Configure: score interface disabled
[36m(DreamerWorker pid=4036245)[0m Configure: render interface disabled
[36m(DreamerWorker pid=4036245)[0m Launching next game.
[36m(DreamerWorker pid=4036245)[0m Next launch phase started: 2
[36m(DreamerWorker pid=4036245)[0m Next launch phase started: 3
[36m(DreamerWorker pid=4036245)[0m Next launch phase started: 4
[36m(DreamerWorker pid=4036245)[0m Next launch phase started: 5
[36m(DreamerWorker pid=4036245)[0m Next launch phase started: 6
[36m(DreamerWorker pid=4036245)[0m Next launch phase started: 7
[36m(DreamerWorker pid=4036245)[0m Next launch phase started: 8
[36m(DreamerWorker pid=4036245)[0m Game has started.
[36m(DreamerWorker pid=4036245)[0m Using default stable ids, none found at: /home/razshmue/StarCraftII/stableid.json
[36m(DreamerWorker pid=4036245)[0m Successfully loaded stable ids: GameData\stableid.json
[36m(DreamerWorker pid=4036245)[0m Sending ResponseJoinGame
[36m(DreamerWorker pid=4036249)[0m Version: B75689 (SC2.4.10)
[36m(DreamerWorker pid=4036249)[0m Build: Aug 12 2019 17:16:57
[36m(DreamerWorker pid=4036249)[0m Command Line: '"/home/razshmue/StarCraftII/Versions/Base75689/SC2_x64" -listen 127.0.0.1 -port 45667 -dataDir /home/razshmue/StarCraftII/ -tempDir /tmp/sc-w0c5tea5/'
[36m(DreamerWorker pid=4036249)[0m Starting up...
[36m(DreamerWorker pid=4036249)[0m Startup Phase 1 complete
[36m(DreamerWorker pid=4036249)[0m Startup Phase 2 complete
[36m(DreamerWorker pid=4036249)[0m Creating stub renderer...
[36m(DreamerWorker pid=4036249)[0m Listening on: 127.0.0.1:45667
[36m(DreamerWorker pid=4036249)[0m Startup Phase 3 complete. Ready for commands.
[36m(DreamerWorker pid=4036249)[0m ConnectHandler: Request from 127.0.0.1:42934 accepted
[36m(DreamerWorker pid=4036249)[0m ReadyHandler: 127.0.0.1:42934 ready
[36m(DreamerWorker pid=4036249)[0m Requesting to join a single player game
[36m(DreamerWorker pid=4036249)[0m Configuring interface options
[36m(DreamerWorker pid=4036249)[0m Configure: raw interface enabled
[36m(DreamerWorker pid=4036249)[0m Configure: feature layer interface disabled
[36m(DreamerWorker pid=4036249)[0m Configure: score interface disabled
[36m(DreamerWorker pid=4036249)[0m Configure: render interface disabled
[36m(DreamerWorker pid=4036249)[0m Launching next game.
[36m(DreamerWorker pid=4036249)[0m Next launch phase started: 2
[36m(DreamerWorker pid=4036249)[0m Next launch phase started: 3
[36m(DreamerWorker pid=4036249)[0m Next launch phase started: 4
[36m(DreamerWorker pid=4036249)[0m Next launch phase started: 5
[36m(DreamerWorker pid=4036249)[0m Next launch phase started: 6
[36m(DreamerWorker pid=4036249)[0m Next launch phase started: 7
[36m(DreamerWorker pid=4036249)[0m Next launch phase started: 8
[36m(DreamerWorker pid=4036249)[0m Game has started.
[36m(DreamerWorker pid=4036249)[0m Using default stable ids, none found at: /home/razshmue/StarCraftII/stableid.json
[36m(DreamerWorker pid=4036249)[0m Successfully loaded stable ids: GameData\stableid.json
[36m(DreamerWorker pid=4036249)[0m Sending ResponseJoinGame
[36m(DreamerWorker pid=4036245)[0m Version: B75689 (SC2.4.10)
[36m(DreamerWorker pid=4036245)[0m Build: Aug 12 2019 17:16:57
[36m(DreamerWorker pid=4036245)[0m Command Line: '"/home/razshmue/StarCraftII/Versions/Base75689/SC2_x64" -listen 127.0.0.1 -port 34895 -dataDir /home/razshmue/StarCraftII/ -tempDir /tmp/sc-xux5h02p/'
[36m(DreamerWorker pid=4036245)[0m Starting up...
[36m(DreamerWorker pid=4036245)[0m Startup Phase 1 complete
[36m(DreamerWorker pid=4036245)[0m Startup Phase 2 complete
[36m(DreamerWorker pid=4036245)[0m Creating stub renderer...
[36m(DreamerWorker pid=4036245)[0m Listening on: 127.0.0.1:34895
[36m(DreamerWorker pid=4036245)[0m Startup Phase 3 complete. Ready for commands.
[36m(DreamerWorker pid=4036245)[0m ConnectHandler: Request from 127.0.0.1:36474 accepted
[36m(DreamerWorker pid=4036245)[0m ReadyHandler: 127.0.0.1:36474 ready
[36m(DreamerWorker pid=4036245)[0m Requesting to join a single player game
[36m(DreamerWorker pid=4036245)[0m Configuring interface options
[36m(DreamerWorker pid=4036245)[0m Configure: raw interface enabled
[36m(DreamerWorker pid=4036245)[0m Configure: feature layer interface disabled
[36m(DreamerWorker pid=4036245)[0m Configure: score interface disabled
[36m(DreamerWorker pid=4036245)[0m Configure: render interface disabled
[36m(DreamerWorker pid=4036245)[0m Launching next game.
[36m(DreamerWorker pid=4036245)[0m Next launch phase started: 2
[36m(DreamerWorker pid=4036245)[0m Next launch phase started: 3
[36m(DreamerWorker pid=4036245)[0m Next launch phase started: 4
[36m(DreamerWorker pid=4036245)[0m Next launch phase started: 5
[36m(DreamerWorker pid=4036245)[0m Next launch phase started: 6
[36m(DreamerWorker pid=4036245)[0m Next launch phase started: 7
[36m(DreamerWorker pid=4036245)[0m Next launch phase started: 8
[36m(DreamerWorker pid=4036245)[0m Game has started.
[36m(DreamerWorker pid=4036245)[0m Using default stable ids, none found at: /home/razshmue/StarCraftII/stableid.json
[36m(DreamerWorker pid=4036245)[0m Successfully loaded stable ids: GameData\stableid.json
[36m(DreamerWorker pid=4036245)[0m Sending ResponseJoinGame
[36m(DreamerWorker pid=4036249)[0m Version: B75689 (SC2.4.10)
[36m(DreamerWorker pid=4036249)[0m Build: Aug 12 2019 17:16:57
[36m(DreamerWorker pid=4036249)[0m Command Line: '"/home/razshmue/StarCraftII/Versions/Base75689/SC2_x64" -listen 127.0.0.1 -port 36115 -dataDir /home/razshmue/StarCraftII/ -tempDir /tmp/sc-rj5byyfd/'
[36m(DreamerWorker pid=4036249)[0m Starting up...
[36m(DreamerWorker pid=4036249)[0m Startup Phase 1 complete
[36m(DreamerWorker pid=4036249)[0m Startup Phase 2 complete
[36m(DreamerWorker pid=4036249)[0m Creating stub renderer...
[36m(DreamerWorker pid=4036249)[0m Listening on: 127.0.0.1:36115
[36m(DreamerWorker pid=4036249)[0m Startup Phase 3 complete. Ready for commands.
[36m(DreamerWorker pid=4036249)[0m ConnectHandler: Request from 127.0.0.1:34146 accepted
[36m(DreamerWorker pid=4036249)[0m ReadyHandler: 127.0.0.1:34146 ready
[36m(DreamerWorker pid=4036249)[0m Requesting to join a single player game
[36m(DreamerWorker pid=4036249)[0m Configuring interface options
[36m(DreamerWorker pid=4036249)[0m Configure: raw interface enabled
[36m(DreamerWorker pid=4036249)[0m Configure: feature layer interface disabled
[36m(DreamerWorker pid=4036249)[0m Configure: score interface disabled
[36m(DreamerWorker pid=4036249)[0m Configure: render interface disabled
[36m(DreamerWorker pid=4036249)[0m Launching next game.
[36m(DreamerWorker pid=4036249)[0m Next launch phase started: 2
[36m(DreamerWorker pid=4036249)[0m Next launch phase started: 3
[36m(DreamerWorker pid=4036249)[0m Next launch phase started: 4
[36m(DreamerWorker pid=4036249)[0m Next launch phase started: 5
[36m(DreamerWorker pid=4036249)[0m Next launch phase started: 6
[36m(DreamerWorker pid=4036249)[0m Next launch phase started: 7
[36m(DreamerWorker pid=4036249)[0m Next launch phase started: 8
[36m(DreamerWorker pid=4036249)[0m Game has started.
[36m(DreamerWorker pid=4036249)[0m Using default stable ids, none found at: /home/razshmue/StarCraftII/stableid.json
[36m(DreamerWorker pid=4036249)[0m Successfully loaded stable ids: GameData\stableid.json
[36m(DreamerWorker pid=4036249)[0m Sending ResponseJoinGame
[36m(DreamerWorker pid=4036245)[0m Version: B75689 (SC2.4.10)
[36m(DreamerWorker pid=4036245)[0m Build: Aug 12 2019 17:16:57
[36m(DreamerWorker pid=4036245)[0m Command Line: '"/home/razshmue/StarCraftII/Versions/Base75689/SC2_x64" -listen 127.0.0.1 -port 33673 -dataDir /home/razshmue/StarCraftII/ -tempDir /tmp/sc-u3qh21ln/'
[36m(DreamerWorker pid=4036245)[0m Starting up...
[36m(DreamerWorker pid=4036245)[0m Startup Phase 1 complete
[36m(DreamerWorker pid=4036245)[0m Startup Phase 2 complete
[36m(DreamerWorker pid=4036245)[0m Creating stub renderer...
[36m(DreamerWorker pid=4036245)[0m Listening on: 127.0.0.1:33673
[36m(DreamerWorker pid=4036245)[0m Startup Phase 3 complete. Ready for commands.
[36m(DreamerWorker pid=4036245)[0m ConnectHandler: Request from 127.0.0.1:43838 accepted
[36m(DreamerWorker pid=4036245)[0m ReadyHandler: 127.0.0.1:43838 ready
[36m(DreamerWorker pid=4036245)[0m Requesting to join a single player game
[36m(DreamerWorker pid=4036245)[0m Configuring interface options
[36m(DreamerWorker pid=4036245)[0m Configure: raw interface enabled
[36m(DreamerWorker pid=4036245)[0m Configure: feature layer interface disabled
[36m(DreamerWorker pid=4036245)[0m Configure: score interface disabled
[36m(DreamerWorker pid=4036245)[0m Configure: render interface disabled
[36m(DreamerWorker pid=4036245)[0m Launching next game.
[36m(DreamerWorker pid=4036245)[0m Next launch phase started: 2
[36m(DreamerWorker pid=4036245)[0m Next launch phase started: 3
[36m(DreamerWorker pid=4036245)[0m Next launch phase started: 4
[36m(DreamerWorker pid=4036245)[0m Next launch phase started: 5
[36m(DreamerWorker pid=4036245)[0m Next launch phase started: 6
[36m(DreamerWorker pid=4036245)[0m Next launch phase started: 7
[36m(DreamerWorker pid=4036245)[0m Next launch phase started: 8
[36m(DreamerWorker pid=4036245)[0m Game has started.
[36m(DreamerWorker pid=4036245)[0m Using default stable ids, none found at: /home/razshmue/StarCraftII/stableid.json
[36m(DreamerWorker pid=4036245)[0m Successfully loaded stable ids: GameData\stableid.json
[36m(DreamerWorker pid=4036245)[0m Sending ResponseJoinGame
[36m(DreamerWorker pid=4036249)[0m Version: B75689 (SC2.4.10)
[36m(DreamerWorker pid=4036249)[0m Build: Aug 12 2019 17:16:57
[36m(DreamerWorker pid=4036249)[0m Command Line: '"/home/razshmue/StarCraftII/Versions/Base75689/SC2_x64" -listen 127.0.0.1 -port 40291 -dataDir /home/razshmue/StarCraftII/ -tempDir /tmp/sc-2k7zsr8_/'
[36m(DreamerWorker pid=4036249)[0m Starting up...
[36m(DreamerWorker pid=4036249)[0m Startup Phase 1 complete
[36m(DreamerWorker pid=4036249)[0m Startup Phase 2 complete
[36m(DreamerWorker pid=4036249)[0m Creating stub renderer...
[36m(DreamerWorker pid=4036249)[0m Listening on: 127.0.0.1:40291
[36m(DreamerWorker pid=4036249)[0m Startup Phase 3 complete. Ready for commands.
[36m(DreamerWorker pid=4036249)[0m ConnectHandler: Request from 127.0.0.1:42488 accepted
[36m(DreamerWorker pid=4036249)[0m ReadyHandler: 127.0.0.1:42488 ready
[36m(DreamerWorker pid=4036249)[0m Requesting to join a single player game
[36m(DreamerWorker pid=4036249)[0m Configuring interface options
[36m(DreamerWorker pid=4036249)[0m Configure: raw interface enabled
[36m(DreamerWorker pid=4036249)[0m Configure: feature layer interface disabled
[36m(DreamerWorker pid=4036249)[0m Configure: score interface disabled
[36m(DreamerWorker pid=4036249)[0m Configure: render interface disabled
[36m(DreamerWorker pid=4036249)[0m Launching next game.
[36m(DreamerWorker pid=4036249)[0m Next launch phase started: 2
[36m(DreamerWorker pid=4036249)[0m Next launch phase started: 3
[36m(DreamerWorker pid=4036249)[0m Next launch phase started: 4
[36m(DreamerWorker pid=4036249)[0m Next launch phase started: 5
[36m(DreamerWorker pid=4036249)[0m Next launch phase started: 6
[36m(DreamerWorker pid=4036249)[0m Next launch phase started: 7
[36m(DreamerWorker pid=4036249)[0m Next launch phase started: 8
[36m(DreamerWorker pid=4036249)[0m Game has started.
[36m(DreamerWorker pid=4036249)[0m Using default stable ids, none found at: /home/razshmue/StarCraftII/stableid.json
[36m(DreamerWorker pid=4036249)[0m Successfully loaded stable ids: GameData\stableid.json
[36m(DreamerWorker pid=4036249)[0m Sending ResponseJoinGame
[36m(DreamerWorker pid=4036245)[0m Version: B75689 (SC2.4.10)
[36m(DreamerWorker pid=4036245)[0m Build: Aug 12 2019 17:16:57
[36m(DreamerWorker pid=4036245)[0m Command Line: '"/home/razshmue/StarCraftII/Versions/Base75689/SC2_x64" -listen 127.0.0.1 -port 40235 -dataDir /home/razshmue/StarCraftII/ -tempDir /tmp/sc-zriw757f/'
[36m(DreamerWorker pid=4036245)[0m Starting up...
[36m(DreamerWorker pid=4036245)[0m Startup Phase 1 complete
[36m(DreamerWorker pid=4036245)[0m Startup Phase 2 complete
[36m(DreamerWorker pid=4036245)[0m Creating stub renderer...
[36m(DreamerWorker pid=4036245)[0m Listening on: 127.0.0.1:40235
[36m(DreamerWorker pid=4036245)[0m Startup Phase 3 complete. Ready for commands.
[36m(DreamerWorker pid=4036245)[0m ConnectHandler: Request from 127.0.0.1:38580 accepted
[36m(DreamerWorker pid=4036245)[0m ReadyHandler: 127.0.0.1:38580 ready
[36m(DreamerWorker pid=4036245)[0m Requesting to join a single player game
[36m(DreamerWorker pid=4036245)[0m Configuring interface options
[36m(DreamerWorker pid=4036245)[0m Configure: raw interface enabled
[36m(DreamerWorker pid=4036245)[0m Configure: feature layer interface disabled
[36m(DreamerWorker pid=4036245)[0m Configure: score interface disabled
[36m(DreamerWorker pid=4036245)[0m Configure: render interface disabled
[36m(DreamerWorker pid=4036245)[0m Launching next game.
[36m(DreamerWorker pid=4036245)[0m Next launch phase started: 2
[36m(DreamerWorker pid=4036245)[0m Next launch phase started: 3
[36m(DreamerWorker pid=4036245)[0m Next launch phase started: 4
[36m(DreamerWorker pid=4036245)[0m Next launch phase started: 5
[36m(DreamerWorker pid=4036245)[0m Next launch phase started: 6
[36m(DreamerWorker pid=4036245)[0m Next launch phase started: 7
[36m(DreamerWorker pid=4036245)[0m Next launch phase started: 8
[36m(DreamerWorker pid=4036245)[0m Game has started.
[36m(DreamerWorker pid=4036245)[0m Using default stable ids, none found at: /home/razshmue/StarCraftII/stableid.json
[36m(DreamerWorker pid=4036245)[0m Successfully loaded stable ids: GameData\stableid.json
[36m(DreamerWorker pid=4036245)[0m Sending ResponseJoinGame
[36m(DreamerWorker pid=4036249)[0m Version: B75689 (SC2.4.10)
[36m(DreamerWorker pid=4036249)[0m Build: Aug 12 2019 17:16:57
[36m(DreamerWorker pid=4036249)[0m Command Line: '"/home/razshmue/StarCraftII/Versions/Base75689/SC2_x64" -listen 127.0.0.1 -port 34207 -dataDir /home/razshmue/StarCraftII/ -tempDir /tmp/sc-nijhzx6u/'
[36m(DreamerWorker pid=4036249)[0m Starting up...
[36m(DreamerWorker pid=4036249)[0m Startup Phase 1 complete
[36m(DreamerWorker pid=4036249)[0m Startup Phase 2 complete
[36m(DreamerWorker pid=4036249)[0m Creating stub renderer...
[36m(DreamerWorker pid=4036249)[0m Listening on: 127.0.0.1:34207
[36m(DreamerWorker pid=4036249)[0m Startup Phase 3 complete. Ready for commands.
[36m(DreamerWorker pid=4036249)[0m ConnectHandler: Request from 127.0.0.1:38312 accepted
[36m(DreamerWorker pid=4036249)[0m ReadyHandler: 127.0.0.1:38312 ready
[36m(DreamerWorker pid=4036249)[0m Requesting to join a single player game
[36m(DreamerWorker pid=4036249)[0m Configuring interface options
[36m(DreamerWorker pid=4036249)[0m Configure: raw interface enabled
[36m(DreamerWorker pid=4036249)[0m Configure: feature layer interface disabled
[36m(DreamerWorker pid=4036249)[0m Configure: score interface disabled
[36m(DreamerWorker pid=4036249)[0m Configure: render interface disabled
[36m(DreamerWorker pid=4036249)[0m Launching next game.
[36m(DreamerWorker pid=4036249)[0m Next launch phase started: 2
[36m(DreamerWorker pid=4036249)[0m Next launch phase started: 3
[36m(DreamerWorker pid=4036249)[0m Next launch phase started: 4
[36m(DreamerWorker pid=4036249)[0m Next launch phase started: 5
[36m(DreamerWorker pid=4036249)[0m Next launch phase started: 6
[36m(DreamerWorker pid=4036249)[0m Next launch phase started: 7
[36m(DreamerWorker pid=4036249)[0m Next launch phase started: 8
[36m(DreamerWorker pid=4036249)[0m Game has started.
[36m(DreamerWorker pid=4036249)[0m Using default stable ids, none found at: /home/razshmue/StarCraftII/stableid.json
[36m(DreamerWorker pid=4036249)[0m Successfully loaded stable ids: GameData\stableid.json
[36m(DreamerWorker pid=4036249)[0m Sending ResponseJoinGame
[36m(DreamerWorker pid=4036245)[0m Version: B75689 (SC2.4.10)
[36m(DreamerWorker pid=4036245)[0m Build: Aug 12 2019 17:16:57
[36m(DreamerWorker pid=4036245)[0m Command Line: '"/home/razshmue/StarCraftII/Versions/Base75689/SC2_x64" -listen 127.0.0.1 -port 33291 -dataDir /home/razshmue/StarCraftII/ -tempDir /tmp/sc-vano90gm/'
[36m(DreamerWorker pid=4036245)[0m Starting up...
[36m(DreamerWorker pid=4036245)[0m Startup Phase 1 complete
[36m(DreamerWorker pid=4036245)[0m Startup Phase 2 complete
[36m(DreamerWorker pid=4036245)[0m Creating stub renderer...
[36m(DreamerWorker pid=4036245)[0m Listening on: 127.0.0.1:33291
[36m(DreamerWorker pid=4036245)[0m Startup Phase 3 complete. Ready for commands.
[36m(DreamerWorker pid=4036245)[0m ConnectHandler: Request from 127.0.0.1:47948 accepted
[36m(DreamerWorker pid=4036245)[0m ReadyHandler: 127.0.0.1:47948 ready
[36m(DreamerWorker pid=4036245)[0m Requesting to join a single player game
[36m(DreamerWorker pid=4036245)[0m Configuring interface options
[36m(DreamerWorker pid=4036245)[0m Configure: raw interface enabled
[36m(DreamerWorker pid=4036245)[0m Configure: feature layer interface disabled
[36m(DreamerWorker pid=4036245)[0m Configure: score interface disabled
[36m(DreamerWorker pid=4036245)[0m Configure: render interface disabled
[36m(DreamerWorker pid=4036245)[0m Launching next game.
[36m(DreamerWorker pid=4036245)[0m Next launch phase started: 2
[36m(DreamerWorker pid=4036245)[0m Next launch phase started: 3
[36m(DreamerWorker pid=4036245)[0m Next launch phase started: 4
[36m(DreamerWorker pid=4036245)[0m Next launch phase started: 5
[36m(DreamerWorker pid=4036245)[0m Next launch phase started: 6
[36m(DreamerWorker pid=4036245)[0m Next launch phase started: 7
[36m(DreamerWorker pid=4036245)[0m Next launch phase started: 8
[36m(DreamerWorker pid=4036245)[0m Game has started.
[36m(DreamerWorker pid=4036245)[0m Using default stable ids, none found at: /home/razshmue/StarCraftII/stableid.json
[36m(DreamerWorker pid=4036245)[0m Successfully loaded stable ids: GameData\stableid.json
[36m(DreamerWorker pid=4036245)[0m Sending ResponseJoinGame
[36m(DreamerWorker pid=4036249)[0m Version: B75689 (SC2.4.10)
[36m(DreamerWorker pid=4036249)[0m Build: Aug 12 2019 17:16:57
[36m(DreamerWorker pid=4036249)[0m Command Line: '"/home/razshmue/StarCraftII/Versions/Base75689/SC2_x64" -listen 127.0.0.1 -port 44637 -dataDir /home/razshmue/StarCraftII/ -tempDir /tmp/sc-93110lrq/'
[36m(DreamerWorker pid=4036249)[0m Starting up...
[36m(DreamerWorker pid=4036249)[0m Startup Phase 1 complete
[36m(DreamerWorker pid=4036249)[0m Startup Phase 2 complete
[36m(DreamerWorker pid=4036249)[0m Creating stub renderer...
[36m(DreamerWorker pid=4036249)[0m Listening on: 127.0.0.1:44637
[36m(DreamerWorker pid=4036249)[0m Startup Phase 3 complete. Ready for commands.
[36m(DreamerWorker pid=4036249)[0m ConnectHandler: Request from 127.0.0.1:53600 accepted
[36m(DreamerWorker pid=4036249)[0m ReadyHandler: 127.0.0.1:53600 ready
[36m(DreamerWorker pid=4036249)[0m Requesting to join a single player game
[36m(DreamerWorker pid=4036249)[0m Configuring interface options
[36m(DreamerWorker pid=4036249)[0m Configure: raw interface enabled
[36m(DreamerWorker pid=4036249)[0m Configure: feature layer interface disabled
[36m(DreamerWorker pid=4036249)[0m Configure: score interface disabled
[36m(DreamerWorker pid=4036249)[0m Configure: render interface disabled
[36m(DreamerWorker pid=4036249)[0m Launching next game.
[36m(DreamerWorker pid=4036249)[0m Next launch phase started: 2
[36m(DreamerWorker pid=4036249)[0m Next launch phase started: 3
[36m(DreamerWorker pid=4036249)[0m Next launch phase started: 4
[36m(DreamerWorker pid=4036249)[0m Next launch phase started: 5
[36m(DreamerWorker pid=4036249)[0m Next launch phase started: 6
[36m(DreamerWorker pid=4036249)[0m Next launch phase started: 7
[36m(DreamerWorker pid=4036249)[0m Next launch phase started: 8
[36m(DreamerWorker pid=4036249)[0m Game has started.
[36m(DreamerWorker pid=4036249)[0m Using default stable ids, none found at: /home/razshmue/StarCraftII/stableid.json
[36m(DreamerWorker pid=4036249)[0m Successfully loaded stable ids: GameData\stableid.json
[36m(DreamerWorker pid=4036249)[0m Sending ResponseJoinGame
[36m(DreamerWorker pid=4036245)[0m Version: B75689 (SC2.4.10)
[36m(DreamerWorker pid=4036245)[0m Build: Aug 12 2019 17:16:57
[36m(DreamerWorker pid=4036245)[0m Command Line: '"/home/razshmue/StarCraftII/Versions/Base75689/SC2_x64" -listen 127.0.0.1 -port 45809 -dataDir /home/razshmue/StarCraftII/ -tempDir /tmp/sc-8n7x4guz/'
[36m(DreamerWorker pid=4036245)[0m Starting up...
[36m(DreamerWorker pid=4036245)[0m Startup Phase 1 complete
[36m(DreamerWorker pid=4036245)[0m Startup Phase 2 complete
[36m(DreamerWorker pid=4036245)[0m Creating stub renderer...
[36m(DreamerWorker pid=4036245)[0m Listening on: 127.0.0.1:45809
[36m(DreamerWorker pid=4036245)[0m Startup Phase 3 complete. Ready for commands.
[36m(DreamerWorker pid=4036245)[0m ConnectHandler: Request from 127.0.0.1:37262 accepted
[36m(DreamerWorker pid=4036245)[0m ReadyHandler: 127.0.0.1:37262 ready
[36m(DreamerWorker pid=4036245)[0m Requesting to join a single player game
[36m(DreamerWorker pid=4036245)[0m Configuring interface options
[36m(DreamerWorker pid=4036245)[0m Configure: raw interface enabled
[36m(DreamerWorker pid=4036245)[0m Configure: feature layer interface disabled
[36m(DreamerWorker pid=4036245)[0m Configure: score interface disabled
[36m(DreamerWorker pid=4036245)[0m Configure: render interface disabled
[36m(DreamerWorker pid=4036245)[0m Launching next game.
[36m(DreamerWorker pid=4036245)[0m Next launch phase started: 2
[36m(DreamerWorker pid=4036245)[0m Next launch phase started: 3
[36m(DreamerWorker pid=4036245)[0m Next launch phase started: 4
[36m(DreamerWorker pid=4036245)[0m Next launch phase started: 5
[36m(DreamerWorker pid=4036245)[0m Next launch phase started: 6
[36m(DreamerWorker pid=4036245)[0m Next launch phase started: 7
[36m(DreamerWorker pid=4036245)[0m Next launch phase started: 8
[36m(DreamerWorker pid=4036245)[0m Game has started.
[36m(DreamerWorker pid=4036245)[0m Using default stable ids, none found at: /home/razshmue/StarCraftII/stableid.json
[36m(DreamerWorker pid=4036245)[0m Successfully loaded stable ids: GameData\stableid.json
[36m(DreamerWorker pid=4036245)[0m Sending ResponseJoinGame
[36m(DreamerWorker pid=4036249)[0m Version: B75689 (SC2.4.10)
[36m(DreamerWorker pid=4036249)[0m Build: Aug 12 2019 17:16:57
[36m(DreamerWorker pid=4036249)[0m Command Line: '"/home/razshmue/StarCraftII/Versions/Base75689/SC2_x64" -listen 127.0.0.1 -port 40423 -dataDir /home/razshmue/StarCraftII/ -tempDir /tmp/sc-ecjhv20k/'
[36m(DreamerWorker pid=4036249)[0m Starting up...
[36m(DreamerWorker pid=4036249)[0m Startup Phase 1 complete
[36m(DreamerWorker pid=4036249)[0m Startup Phase 2 complete
[36m(DreamerWorker pid=4036249)[0m Creating stub renderer...
[36m(DreamerWorker pid=4036249)[0m Listening on: 127.0.0.1:40423
[36m(DreamerWorker pid=4036249)[0m Startup Phase 3 complete. Ready for commands.
[36m(DreamerWorker pid=4036249)[0m ConnectHandler: Request from 127.0.0.1:45834 accepted
[36m(DreamerWorker pid=4036249)[0m ReadyHandler: 127.0.0.1:45834 ready
[36m(DreamerWorker pid=4036249)[0m Requesting to join a single player game
[36m(DreamerWorker pid=4036249)[0m Configuring interface options
[36m(DreamerWorker pid=4036249)[0m Configure: raw interface enabled
[36m(DreamerWorker pid=4036249)[0m Configure: feature layer interface disabled
[36m(DreamerWorker pid=4036249)[0m Configure: score interface disabled
[36m(DreamerWorker pid=4036249)[0m Configure: render interface disabled
[36m(DreamerWorker pid=4036249)[0m Launching next game.
[36m(DreamerWorker pid=4036249)[0m Next launch phase started: 2
[36m(DreamerWorker pid=4036249)[0m Next launch phase started: 3
[36m(DreamerWorker pid=4036249)[0m Next launch phase started: 4
[36m(DreamerWorker pid=4036249)[0m Next launch phase started: 5
[36m(DreamerWorker pid=4036249)[0m Next launch phase started: 6
[36m(DreamerWorker pid=4036249)[0m Next launch phase started: 7
[36m(DreamerWorker pid=4036249)[0m Next launch phase started: 8
[36m(DreamerWorker pid=4036249)[0m Game has started.
[36m(DreamerWorker pid=4036249)[0m Using default stable ids, none found at: /home/razshmue/StarCraftII/stableid.json
[36m(DreamerWorker pid=4036249)[0m Successfully loaded stable ids: GameData\stableid.json
[36m(DreamerWorker pid=4036249)[0m Sending ResponseJoinGame
[36m(DreamerWorker pid=4036249)[0m Version: B75689 (SC2.4.10)
[36m(DreamerWorker pid=4036249)[0m Build: Aug 12 2019 17:16:57
[36m(DreamerWorker pid=4036249)[0m Command Line: '"/home/razshmue/StarCraftII/Versions/Base75689/SC2_x64" -listen 127.0.0.1 -port 43835 -dataDir /home/razshmue/StarCraftII/ -tempDir /tmp/sc-e46inxi5/'
[36m(DreamerWorker pid=4036249)[0m Starting up...
[36m(DreamerWorker pid=4036249)[0m Startup Phase 1 complete
[36m(DreamerWorker pid=4036249)[0m Startup Phase 2 complete
[36m(DreamerWorker pid=4036249)[0m Creating stub renderer...
[36m(DreamerWorker pid=4036249)[0m Listening on: 127.0.0.1:43835
[36m(DreamerWorker pid=4036249)[0m Startup Phase 3 complete. Ready for commands.
[36m(DreamerWorker pid=4036249)[0m ConnectHandler: Request from 127.0.0.1:50528 accepted
[36m(DreamerWorker pid=4036249)[0m ReadyHandler: 127.0.0.1:50528 ready
[36m(DreamerWorker pid=4036249)[0m Requesting to join a single player game
[36m(DreamerWorker pid=4036249)[0m Configuring interface options
[36m(DreamerWorker pid=4036249)[0m Configure: raw interface enabled
[36m(DreamerWorker pid=4036249)[0m Configure: feature layer interface disabled
[36m(DreamerWorker pid=4036249)[0m Configure: score interface disabled
[36m(DreamerWorker pid=4036249)[0m Configure: render interface disabled
[36m(DreamerWorker pid=4036249)[0m Launching next game.
[36m(DreamerWorker pid=4036249)[0m Next launch phase started: 2
[36m(DreamerWorker pid=4036249)[0m Next launch phase started: 3
[36m(DreamerWorker pid=4036249)[0m Next launch phase started: 4
[36m(DreamerWorker pid=4036249)[0m Next launch phase started: 5
[36m(DreamerWorker pid=4036249)[0m Next launch phase started: 6
[36m(DreamerWorker pid=4036249)[0m Next launch phase started: 7
[36m(DreamerWorker pid=4036249)[0m Next launch phase started: 8
[36m(DreamerWorker pid=4036249)[0m Game has started.
[36m(DreamerWorker pid=4036249)[0m Using default stable ids, none found at: /home/razshmue/StarCraftII/stableid.json
[36m(DreamerWorker pid=4036249)[0m Successfully loaded stable ids: GameData\stableid.json
[36m(DreamerWorker pid=4036249)[0m Sending ResponseJoinGame
[36m(DreamerWorker pid=4036245)[0m Version: B75689 (SC2.4.10)
[36m(DreamerWorker pid=4036245)[0m Build: Aug 12 2019 17:16:57
[36m(DreamerWorker pid=4036245)[0m Command Line: '"/home/razshmue/StarCraftII/Versions/Base75689/SC2_x64" -listen 127.0.0.1 -port 39751 -dataDir /home/razshmue/StarCraftII/ -tempDir /tmp/sc-nv2_hxzr/'
[36m(DreamerWorker pid=4036245)[0m Starting up...
[36m(DreamerWorker pid=4036245)[0m Startup Phase 1 complete
[36m(DreamerWorker pid=4036245)[0m Startup Phase 2 complete
[36m(DreamerWorker pid=4036245)[0m Creating stub renderer...
[36m(DreamerWorker pid=4036245)[0m Listening on: 127.0.0.1:39751
[36m(DreamerWorker pid=4036245)[0m Startup Phase 3 complete. Ready for commands.
[36m(DreamerWorker pid=4036245)[0m ConnectHandler: Request from 127.0.0.1:49818 accepted
[36m(DreamerWorker pid=4036245)[0m ReadyHandler: 127.0.0.1:49818 ready
[36m(DreamerWorker pid=4036245)[0m Requesting to join a single player game
[36m(DreamerWorker pid=4036245)[0m Configuring interface options
[36m(DreamerWorker pid=4036245)[0m Configure: raw interface enabled
[36m(DreamerWorker pid=4036245)[0m Configure: feature layer interface disabled
[36m(DreamerWorker pid=4036245)[0m Configure: score interface disabled
[36m(DreamerWorker pid=4036245)[0m Configure: render interface disabled
[36m(DreamerWorker pid=4036245)[0m Launching next game.
[36m(DreamerWorker pid=4036245)[0m Next launch phase started: 2
[36m(DreamerWorker pid=4036245)[0m Next launch phase started: 3
[36m(DreamerWorker pid=4036245)[0m Next launch phase started: 4
[36m(DreamerWorker pid=4036245)[0m Next launch phase started: 5
[36m(DreamerWorker pid=4036245)[0m Next launch phase started: 6
[36m(DreamerWorker pid=4036245)[0m Next launch phase started: 7
[36m(DreamerWorker pid=4036245)[0m Next launch phase started: 8
[36m(DreamerWorker pid=4036245)[0m Game has started.
[36m(DreamerWorker pid=4036245)[0m Using default stable ids, none found at: /home/razshmue/StarCraftII/stableid.json
[36m(DreamerWorker pid=4036245)[0m Successfully loaded stable ids: GameData\stableid.json
[36m(DreamerWorker pid=4036245)[0m Sending ResponseJoinGame
[36m(DreamerWorker pid=4036249)[0m Version: B75689 (SC2.4.10)
[36m(DreamerWorker pid=4036249)[0m Build: Aug 12 2019 17:16:57
[36m(DreamerWorker pid=4036249)[0m Command Line: '"/home/razshmue/StarCraftII/Versions/Base75689/SC2_x64" -listen 127.0.0.1 -port 44235 -dataDir /home/razshmue/StarCraftII/ -tempDir /tmp/sc-qsrtbhxz/'
[36m(DreamerWorker pid=4036249)[0m Starting up...
[36m(DreamerWorker pid=4036249)[0m Startup Phase 1 complete
[36m(DreamerWorker pid=4036249)[0m Startup Phase 2 complete
[36m(DreamerWorker pid=4036249)[0m Creating stub renderer...
[36m(DreamerWorker pid=4036249)[0m Listening on: 127.0.0.1:44235
[36m(DreamerWorker pid=4036249)[0m Startup Phase 3 complete. Ready for commands.
[36m(DreamerWorker pid=4036249)[0m ConnectHandler: Request from 127.0.0.1:51248 accepted
[36m(DreamerWorker pid=4036249)[0m ReadyHandler: 127.0.0.1:51248 ready
[36m(DreamerWorker pid=4036249)[0m Requesting to join a single player game
[36m(DreamerWorker pid=4036249)[0m Configuring interface options
[36m(DreamerWorker pid=4036249)[0m Configure: raw interface enabled
[36m(DreamerWorker pid=4036249)[0m Configure: feature layer interface disabled
[36m(DreamerWorker pid=4036249)[0m Configure: score interface disabled
[36m(DreamerWorker pid=4036249)[0m Configure: render interface disabled
[36m(DreamerWorker pid=4036249)[0m Launching next game.
[36m(DreamerWorker pid=4036249)[0m Next launch phase started: 2
[36m(DreamerWorker pid=4036249)[0m Next launch phase started: 3
[36m(DreamerWorker pid=4036249)[0m Next launch phase started: 4
[36m(DreamerWorker pid=4036249)[0m Next launch phase started: 5
[36m(DreamerWorker pid=4036249)[0m Next launch phase started: 6
[36m(DreamerWorker pid=4036249)[0m Next launch phase started: 7
[36m(DreamerWorker pid=4036249)[0m Next launch phase started: 8
[36m(DreamerWorker pid=4036249)[0m Game has started.
[36m(DreamerWorker pid=4036249)[0m Using default stable ids, none found at: /home/razshmue/StarCraftII/stableid.json
[36m(DreamerWorker pid=4036249)[0m Successfully loaded stable ids: GameData\stableid.json
[36m(DreamerWorker pid=4036249)[0m Sending ResponseJoinGame
[36m(DreamerWorker pid=4036245)[0m Version: B75689 (SC2.4.10)
[36m(DreamerWorker pid=4036245)[0m Build: Aug 12 2019 17:16:57
[36m(DreamerWorker pid=4036245)[0m Command Line: '"/home/razshmue/StarCraftII/Versions/Base75689/SC2_x64" -listen 127.0.0.1 -port 35071 -dataDir /home/razshmue/StarCraftII/ -tempDir /tmp/sc-y7vhi71i/'
[36m(DreamerWorker pid=4036245)[0m Starting up...
[36m(DreamerWorker pid=4036245)[0m Startup Phase 1 complete
[36m(DreamerWorker pid=4036245)[0m Startup Phase 2 complete
[36m(DreamerWorker pid=4036245)[0m Creating stub renderer...
[36m(DreamerWorker pid=4036245)[0m Listening on: 127.0.0.1:35071
[36m(DreamerWorker pid=4036245)[0m Startup Phase 3 complete. Ready for commands.
[36m(DreamerWorker pid=4036245)[0m ConnectHandler: Request from 127.0.0.1:46990 accepted
[36m(DreamerWorker pid=4036245)[0m ReadyHandler: 127.0.0.1:46990 ready
[36m(DreamerWorker pid=4036245)[0m Requesting to join a single player game
[36m(DreamerWorker pid=4036245)[0m Configuring interface options
[36m(DreamerWorker pid=4036245)[0m Configure: raw interface enabled
[36m(DreamerWorker pid=4036245)[0m Configure: feature layer interface disabled
[36m(DreamerWorker pid=4036245)[0m Configure: score interface disabled
[36m(DreamerWorker pid=4036245)[0m Configure: render interface disabled
[36m(DreamerWorker pid=4036245)[0m Launching next game.
[36m(DreamerWorker pid=4036245)[0m Next launch phase started: 2
[36m(DreamerWorker pid=4036245)[0m Next launch phase started: 3
[36m(DreamerWorker pid=4036245)[0m Next launch phase started: 4
[36m(DreamerWorker pid=4036245)[0m Next launch phase started: 5
[36m(DreamerWorker pid=4036245)[0m Next launch phase started: 6
[36m(DreamerWorker pid=4036245)[0m Next launch phase started: 7
[36m(DreamerWorker pid=4036245)[0m Next launch phase started: 8
[36m(DreamerWorker pid=4036245)[0m Game has started.
[36m(DreamerWorker pid=4036245)[0m Using default stable ids, none found at: /home/razshmue/StarCraftII/stableid.json
[36m(DreamerWorker pid=4036245)[0m Successfully loaded stable ids: GameData\stableid.json
[36m(DreamerWorker pid=4036245)[0m Sending ResponseJoinGame
Traceback (most recent call last):
  File "/home/razshmue/workspace/private-mamba/train.py", line 231, in <module>
    train_dreamer(exp, n_workers=args.n_workers, debug=False)
  File "/home/razshmue/workspace/private-mamba/train.py", line 93, in train_dreamer
    runner.run(exp.steps, exp.episodes)
  File "/home/razshmue/workspace/private-mamba/agent/runners/DreamerRunner.py", line 43, in run
    self.learner.step(rollout)
  File "/home/razshmue/workspace/private-mamba/agent/learners/DreamerLearner.py", line 210, in step
    self.train_agent(samples)
  File "/home/razshmue/workspace/private-mamba/agent/learners/DreamerLearner.py", line 263, in train_agent
    loss = actor_loss(
  File "/home/razshmue/workspace/private-mamba/agent/optim/loss.py", line 183, in actor_loss
    _, new_policy = actor(imag_states)
  File "/home/razshmue/workspace/private-mamba/venv/lib64/python3.9/site-packages/torch/nn/modules/module.py", line 1751, in _wrapped_call_impl
    return self._call_impl(*args, **kwargs)
  File "/home/razshmue/workspace/private-mamba/venv/lib64/python3.9/site-packages/torch/nn/modules/module.py", line 1762, in _call_impl
    return forward_call(*args, **kwargs)
  File "/home/razshmue/workspace/private-mamba/networks/dreamer/action.py", line 17, in forward
    action_dist = OneHotCategorical(logits=x)
  File "/home/razshmue/workspace/private-mamba/venv/lib64/python3.9/site-packages/torch/distributions/one_hot_categorical.py", line 48, in __init__
    self._categorical = Categorical(probs, logits)
  File "/home/razshmue/workspace/private-mamba/venv/lib64/python3.9/site-packages/torch/distributions/categorical.py", line 73, in __init__
    super().__init__(batch_shape, validate_args=validate_args)
  File "/home/razshmue/workspace/private-mamba/venv/lib64/python3.9/site-packages/torch/distributions/distribution.py", line 72, in __init__
    raise ValueError(
ValueError: Expected parameter logits (Tensor of shape (2000, 3, 9)) of distribution Categorical(logits: torch.Size([2000, 3, 9])) to satisfy the constraint IndependentConstraint(Real(), 1), but found invalid values:
tensor([[[nan, nan, nan,  ..., nan, nan, nan],
         [nan, nan, nan,  ..., nan, nan, nan],
         [nan, nan, nan,  ..., nan, nan, nan]],

        [[nan, nan, nan,  ..., nan, nan, nan],
         [nan, nan, nan,  ..., nan, nan, nan],
         [nan, nan, nan,  ..., nan, nan, nan]],

        [[nan, nan, nan,  ..., nan, nan, nan],
         [nan, nan, nan,  ..., nan, nan, nan],
         [nan, nan, nan,  ..., nan, nan, nan]],

        ...,

        [[nan, nan, nan,  ..., nan, nan, nan],
         [nan, nan, nan,  ..., nan, nan, nan],
         [nan, nan, nan,  ..., nan, nan, nan]],

        [[nan, nan, nan,  ..., nan, nan, nan],
         [nan, nan, nan,  ..., nan, nan, nan],
         [nan, nan, nan,  ..., nan, nan, nan]],

        [[nan, nan, nan,  ..., nan, nan, nan],
         [nan, nan, nan,  ..., nan, nan, nan],
         [nan, nan, nan,  ..., nan, nan, nan]]], device='cuda:0',
       grad_fn=<SubBackward0>)
Traceback (most recent call last):
  File "/home/razshmue/workspace/private-mamba/train.py", line 231, in <module>
    train_dreamer(exp, n_workers=args.n_workers, debug=False)
  File "/home/razshmue/workspace/private-mamba/train.py", line 93, in train_dreamer
    runner.run(exp.steps, exp.episodes)
  File "/home/razshmue/workspace/private-mamba/agent/runners/DreamerRunner.py", line 43, in run
    self.learner.step(rollout)
  File "/home/razshmue/workspace/private-mamba/agent/learners/DreamerLearner.py", line 210, in step
    self.train_agent(samples)
  File "/home/razshmue/workspace/private-mamba/agent/learners/DreamerLearner.py", line 263, in train_agent
    loss = actor_loss(
  File "/home/razshmue/workspace/private-mamba/agent/optim/loss.py", line 183, in actor_loss
    _, new_policy = actor(imag_states)
  File "/home/razshmue/workspace/private-mamba/venv/lib64/python3.9/site-packages/torch/nn/modules/module.py", line 1751, in _wrapped_call_impl
    return self._call_impl(*args, **kwargs)
  File "/home/razshmue/workspace/private-mamba/venv/lib64/python3.9/site-packages/torch/nn/modules/module.py", line 1762, in _call_impl
    return forward_call(*args, **kwargs)
  File "/home/razshmue/workspace/private-mamba/networks/dreamer/action.py", line 17, in forward
    action_dist = OneHotCategorical(logits=x)
  File "/home/razshmue/workspace/private-mamba/venv/lib64/python3.9/site-packages/torch/distributions/one_hot_categorical.py", line 48, in __init__
    self._categorical = Categorical(probs, logits)
  File "/home/razshmue/workspace/private-mamba/venv/lib64/python3.9/site-packages/torch/distributions/categorical.py", line 73, in __init__
    super().__init__(batch_shape, validate_args=validate_args)
  File "/home/razshmue/workspace/private-mamba/venv/lib64/python3.9/site-packages/torch/distributions/distribution.py", line 72, in __init__
    raise ValueError(
ValueError: Expected parameter logits (Tensor of shape (2000, 3, 9)) of distribution Categorical(logits: torch.Size([2000, 3, 9])) to satisfy the constraint IndependentConstraint(Real(), 1), but found invalid values:
tensor([[[nan, nan, nan,  ..., nan, nan, nan],
         [nan, nan, nan,  ..., nan, nan, nan],
         [nan, nan, nan,  ..., nan, nan, nan]],

        [[nan, nan, nan,  ..., nan, nan, nan],
         [nan, nan, nan,  ..., nan, nan, nan],
         [nan, nan, nan,  ..., nan, nan, nan]],

        [[nan, nan, nan,  ..., nan, nan, nan],
         [nan, nan, nan,  ..., nan, nan, nan],
         [nan, nan, nan,  ..., nan, nan, nan]],

        ...,

        [[nan, nan, nan,  ..., nan, nan, nan],
         [nan, nan, nan,  ..., nan, nan, nan],
         [nan, nan, nan,  ..., nan, nan, nan]],

        [[nan, nan, nan,  ..., nan, nan, nan],
         [nan, nan, nan,  ..., nan, nan, nan],
         [nan, nan, nan,  ..., nan, nan, nan]],

        [[nan, nan, nan,  ..., nan, nan, nan],
         [nan, nan, nan,  ..., nan, nan, nan],
         [nan, nan, nan,  ..., nan, nan, nan]]], device='cuda:0',
       grad_fn=<SubBackward0>)
[2025-11-19T06:40:33.547] error: Detected 64 oom_kill events in StepId=8186403.batch. Some of the step tasks have been OOM Killed.
