/home/razshmue/workspace/private-mamba/venv/lib64/python3.9/site-packages/networkx/utils/backends.py:135: RuntimeWarning: networkx backend defined more than once: nx-loopback
  backends.update(_get_backends("networkx.backends"))
wandb: Currently logged in as: raz-shmueli (raz-shmueli-corsound-ai) to https://api.wandb.ai. Use `wandb login --relogin` to force relogin
wandb: Tracking run with wandb version 0.19.11
wandb: Run data is saved locally in /home/razshmue/workspace/private-mamba/wandb/run-20251118_150050-dead_allies_incremental_starcraft_laglr=1e-05_cost_lim=0.0_2s_vs_1sc_1_time_20251118_150049
wandb: Run `wandb offline` to turn off syncing.
wandb: Syncing run dead_allies_incremental_starcraft_laglr=1e-05_cost_lim=0.0_2s_vs_1sc_seed1_time_20251118_150049
wandb: ⭐️ View project at https://wandb.ai/raz-shmueli-corsound-ai/private-mamba
wandb: 🚀 View run at https://wandb.ai/raz-shmueli-corsound-ai/private-mamba/runs/dead_allies_incremental_starcraft_laglr%3D1e-05_cost_lim%3D0.0_2s_vs_1sc_1_time_20251118_150049
/home/razshmue/workspace/private-mamba/venv/lib64/python3.9/site-packages/torch/nn/modules/transformer.py:382: UserWarning: enable_nested_tensor is True, but self.use_nested_tensor is False because encoder_layer.self_attn.batch_first was not True(use batch_first for better inference performance)
  warnings.warn(
wandb: wandb.init() called while a run is active and reinit is set to 'default', so returning the previous run.
2025-11-18 15:00:55,526	INFO worker.py:1888 -- Started a local Ray instance.
[36m(DreamerWorker pid=121492)[0m /home/razshmue/workspace/private-mamba/venv/lib64/python3.9/site-packages/networkx/utils/backends.py:135: RuntimeWarning: networkx backend defined more than once: nx-loopback
[36m(DreamerWorker pid=121492)[0m   backends.update(_get_backends("networkx.backends"))
[36m(DreamerWorker pid=121489)[0m /home/razshmue/workspace/private-mamba/venv/lib64/python3.9/site-packages/torch/nn/modules/transformer.py:382: UserWarning: enable_nested_tensor is True, but self.use_nested_tensor is False because encoder_layer.self_attn.batch_first was not True(use batch_first for better inference performance)
[36m(DreamerWorker pid=121489)[0m   warnings.warn(
[36m(DreamerWorker pid=121492)[0m Version: B75689 (SC2.4.10)
[36m(DreamerWorker pid=121492)[0m Build: Aug 12 2019 17:16:57
[36m(DreamerWorker pid=121492)[0m Command Line: '"/home/razshmue/StarCraftII/Versions/Base75689/SC2_x64" -listen 127.0.0.1 -port 38401 -dataDir /home/razshmue/StarCraftII/ -tempDir /tmp/sc-a5bok_2g/'
[36m(DreamerWorker pid=121492)[0m Starting up...
[36m(DreamerWorker pid=121492)[0m Startup Phase 1 complete
[36m(DreamerWorker pid=121492)[0m Creating stub renderer...
[36m(DreamerWorker pid=121492)[0m Listening on: 127.0.0.1:38401
[36m(DreamerWorker pid=121492)[0m Startup Phase 3 complete. Ready for commands.
[36m(DreamerWorker pid=121489)[0m ConnectHandler: Request from 127.0.0.1:37014 accepted
[36m(DreamerWorker pid=121489)[0m ReadyHandler: 127.0.0.1:37014 ready
[36m(DreamerWorker pid=121489)[0m Requesting to join a single player game
[36m(DreamerWorker pid=121489)[0m Configuring interface options
[36m(DreamerWorker pid=121489)[0m Configure: raw interface enabled
[36m(DreamerWorker pid=121489)[0m Configure: feature layer interface disabled
[36m(DreamerWorker pid=121489)[0m Configure: score interface disabled
[36m(DreamerWorker pid=121489)[0m Configure: render interface disabled
[36m(DreamerWorker pid=121489)[0m Launching next game.
[36m(DreamerWorker pid=121489)[0m Next launch phase started: 2
[36m(DreamerWorker pid=121489)[0m Next launch phase started: 3
[36m(DreamerWorker pid=121489)[0m Next launch phase started: 4
[36m(DreamerWorker pid=121489)[0m Next launch phase started: 5
[36m(DreamerWorker pid=121489)[0m Next launch phase started: 6
[36m(DreamerWorker pid=121489)[0m Next launch phase started: 7
[36m(DreamerWorker pid=121489)[0m Next launch phase started: 8
[36m(DreamerWorker pid=121492)[0m Game has started.
[36m(DreamerWorker pid=121492)[0m Using default stable ids, none found at: /home/razshmue/StarCraftII/stableid.json
[36m(DreamerWorker pid=121492)[0m Successfully loaded stable ids: GameData\stableid.json
[36m(DreamerWorker pid=121492)[0m Sending ResponseJoinGame
[36m(DreamerWorker pid=121493)[0m /home/razshmue/workspace/private-mamba/venv/lib64/python3.9/site-packages/networkx/utils/backends.py:135: RuntimeWarning: networkx backend defined more than once: nx-loopback[32m [repeated 3x across cluster] (Ray deduplicates logs by default. Set RAY_DEDUP_LOGS=0 to disable log deduplication, or see https://docs.ray.io/en/master/ray-observability/user-guides/configure-logging.html#log-deduplication for more options.)[0m
[36m(DreamerWorker pid=121493)[0m   backends.update(_get_backends("networkx.backends"))[32m [repeated 3x across cluster][0m
[36m(DreamerWorker pid=121492)[0m /home/razshmue/workspace/private-mamba/venv/lib64/python3.9/site-packages/torch/nn/modules/transformer.py:382: UserWarning: enable_nested_tensor is True, but self.use_nested_tensor is False because encoder_layer.self_attn.batch_first was not True(use batch_first for better inference performance)[32m [repeated 3x across cluster][0m
[36m(DreamerWorker pid=121492)[0m   warnings.warn([32m [repeated 3x across cluster][0m
[36m(DreamerWorker pid=121493)[0m Version: B75689 (SC2.4.10)[32m [repeated 3x across cluster][0m
[36m(DreamerWorker pid=121493)[0m Build: Aug 12 2019 17:16:57[32m [repeated 3x across cluster][0m
[36m(DreamerWorker pid=121493)[0m Command Line: '"/home/razshmue/StarCraftII/Versions/Base75689/SC2_x64" -listen 127.0.0.1 -port 43819 -dataDir /home/razshmue/StarCraftII/ -tempDir /tmp/sc-66qw87r4/'[32m [repeated 3x across cluster][0m
[36m(DreamerWorker pid=121493)[0m Starting up...[32m [repeated 3x across cluster][0m
[36m(DreamerWorker pid=121493)[0m Startup Phase 2 complete[32m [repeated 7x across cluster][0m
[36m(DreamerWorker pid=121493)[0m Creating stub renderer...[32m [repeated 3x across cluster][0m
[36m(DreamerWorker pid=121493)[0m Listening on: 127.0.0.1:43819[32m [repeated 3x across cluster][0m
[36m(DreamerWorker pid=121493)[0m Startup Phase 3 complete. Ready for commands.[32m [repeated 3x across cluster][0m
[36m(DreamerWorker pid=121492)[0m ConnectHandler: Request from 127.0.0.1:59920 accepted[32m [repeated 3x across cluster][0m
[36m(DreamerWorker pid=121492)[0m ReadyHandler: 127.0.0.1:59920 ready[32m [repeated 3x across cluster][0m
[36m(DreamerWorker pid=121497)[0m Requesting to join a single player game[32m [repeated 3x across cluster][0m
[36m(DreamerWorker pid=121497)[0m Configuring interface options[32m [repeated 3x across cluster][0m
[36m(DreamerWorker pid=121497)[0m Configure: raw interface enabled[32m [repeated 3x across cluster][0m
[36m(DreamerWorker pid=121497)[0m Configure: feature layer interface disabled[32m [repeated 3x across cluster][0m
[36m(DreamerWorker pid=121497)[0m Configure: score interface disabled[32m [repeated 3x across cluster][0m
[36m(DreamerWorker pid=121497)[0m Configure: render interface disabled[32m [repeated 3x across cluster][0m
[36m(DreamerWorker pid=121497)[0m Launching next game.[32m [repeated 3x across cluster][0m
[36m(DreamerWorker pid=121497)[0m Next launch phase started: 8[32m [repeated 21x across cluster][0m
[36m(DreamerWorker pid=121493)[0m Game has started.[32m [repeated 3x across cluster][0m
[36m(DreamerWorker pid=121493)[0m Using default stable ids, none found at: /home/razshmue/StarCraftII/stableid.json[32m [repeated 3x across cluster][0m
[36m(DreamerWorker pid=121493)[0m Successfully loaded stable ids: GameData\stableid.json[32m [repeated 3x across cluster][0m
[36m(DreamerWorker pid=121493)[0m Sending ResponseJoinGame[32m [repeated 3x across cluster][0m
[36m(DreamerWorker pid=121497)[0m Version: B75689 (SC2.4.10)
[36m(DreamerWorker pid=121497)[0m Build: Aug 12 2019 17:16:57
[36m(DreamerWorker pid=121497)[0m Command Line: '"/home/razshmue/StarCraftII/Versions/Base75689/SC2_x64" -listen 127.0.0.1 -port 42689 -dataDir /home/razshmue/StarCraftII/ -tempDir /tmp/sc-y28xctv4/'
[36m(DreamerWorker pid=121497)[0m Starting up...
[36m(DreamerWorker pid=121497)[0m Startup Phase 1 complete
[36m(DreamerWorker pid=121497)[0m Startup Phase 2 complete
[36m(DreamerWorker pid=121497)[0m Creating stub renderer...
[36m(DreamerWorker pid=121497)[0m Listening on: 127.0.0.1:42689
[36m(DreamerWorker pid=121497)[0m Startup Phase 3 complete. Ready for commands.
[36m(DreamerWorker pid=121497)[0m ConnectHandler: Request from 127.0.0.1:49944 accepted
[36m(DreamerWorker pid=121497)[0m ReadyHandler: 127.0.0.1:49944 ready
[36m(DreamerWorker pid=121497)[0m Requesting to join a single player game
[36m(DreamerWorker pid=121497)[0m Configuring interface options
[36m(DreamerWorker pid=121497)[0m Configure: raw interface enabled
[36m(DreamerWorker pid=121497)[0m Configure: feature layer interface disabled
[36m(DreamerWorker pid=121497)[0m Configure: score interface disabled
[36m(DreamerWorker pid=121497)[0m Configure: render interface disabled
[36m(DreamerWorker pid=121497)[0m Launching next game.
[36m(DreamerWorker pid=121497)[0m Next launch phase started: 8[32m [repeated 7x across cluster][0m
[36m(DreamerWorker pid=121497)[0m Game has started.
[36m(DreamerWorker pid=121497)[0m Using default stable ids, none found at: /home/razshmue/StarCraftII/stableid.json
[36m(DreamerWorker pid=121497)[0m Successfully loaded stable ids: GameData\stableid.json
[36m(DreamerWorker pid=121497)[0m Sending ResponseJoinGame
[36m(DreamerWorker pid=121492)[0m Version: B75689 (SC2.4.10)
[36m(DreamerWorker pid=121492)[0m Build: Aug 12 2019 17:16:57
[36m(DreamerWorker pid=121492)[0m Command Line: '"/home/razshmue/StarCraftII/Versions/Base75689/SC2_x64" -listen 127.0.0.1 -port 33691 -dataDir /home/razshmue/StarCraftII/ -tempDir /tmp/sc-l538cq_o/'
[36m(DreamerWorker pid=121492)[0m Starting up...
[36m(DreamerWorker pid=121492)[0m Startup Phase 1 complete
[36m(DreamerWorker pid=121492)[0m Startup Phase 2 complete
[36m(DreamerWorker pid=121492)[0m Creating stub renderer...
[36m(DreamerWorker pid=121492)[0m Listening on: 127.0.0.1:33691
[36m(DreamerWorker pid=121492)[0m Startup Phase 3 complete. Ready for commands.
[36m(DreamerWorker pid=121492)[0m ConnectHandler: Request from 127.0.0.1:47090 accepted
[36m(DreamerWorker pid=121492)[0m ReadyHandler: 127.0.0.1:47090 ready
[36m(DreamerWorker pid=121492)[0m Requesting to join a single player game
[36m(DreamerWorker pid=121492)[0m Configuring interface options
[36m(DreamerWorker pid=121492)[0m Configure: raw interface enabled
[36m(DreamerWorker pid=121492)[0m Configure: feature layer interface disabled
[36m(DreamerWorker pid=121492)[0m Configure: score interface disabled
[36m(DreamerWorker pid=121492)[0m Configure: render interface disabled
[36m(DreamerWorker pid=121492)[0m Launching next game.
[36m(DreamerWorker pid=121492)[0m Next launch phase started: 2
[36m(DreamerWorker pid=121492)[0m Next launch phase started: 3
[36m(DreamerWorker pid=121492)[0m Next launch phase started: 4
[36m(DreamerWorker pid=121492)[0m Next launch phase started: 5
[36m(DreamerWorker pid=121492)[0m Next launch phase started: 6
[36m(DreamerWorker pid=121492)[0m Next launch phase started: 7
[36m(DreamerWorker pid=121492)[0m Next launch phase started: 8
[36m(DreamerWorker pid=121492)[0m Game has started.
[36m(DreamerWorker pid=121492)[0m Using default stable ids, none found at: /home/razshmue/StarCraftII/stableid.json
[36m(DreamerWorker pid=121492)[0m Successfully loaded stable ids: GameData\stableid.json
[36m(DreamerWorker pid=121492)[0m Sending ResponseJoinGame
[36m(DreamerWorker pid=121497)[0m Version: B75689 (SC2.4.10)
[36m(DreamerWorker pid=121497)[0m Build: Aug 12 2019 17:16:57
[36m(DreamerWorker pid=121497)[0m Command Line: '"/home/razshmue/StarCraftII/Versions/Base75689/SC2_x64" -listen 127.0.0.1 -port 38959 -dataDir /home/razshmue/StarCraftII/ -tempDir /tmp/sc-i62w1qph/'
[36m(DreamerWorker pid=121497)[0m Starting up...
[36m(DreamerWorker pid=121497)[0m Startup Phase 1 complete
[36m(DreamerWorker pid=121497)[0m Startup Phase 2 complete
[36m(DreamerWorker pid=121497)[0m Creating stub renderer...
[36m(DreamerWorker pid=121497)[0m Listening on: 127.0.0.1:38959
[36m(DreamerWorker pid=121497)[0m Startup Phase 3 complete. Ready for commands.
[36m(DreamerWorker pid=121497)[0m ConnectHandler: Request from 127.0.0.1:51538 accepted
[36m(DreamerWorker pid=121497)[0m ReadyHandler: 127.0.0.1:51538 ready
[36m(DreamerWorker pid=121497)[0m Requesting to join a single player game
[36m(DreamerWorker pid=121497)[0m Configuring interface options
[36m(DreamerWorker pid=121497)[0m Configure: raw interface enabled
[36m(DreamerWorker pid=121497)[0m Configure: feature layer interface disabled
[36m(DreamerWorker pid=121497)[0m Configure: score interface disabled
[36m(DreamerWorker pid=121497)[0m Configure: render interface disabled
[36m(DreamerWorker pid=121497)[0m Launching next game.
[36m(DreamerWorker pid=121497)[0m Next launch phase started: 2
[36m(DreamerWorker pid=121497)[0m Next launch phase started: 3
[36m(DreamerWorker pid=121497)[0m Next launch phase started: 4
[36m(DreamerWorker pid=121497)[0m Next launch phase started: 5
[36m(DreamerWorker pid=121497)[0m Next launch phase started: 6
[36m(DreamerWorker pid=121497)[0m Next launch phase started: 7
[36m(DreamerWorker pid=121497)[0m Next launch phase started: 8
[36m(DreamerWorker pid=121497)[0m Game has started.
[36m(DreamerWorker pid=121497)[0m Using default stable ids, none found at: /home/razshmue/StarCraftII/stableid.json
[36m(DreamerWorker pid=121497)[0m Successfully loaded stable ids: GameData\stableid.json
[36m(DreamerWorker pid=121497)[0m Sending ResponseJoinGame
[36m(DreamerWorker pid=121492)[0m Version: B75689 (SC2.4.10)
[36m(DreamerWorker pid=121492)[0m Build: Aug 12 2019 17:16:57
[36m(DreamerWorker pid=121492)[0m Command Line: '"/home/razshmue/StarCraftII/Versions/Base75689/SC2_x64" -listen 127.0.0.1 -port 44473 -dataDir /home/razshmue/StarCraftII/ -tempDir /tmp/sc-g0air_hq/'
[36m(DreamerWorker pid=121492)[0m Starting up...
[36m(DreamerWorker pid=121492)[0m Startup Phase 1 complete
[36m(DreamerWorker pid=121492)[0m Startup Phase 2 complete
[36m(DreamerWorker pid=121492)[0m Creating stub renderer...
[36m(DreamerWorker pid=121492)[0m Listening on: 127.0.0.1:44473
[36m(DreamerWorker pid=121492)[0m Startup Phase 3 complete. Ready for commands.
[36m(DreamerWorker pid=121492)[0m ConnectHandler: Request from 127.0.0.1:39162 accepted
[36m(DreamerWorker pid=121492)[0m ReadyHandler: 127.0.0.1:39162 ready
[36m(DreamerWorker pid=121492)[0m Requesting to join a single player game
[36m(DreamerWorker pid=121492)[0m Configuring interface options
[36m(DreamerWorker pid=121492)[0m Configure: raw interface enabled
[36m(DreamerWorker pid=121492)[0m Configure: feature layer interface disabled
[36m(DreamerWorker pid=121492)[0m Configure: score interface disabled
[36m(DreamerWorker pid=121492)[0m Configure: render interface disabled
[36m(DreamerWorker pid=121492)[0m Launching next game.
[36m(DreamerWorker pid=121492)[0m Next launch phase started: 2
[36m(DreamerWorker pid=121492)[0m Next launch phase started: 3
[36m(DreamerWorker pid=121492)[0m Next launch phase started: 4
[36m(DreamerWorker pid=121492)[0m Next launch phase started: 5
[36m(DreamerWorker pid=121492)[0m Next launch phase started: 6
[36m(DreamerWorker pid=121492)[0m Next launch phase started: 7
[36m(DreamerWorker pid=121492)[0m Next launch phase started: 8
[36m(DreamerWorker pid=121492)[0m Game has started.
[36m(DreamerWorker pid=121492)[0m Using default stable ids, none found at: /home/razshmue/StarCraftII/stableid.json
[36m(DreamerWorker pid=121492)[0m Successfully loaded stable ids: GameData\stableid.json
[36m(DreamerWorker pid=121492)[0m Sending ResponseJoinGame
[36m(DreamerWorker pid=121492)[0m Deferred error: 536936448 (0x20010000)
[36m(DreamerWorker pid=121492)[0m Deferred error details: Bad profiling data. TimeMS: 9874700.000000 Conversion: 1.000000e-03
[36m(DreamerWorker pid=121497)[0m Version: B75689 (SC2.4.10)
[36m(DreamerWorker pid=121497)[0m Build: Aug 12 2019 17:16:57
[36m(DreamerWorker pid=121497)[0m Command Line: '"/home/razshmue/StarCraftII/Versions/Base75689/SC2_x64" -listen 127.0.0.1 -port 46613 -dataDir /home/razshmue/StarCraftII/ -tempDir /tmp/sc-2xmae2fm/'
[36m(DreamerWorker pid=121497)[0m Starting up...
[36m(DreamerWorker pid=121497)[0m Startup Phase 1 complete
[36m(DreamerWorker pid=121497)[0m Startup Phase 2 complete
[36m(DreamerWorker pid=121497)[0m Creating stub renderer...
[36m(DreamerWorker pid=121497)[0m Listening on: 127.0.0.1:46613
[36m(DreamerWorker pid=121497)[0m Startup Phase 3 complete. Ready for commands.
[36m(DreamerWorker pid=121497)[0m ConnectHandler: Request from 127.0.0.1:52304 accepted
[36m(DreamerWorker pid=121497)[0m ReadyHandler: 127.0.0.1:52304 ready
[36m(DreamerWorker pid=121497)[0m Requesting to join a single player game
[36m(DreamerWorker pid=121497)[0m Configuring interface options
[36m(DreamerWorker pid=121497)[0m Configure: raw interface enabled
[36m(DreamerWorker pid=121497)[0m Configure: feature layer interface disabled
[36m(DreamerWorker pid=121497)[0m Configure: score interface disabled
[36m(DreamerWorker pid=121497)[0m Configure: render interface disabled
[36m(DreamerWorker pid=121497)[0m Launching next game.
[36m(DreamerWorker pid=121497)[0m Next launch phase started: 2
[36m(DreamerWorker pid=121497)[0m Next launch phase started: 3
[36m(DreamerWorker pid=121497)[0m Next launch phase started: 4
[36m(DreamerWorker pid=121497)[0m Next launch phase started: 5
[36m(DreamerWorker pid=121497)[0m Next launch phase started: 6
[36m(DreamerWorker pid=121497)[0m Next launch phase started: 7
[36m(DreamerWorker pid=121497)[0m Next launch phase started: 8
[36m(DreamerWorker pid=121497)[0m Game has started.
[36m(DreamerWorker pid=121497)[0m Using default stable ids, none found at: /home/razshmue/StarCraftII/stableid.json
[36m(DreamerWorker pid=121497)[0m Successfully loaded stable ids: GameData\stableid.json
[36m(DreamerWorker pid=121497)[0m Sending ResponseJoinGame
[36m(DreamerWorker pid=121492)[0m Version: B75689 (SC2.4.10)
[36m(DreamerWorker pid=121492)[0m Build: Aug 12 2019 17:16:57
[36m(DreamerWorker pid=121492)[0m Command Line: '"/home/razshmue/StarCraftII/Versions/Base75689/SC2_x64" -listen 127.0.0.1 -port 40525 -dataDir /home/razshmue/StarCraftII/ -tempDir /tmp/sc-q9d5bqzb/'
[36m(DreamerWorker pid=121492)[0m Starting up...
[36m(DreamerWorker pid=121492)[0m Startup Phase 1 complete
[36m(DreamerWorker pid=121492)[0m Startup Phase 2 complete
[36m(DreamerWorker pid=121492)[0m Creating stub renderer...
[36m(DreamerWorker pid=121492)[0m Listening on: 127.0.0.1:40525
[36m(DreamerWorker pid=121492)[0m Startup Phase 3 complete. Ready for commands.
[36m(DreamerWorker pid=121492)[0m ConnectHandler: Request from 127.0.0.1:60158 accepted
[36m(DreamerWorker pid=121492)[0m ReadyHandler: 127.0.0.1:60158 ready
[36m(DreamerWorker pid=121492)[0m Requesting to join a single player game
[36m(DreamerWorker pid=121492)[0m Configuring interface options
[36m(DreamerWorker pid=121492)[0m Configure: raw interface enabled
[36m(DreamerWorker pid=121492)[0m Configure: feature layer interface disabled
[36m(DreamerWorker pid=121492)[0m Configure: score interface disabled
[36m(DreamerWorker pid=121492)[0m Configure: render interface disabled
[36m(DreamerWorker pid=121492)[0m Launching next game.
[36m(DreamerWorker pid=121492)[0m Next launch phase started: 2
[36m(DreamerWorker pid=121492)[0m Next launch phase started: 3
[36m(DreamerWorker pid=121492)[0m Next launch phase started: 4
[36m(DreamerWorker pid=121492)[0m Next launch phase started: 5
[36m(DreamerWorker pid=121492)[0m Next launch phase started: 6
[36m(DreamerWorker pid=121492)[0m Next launch phase started: 7
[36m(DreamerWorker pid=121492)[0m Next launch phase started: 8
[36m(DreamerWorker pid=121492)[0m Game has started.
[36m(DreamerWorker pid=121492)[0m Using default stable ids, none found at: /home/razshmue/StarCraftII/stableid.json
[36m(DreamerWorker pid=121492)[0m Successfully loaded stable ids: GameData\stableid.json
[36m(DreamerWorker pid=121492)[0m Sending ResponseJoinGame
[36m(DreamerWorker pid=121497)[0m Version: B75689 (SC2.4.10)
[36m(DreamerWorker pid=121497)[0m Build: Aug 12 2019 17:16:57
[36m(DreamerWorker pid=121497)[0m Command Line: '"/home/razshmue/StarCraftII/Versions/Base75689/SC2_x64" -listen 127.0.0.1 -port 38593 -dataDir /home/razshmue/StarCraftII/ -tempDir /tmp/sc-po09_tm8/'
[36m(DreamerWorker pid=121497)[0m Starting up...
[36m(DreamerWorker pid=121497)[0m Startup Phase 1 complete
[36m(DreamerWorker pid=121497)[0m Startup Phase 2 complete
[36m(DreamerWorker pid=121497)[0m Creating stub renderer...
[36m(DreamerWorker pid=121497)[0m Listening on: 127.0.0.1:38593
[36m(DreamerWorker pid=121497)[0m Startup Phase 3 complete. Ready for commands.
[36m(DreamerWorker pid=121497)[0m ConnectHandler: Request from 127.0.0.1:32832 accepted
[36m(DreamerWorker pid=121497)[0m ReadyHandler: 127.0.0.1:32832 ready
[36m(DreamerWorker pid=121497)[0m Requesting to join a single player game
[36m(DreamerWorker pid=121497)[0m Configuring interface options
[36m(DreamerWorker pid=121497)[0m Configure: raw interface enabled
[36m(DreamerWorker pid=121497)[0m Configure: feature layer interface disabled
[36m(DreamerWorker pid=121497)[0m Configure: score interface disabled
[36m(DreamerWorker pid=121497)[0m Configure: render interface disabled
[36m(DreamerWorker pid=121497)[0m Launching next game.
[36m(DreamerWorker pid=121497)[0m Next launch phase started: 2
[36m(DreamerWorker pid=121497)[0m Next launch phase started: 3
[36m(DreamerWorker pid=121497)[0m Next launch phase started: 4
[36m(DreamerWorker pid=121497)[0m Next launch phase started: 5
[36m(DreamerWorker pid=121497)[0m Next launch phase started: 6
[36m(DreamerWorker pid=121497)[0m Next launch phase started: 7
[36m(DreamerWorker pid=121497)[0m Next launch phase started: 8
[36m(DreamerWorker pid=121497)[0m Game has started.
[36m(DreamerWorker pid=121497)[0m Using default stable ids, none found at: /home/razshmue/StarCraftII/stableid.json
[36m(DreamerWorker pid=121497)[0m Successfully loaded stable ids: GameData\stableid.json
[36m(DreamerWorker pid=121497)[0m Sending ResponseJoinGame
[36m(DreamerWorker pid=121492)[0m Version: B75689 (SC2.4.10)
[36m(DreamerWorker pid=121492)[0m Build: Aug 12 2019 17:16:57
[36m(DreamerWorker pid=121492)[0m Command Line: '"/home/razshmue/StarCraftII/Versions/Base75689/SC2_x64" -listen 127.0.0.1 -port 41601 -dataDir /home/razshmue/StarCraftII/ -tempDir /tmp/sc-4ym27ekn/'
[36m(DreamerWorker pid=121492)[0m Starting up...
[36m(DreamerWorker pid=121492)[0m Startup Phase 1 complete
[36m(DreamerWorker pid=121492)[0m Startup Phase 2 complete
[36m(DreamerWorker pid=121492)[0m Creating stub renderer...
[36m(DreamerWorker pid=121492)[0m Listening on: 127.0.0.1:41601
[36m(DreamerWorker pid=121492)[0m Startup Phase 3 complete. Ready for commands.
[36m(DreamerWorker pid=121492)[0m ConnectHandler: Request from 127.0.0.1:49656 accepted
[36m(DreamerWorker pid=121492)[0m ReadyHandler: 127.0.0.1:49656 ready
[36m(DreamerWorker pid=121492)[0m Requesting to join a single player game
[36m(DreamerWorker pid=121492)[0m Configuring interface options
[36m(DreamerWorker pid=121492)[0m Configure: raw interface enabled
[36m(DreamerWorker pid=121492)[0m Configure: feature layer interface disabled
[36m(DreamerWorker pid=121492)[0m Configure: score interface disabled
[36m(DreamerWorker pid=121492)[0m Configure: render interface disabled
[36m(DreamerWorker pid=121492)[0m Launching next game.
[36m(DreamerWorker pid=121492)[0m Next launch phase started: 2
[36m(DreamerWorker pid=121492)[0m Next launch phase started: 3
[36m(DreamerWorker pid=121492)[0m Next launch phase started: 4
[36m(DreamerWorker pid=121492)[0m Next launch phase started: 5
[36m(DreamerWorker pid=121492)[0m Next launch phase started: 6
[36m(DreamerWorker pid=121492)[0m Next launch phase started: 7
[36m(DreamerWorker pid=121492)[0m Next launch phase started: 8
[36m(DreamerWorker pid=121492)[0m Game has started.
[36m(DreamerWorker pid=121492)[0m Using default stable ids, none found at: /home/razshmue/StarCraftII/stableid.json
[36m(DreamerWorker pid=121492)[0m Successfully loaded stable ids: GameData\stableid.json
[36m(DreamerWorker pid=121492)[0m Sending ResponseJoinGame
[36m(DreamerWorker pid=121497)[0m Version: B75689 (SC2.4.10)
[36m(DreamerWorker pid=121497)[0m Build: Aug 12 2019 17:16:57
[36m(DreamerWorker pid=121497)[0m Command Line: '"/home/razshmue/StarCraftII/Versions/Base75689/SC2_x64" -listen 127.0.0.1 -port 42383 -dataDir /home/razshmue/StarCraftII/ -tempDir /tmp/sc-w_iheu_e/'
[36m(DreamerWorker pid=121497)[0m Starting up...
[36m(DreamerWorker pid=121497)[0m Startup Phase 1 complete
[36m(DreamerWorker pid=121497)[0m Startup Phase 2 complete
[36m(DreamerWorker pid=121497)[0m Creating stub renderer...
[36m(DreamerWorker pid=121497)[0m Listening on: 127.0.0.1:42383
[36m(DreamerWorker pid=121497)[0m Startup Phase 3 complete. Ready for commands.
[36m(DreamerWorker pid=121497)[0m ConnectHandler: Request from 127.0.0.1:60538 accepted
[36m(DreamerWorker pid=121497)[0m ReadyHandler: 127.0.0.1:60538 ready
[36m(DreamerWorker pid=121497)[0m Requesting to join a single player game
[36m(DreamerWorker pid=121497)[0m Configuring interface options
[36m(DreamerWorker pid=121497)[0m Configure: raw interface enabled
[36m(DreamerWorker pid=121497)[0m Configure: feature layer interface disabled
[36m(DreamerWorker pid=121497)[0m Configure: score interface disabled
[36m(DreamerWorker pid=121497)[0m Configure: render interface disabled
[36m(DreamerWorker pid=121497)[0m Launching next game.
[36m(DreamerWorker pid=121497)[0m Next launch phase started: 2
[36m(DreamerWorker pid=121497)[0m Next launch phase started: 3
[36m(DreamerWorker pid=121497)[0m Next launch phase started: 4
[36m(DreamerWorker pid=121497)[0m Next launch phase started: 5
[36m(DreamerWorker pid=121497)[0m Next launch phase started: 6
[36m(DreamerWorker pid=121497)[0m Next launch phase started: 7
[36m(DreamerWorker pid=121497)[0m Next launch phase started: 8
[36m(DreamerWorker pid=121497)[0m Game has started.
[36m(DreamerWorker pid=121497)[0m Using default stable ids, none found at: /home/razshmue/StarCraftII/stableid.json
[36m(DreamerWorker pid=121497)[0m Successfully loaded stable ids: GameData\stableid.json
[36m(DreamerWorker pid=121497)[0m Sending ResponseJoinGame
[36m(DreamerWorker pid=121492)[0m Version: B75689 (SC2.4.10)
[36m(DreamerWorker pid=121492)[0m Build: Aug 12 2019 17:16:57
[36m(DreamerWorker pid=121492)[0m Command Line: '"/home/razshmue/StarCraftII/Versions/Base75689/SC2_x64" -listen 127.0.0.1 -port 39399 -dataDir /home/razshmue/StarCraftII/ -tempDir /tmp/sc-e9iwq41t/'
[36m(DreamerWorker pid=121492)[0m Starting up...
[36m(DreamerWorker pid=121492)[0m Startup Phase 1 complete
[36m(DreamerWorker pid=121492)[0m Startup Phase 2 complete
[36m(DreamerWorker pid=121492)[0m Creating stub renderer...
[36m(DreamerWorker pid=121492)[0m Listening on: 127.0.0.1:39399
[36m(DreamerWorker pid=121492)[0m Startup Phase 3 complete. Ready for commands.
[36m(DreamerWorker pid=121492)[0m ConnectHandler: Request from 127.0.0.1:33644 accepted
[36m(DreamerWorker pid=121492)[0m ReadyHandler: 127.0.0.1:33644 ready
[36m(DreamerWorker pid=121492)[0m Requesting to join a single player game
[36m(DreamerWorker pid=121492)[0m Configuring interface options
[36m(DreamerWorker pid=121492)[0m Configure: raw interface enabled
[36m(DreamerWorker pid=121492)[0m Configure: feature layer interface disabled
[36m(DreamerWorker pid=121492)[0m Configure: score interface disabled
[36m(DreamerWorker pid=121492)[0m Configure: render interface disabled
[36m(DreamerWorker pid=121492)[0m Launching next game.
[36m(DreamerWorker pid=121492)[0m Next launch phase started: 2
[36m(DreamerWorker pid=121492)[0m Next launch phase started: 3
[36m(DreamerWorker pid=121492)[0m Next launch phase started: 4
[36m(DreamerWorker pid=121492)[0m Next launch phase started: 5
[36m(DreamerWorker pid=121492)[0m Next launch phase started: 6
[36m(DreamerWorker pid=121492)[0m Next launch phase started: 7
[36m(DreamerWorker pid=121492)[0m Next launch phase started: 8
[36m(DreamerWorker pid=121492)[0m Game has started.
[36m(DreamerWorker pid=121492)[0m Using default stable ids, none found at: /home/razshmue/StarCraftII/stableid.json
[36m(DreamerWorker pid=121492)[0m Successfully loaded stable ids: GameData\stableid.json
[36m(DreamerWorker pid=121492)[0m Sending ResponseJoinGame
[36m(DreamerWorker pid=121497)[0m Version: B75689 (SC2.4.10)
[36m(DreamerWorker pid=121497)[0m Build: Aug 12 2019 17:16:57
[36m(DreamerWorker pid=121497)[0m Command Line: '"/home/razshmue/StarCraftII/Versions/Base75689/SC2_x64" -listen 127.0.0.1 -port 44421 -dataDir /home/razshmue/StarCraftII/ -tempDir /tmp/sc-x14v3ssm/'
[36m(DreamerWorker pid=121497)[0m Starting up...
[36m(DreamerWorker pid=121497)[0m Startup Phase 1 complete
[36m(DreamerWorker pid=121497)[0m Startup Phase 2 complete
[36m(DreamerWorker pid=121497)[0m Creating stub renderer...
[36m(DreamerWorker pid=121497)[0m Listening on: 127.0.0.1:44421
[36m(DreamerWorker pid=121497)[0m Startup Phase 3 complete. Ready for commands.
[36m(DreamerWorker pid=121497)[0m ConnectHandler: Request from 127.0.0.1:44060 accepted
[36m(DreamerWorker pid=121497)[0m ReadyHandler: 127.0.0.1:44060 ready
[36m(DreamerWorker pid=121497)[0m Requesting to join a single player game
[36m(DreamerWorker pid=121497)[0m Configuring interface options
[36m(DreamerWorker pid=121497)[0m Configure: raw interface enabled
[36m(DreamerWorker pid=121497)[0m Configure: feature layer interface disabled
[36m(DreamerWorker pid=121497)[0m Configure: score interface disabled
[36m(DreamerWorker pid=121497)[0m Configure: render interface disabled
[36m(DreamerWorker pid=121497)[0m Launching next game.
[36m(DreamerWorker pid=121497)[0m Next launch phase started: 2
[36m(DreamerWorker pid=121497)[0m Next launch phase started: 3
[36m(DreamerWorker pid=121497)[0m Next launch phase started: 4
[36m(DreamerWorker pid=121497)[0m Next launch phase started: 5
[36m(DreamerWorker pid=121497)[0m Next launch phase started: 6
[36m(DreamerWorker pid=121497)[0m Next launch phase started: 7
[36m(DreamerWorker pid=121497)[0m Next launch phase started: 8
[36m(DreamerWorker pid=121497)[0m Game has started.
[36m(DreamerWorker pid=121497)[0m Using default stable ids, none found at: /home/razshmue/StarCraftII/stableid.json
[36m(DreamerWorker pid=121497)[0m Successfully loaded stable ids: GameData\stableid.json
[36m(DreamerWorker pid=121497)[0m Sending ResponseJoinGame
[36m(DreamerWorker pid=121492)[0m Version: B75689 (SC2.4.10)
[36m(DreamerWorker pid=121492)[0m Build: Aug 12 2019 17:16:57
[36m(DreamerWorker pid=121492)[0m Command Line: '"/home/razshmue/StarCraftII/Versions/Base75689/SC2_x64" -listen 127.0.0.1 -port 37205 -dataDir /home/razshmue/StarCraftII/ -tempDir /tmp/sc-lhtcp68a/'
[36m(DreamerWorker pid=121492)[0m Starting up...
[36m(DreamerWorker pid=121492)[0m Startup Phase 1 complete
[36m(DreamerWorker pid=121492)[0m Startup Phase 2 complete
[36m(DreamerWorker pid=121492)[0m Creating stub renderer...
[36m(DreamerWorker pid=121492)[0m Listening on: 127.0.0.1:37205
[36m(DreamerWorker pid=121492)[0m Startup Phase 3 complete. Ready for commands.
[36m(DreamerWorker pid=121492)[0m ConnectHandler: Request from 127.0.0.1:47160 accepted
[36m(DreamerWorker pid=121492)[0m ReadyHandler: 127.0.0.1:47160 ready
[36m(DreamerWorker pid=121492)[0m Requesting to join a single player game
[36m(DreamerWorker pid=121492)[0m Configuring interface options
[36m(DreamerWorker pid=121492)[0m Configure: raw interface enabled
[36m(DreamerWorker pid=121492)[0m Configure: feature layer interface disabled
[36m(DreamerWorker pid=121492)[0m Configure: score interface disabled
[36m(DreamerWorker pid=121492)[0m Configure: render interface disabled
[36m(DreamerWorker pid=121492)[0m Launching next game.
[36m(DreamerWorker pid=121492)[0m Next launch phase started: 2
[36m(DreamerWorker pid=121492)[0m Next launch phase started: 3
[36m(DreamerWorker pid=121492)[0m Next launch phase started: 4
[36m(DreamerWorker pid=121492)[0m Next launch phase started: 5
[36m(DreamerWorker pid=121492)[0m Next launch phase started: 6
[36m(DreamerWorker pid=121492)[0m Next launch phase started: 7
[36m(DreamerWorker pid=121492)[0m Next launch phase started: 8
[36m(DreamerWorker pid=121492)[0m Game has started.
[36m(DreamerWorker pid=121492)[0m Using default stable ids, none found at: /home/razshmue/StarCraftII/stableid.json
[36m(DreamerWorker pid=121492)[0m Successfully loaded stable ids: GameData\stableid.json
[36m(DreamerWorker pid=121492)[0m Sending ResponseJoinGame
[36m(DreamerWorker pid=121497)[0m Version: B75689 (SC2.4.10)
[36m(DreamerWorker pid=121497)[0m Build: Aug 12 2019 17:16:57
[36m(DreamerWorker pid=121497)[0m Command Line: '"/home/razshmue/StarCraftII/Versions/Base75689/SC2_x64" -listen 127.0.0.1 -port 42755 -dataDir /home/razshmue/StarCraftII/ -tempDir /tmp/sc-o67jknnh/'
[36m(DreamerWorker pid=121497)[0m Starting up...
[36m(DreamerWorker pid=121497)[0m Startup Phase 1 complete
[36m(DreamerWorker pid=121497)[0m Startup Phase 2 complete
[36m(DreamerWorker pid=121497)[0m Creating stub renderer...
[36m(DreamerWorker pid=121497)[0m Listening on: 127.0.0.1:42755
[36m(DreamerWorker pid=121497)[0m Startup Phase 3 complete. Ready for commands.
[36m(DreamerWorker pid=121497)[0m ConnectHandler: Request from 127.0.0.1:59746 accepted
[36m(DreamerWorker pid=121497)[0m ReadyHandler: 127.0.0.1:59746 ready
[36m(DreamerWorker pid=121497)[0m Requesting to join a single player game
[36m(DreamerWorker pid=121497)[0m Configuring interface options
[36m(DreamerWorker pid=121497)[0m Configure: raw interface enabled
[36m(DreamerWorker pid=121497)[0m Configure: feature layer interface disabled
[36m(DreamerWorker pid=121497)[0m Configure: score interface disabled
[36m(DreamerWorker pid=121497)[0m Configure: render interface disabled
[36m(DreamerWorker pid=121497)[0m Launching next game.
[36m(DreamerWorker pid=121497)[0m Next launch phase started: 2
[36m(DreamerWorker pid=121497)[0m Next launch phase started: 3
[36m(DreamerWorker pid=121497)[0m Next launch phase started: 4
[36m(DreamerWorker pid=121497)[0m Next launch phase started: 5
[36m(DreamerWorker pid=121497)[0m Next launch phase started: 6
[36m(DreamerWorker pid=121497)[0m Next launch phase started: 7
[36m(DreamerWorker pid=121497)[0m Next launch phase started: 8
[36m(DreamerWorker pid=121497)[0m Game has started.
[36m(DreamerWorker pid=121497)[0m Using default stable ids, none found at: /home/razshmue/StarCraftII/stableid.json
[36m(DreamerWorker pid=121497)[0m Successfully loaded stable ids: GameData\stableid.json
[36m(DreamerWorker pid=121497)[0m Sending ResponseJoinGame
[36m(DreamerWorker pid=121497)[0m Deferred error: 536936448 (0x20010000)
[36m(DreamerWorker pid=121497)[0m Deferred error details: Bad profiling data. TimeMS: 9719583.000000 Conversion: 1.000000e-03
[36m(DreamerWorker pid=121492)[0m Version: B75689 (SC2.4.10)
[36m(DreamerWorker pid=121492)[0m Build: Aug 12 2019 17:16:57
[36m(DreamerWorker pid=121492)[0m Command Line: '"/home/razshmue/StarCraftII/Versions/Base75689/SC2_x64" -listen 127.0.0.1 -port 33197 -dataDir /home/razshmue/StarCraftII/ -tempDir /tmp/sc-eu1vq7dw/'
[36m(DreamerWorker pid=121492)[0m Starting up...
[36m(DreamerWorker pid=121492)[0m Startup Phase 1 complete
[36m(DreamerWorker pid=121492)[0m Startup Phase 2 complete
[36m(DreamerWorker pid=121492)[0m Creating stub renderer...
[36m(DreamerWorker pid=121492)[0m Listening on: 127.0.0.1:33197
[36m(DreamerWorker pid=121492)[0m Startup Phase 3 complete. Ready for commands.
[36m(DreamerWorker pid=121492)[0m ConnectHandler: Request from 127.0.0.1:33762 accepted
[36m(DreamerWorker pid=121492)[0m ReadyHandler: 127.0.0.1:33762 ready
[36m(DreamerWorker pid=121492)[0m Requesting to join a single player game
[36m(DreamerWorker pid=121492)[0m Configuring interface options
[36m(DreamerWorker pid=121492)[0m Configure: raw interface enabled
[36m(DreamerWorker pid=121492)[0m Configure: feature layer interface disabled
[36m(DreamerWorker pid=121492)[0m Configure: score interface disabled
[36m(DreamerWorker pid=121492)[0m Configure: render interface disabled
[36m(DreamerWorker pid=121492)[0m Launching next game.
[36m(DreamerWorker pid=121492)[0m Next launch phase started: 2
[36m(DreamerWorker pid=121492)[0m Next launch phase started: 3
[36m(DreamerWorker pid=121492)[0m Next launch phase started: 4
[36m(DreamerWorker pid=121492)[0m Next launch phase started: 5
[36m(DreamerWorker pid=121492)[0m Next launch phase started: 6
[36m(DreamerWorker pid=121492)[0m Next launch phase started: 7
[36m(DreamerWorker pid=121492)[0m Next launch phase started: 8
[36m(DreamerWorker pid=121492)[0m Game has started.
[36m(DreamerWorker pid=121492)[0m Using default stable ids, none found at: /home/razshmue/StarCraftII/stableid.json
[36m(DreamerWorker pid=121492)[0m Successfully loaded stable ids: GameData\stableid.json
[36m(DreamerWorker pid=121492)[0m Sending ResponseJoinGame
[36m(DreamerWorker pid=121497)[0m Version: B75689 (SC2.4.10)
[36m(DreamerWorker pid=121497)[0m Build: Aug 12 2019 17:16:57
[36m(DreamerWorker pid=121497)[0m Command Line: '"/home/razshmue/StarCraftII/Versions/Base75689/SC2_x64" -listen 127.0.0.1 -port 43063 -dataDir /home/razshmue/StarCraftII/ -tempDir /tmp/sc-_px2gje_/'
[36m(DreamerWorker pid=121497)[0m Starting up...
[36m(DreamerWorker pid=121497)[0m Startup Phase 1 complete
[36m(DreamerWorker pid=121497)[0m Startup Phase 2 complete
[36m(DreamerWorker pid=121497)[0m Creating stub renderer...
[36m(DreamerWorker pid=121497)[0m Listening on: 127.0.0.1:43063
[36m(DreamerWorker pid=121497)[0m Startup Phase 3 complete. Ready for commands.
[36m(DreamerWorker pid=121497)[0m ConnectHandler: Request from 127.0.0.1:38268 accepted
[36m(DreamerWorker pid=121497)[0m ReadyHandler: 127.0.0.1:38268 ready
[36m(DreamerWorker pid=121497)[0m Requesting to join a single player game
[36m(DreamerWorker pid=121497)[0m Configuring interface options
[36m(DreamerWorker pid=121497)[0m Configure: raw interface enabled
[36m(DreamerWorker pid=121497)[0m Configure: feature layer interface disabled
[36m(DreamerWorker pid=121497)[0m Configure: score interface disabled
[36m(DreamerWorker pid=121497)[0m Configure: render interface disabled
[36m(DreamerWorker pid=121497)[0m Launching next game.
[36m(DreamerWorker pid=121497)[0m Next launch phase started: 2
[36m(DreamerWorker pid=121497)[0m Next launch phase started: 3
[36m(DreamerWorker pid=121497)[0m Next launch phase started: 4
[36m(DreamerWorker pid=121497)[0m Next launch phase started: 5
[36m(DreamerWorker pid=121497)[0m Next launch phase started: 6
[36m(DreamerWorker pid=121497)[0m Next launch phase started: 7
[36m(DreamerWorker pid=121497)[0m Next launch phase started: 8
[36m(DreamerWorker pid=121497)[0m Game has started.
[36m(DreamerWorker pid=121497)[0m Using default stable ids, none found at: /home/razshmue/StarCraftII/stableid.json
[36m(DreamerWorker pid=121497)[0m Successfully loaded stable ids: GameData\stableid.json
[36m(DreamerWorker pid=121497)[0m Sending ResponseJoinGame
[36m(DreamerWorker pid=121497)[0m Deferred error: 536936448 (0x20010000)
[36m(DreamerWorker pid=121497)[0m Deferred error details: Bad profiling data. TimeMS: 9595278.000000 Conversion: 1.000000e-03
[36m(DreamerWorker pid=121492)[0m Version: B75689 (SC2.4.10)
[36m(DreamerWorker pid=121492)[0m Build: Aug 12 2019 17:16:57
[36m(DreamerWorker pid=121492)[0m Command Line: '"/home/razshmue/StarCraftII/Versions/Base75689/SC2_x64" -listen 127.0.0.1 -port 34177 -dataDir /home/razshmue/StarCraftII/ -tempDir /tmp/sc-e01qhixd/'
[36m(DreamerWorker pid=121492)[0m Starting up...
[36m(DreamerWorker pid=121492)[0m Startup Phase 1 complete
[36m(DreamerWorker pid=121492)[0m Startup Phase 2 complete
[36m(DreamerWorker pid=121492)[0m Creating stub renderer...
[36m(DreamerWorker pid=121492)[0m Listening on: 127.0.0.1:34177
[36m(DreamerWorker pid=121492)[0m Startup Phase 3 complete. Ready for commands.
[36m(DreamerWorker pid=121492)[0m ConnectHandler: Request from 127.0.0.1:55328 accepted
[36m(DreamerWorker pid=121492)[0m ReadyHandler: 127.0.0.1:55328 ready
[36m(DreamerWorker pid=121492)[0m Requesting to join a single player game
[36m(DreamerWorker pid=121492)[0m Configuring interface options
[36m(DreamerWorker pid=121492)[0m Configure: raw interface enabled
[36m(DreamerWorker pid=121492)[0m Configure: feature layer interface disabled
[36m(DreamerWorker pid=121492)[0m Configure: score interface disabled
[36m(DreamerWorker pid=121492)[0m Configure: render interface disabled
[36m(DreamerWorker pid=121492)[0m Launching next game.
[36m(DreamerWorker pid=121492)[0m Next launch phase started: 2
[36m(DreamerWorker pid=121492)[0m Next launch phase started: 3
[36m(DreamerWorker pid=121492)[0m Next launch phase started: 4
[36m(DreamerWorker pid=121492)[0m Next launch phase started: 5
[36m(DreamerWorker pid=121492)[0m Next launch phase started: 6
[36m(DreamerWorker pid=121492)[0m Next launch phase started: 7
[36m(DreamerWorker pid=121492)[0m Next launch phase started: 8
[36m(DreamerWorker pid=121492)[0m Game has started.
[36m(DreamerWorker pid=121492)[0m Using default stable ids, none found at: /home/razshmue/StarCraftII/stableid.json
[36m(DreamerWorker pid=121492)[0m Successfully loaded stable ids: GameData\stableid.json
[36m(DreamerWorker pid=121492)[0m Sending ResponseJoinGame
[36m(DreamerWorker pid=121492)[0m Deferred error: 536936448 (0x20010000)
[36m(DreamerWorker pid=121492)[0m Deferred error details: Bad profiling data. TimeMS: 9666878.000000 Conversion: 1.000000e-03
[36m(DreamerWorker pid=121497)[0m Version: B75689 (SC2.4.10)
[36m(DreamerWorker pid=121497)[0m Build: Aug 12 2019 17:16:57
[36m(DreamerWorker pid=121497)[0m Command Line: '"/home/razshmue/StarCraftII/Versions/Base75689/SC2_x64" -listen 127.0.0.1 -port 33673 -dataDir /home/razshmue/StarCraftII/ -tempDir /tmp/sc-qfhhlhwj/'
[36m(DreamerWorker pid=121497)[0m Starting up...
[36m(DreamerWorker pid=121497)[0m Startup Phase 1 complete
[36m(DreamerWorker pid=121497)[0m Startup Phase 2 complete
[36m(DreamerWorker pid=121497)[0m Creating stub renderer...
[36m(DreamerWorker pid=121497)[0m Listening on: 127.0.0.1:33673
[36m(DreamerWorker pid=121497)[0m Startup Phase 3 complete. Ready for commands.
[36m(DreamerWorker pid=121497)[0m ConnectHandler: Request from 127.0.0.1:53656 accepted
[36m(DreamerWorker pid=121497)[0m ReadyHandler: 127.0.0.1:53656 ready
[36m(DreamerWorker pid=121497)[0m Requesting to join a single player game
[36m(DreamerWorker pid=121497)[0m Configuring interface options
[36m(DreamerWorker pid=121497)[0m Configure: raw interface enabled
[36m(DreamerWorker pid=121497)[0m Configure: feature layer interface disabled
[36m(DreamerWorker pid=121497)[0m Configure: score interface disabled
[36m(DreamerWorker pid=121497)[0m Configure: render interface disabled
[36m(DreamerWorker pid=121497)[0m Launching next game.
[36m(DreamerWorker pid=121497)[0m Next launch phase started: 2
[36m(DreamerWorker pid=121497)[0m Next launch phase started: 3
[36m(DreamerWorker pid=121497)[0m Next launch phase started: 4
[36m(DreamerWorker pid=121497)[0m Next launch phase started: 5
[36m(DreamerWorker pid=121497)[0m Next launch phase started: 6
[36m(DreamerWorker pid=121497)[0m Next launch phase started: 7
[36m(DreamerWorker pid=121497)[0m Next launch phase started: 8
[36m(DreamerWorker pid=121497)[0m Game has started.
[36m(DreamerWorker pid=121497)[0m Using default stable ids, none found at: /home/razshmue/StarCraftII/stableid.json
[36m(DreamerWorker pid=121497)[0m Successfully loaded stable ids: GameData\stableid.json
[36m(DreamerWorker pid=121497)[0m Sending ResponseJoinGame
[36m(DreamerWorker pid=121492)[0m Version: B75689 (SC2.4.10)
[36m(DreamerWorker pid=121492)[0m Build: Aug 12 2019 17:16:57
[36m(DreamerWorker pid=121492)[0m Command Line: '"/home/razshmue/StarCraftII/Versions/Base75689/SC2_x64" -listen 127.0.0.1 -port 33031 -dataDir /home/razshmue/StarCraftII/ -tempDir /tmp/sc-vg0q5tqt/'
[36m(DreamerWorker pid=121492)[0m Starting up...
[36m(DreamerWorker pid=121492)[0m Startup Phase 1 complete
[36m(DreamerWorker pid=121492)[0m Startup Phase 2 complete
[36m(DreamerWorker pid=121492)[0m Creating stub renderer...
[36m(DreamerWorker pid=121492)[0m Listening on: 127.0.0.1:33031
[36m(DreamerWorker pid=121492)[0m Startup Phase 3 complete. Ready for commands.
[36m(DreamerWorker pid=121492)[0m ConnectHandler: Request from 127.0.0.1:50106 accepted
[36m(DreamerWorker pid=121492)[0m ReadyHandler: 127.0.0.1:50106 ready
[36m(DreamerWorker pid=121492)[0m Requesting to join a single player game
[36m(DreamerWorker pid=121492)[0m Configuring interface options
[36m(DreamerWorker pid=121492)[0m Configure: raw interface enabled
[36m(DreamerWorker pid=121492)[0m Configure: feature layer interface disabled
[36m(DreamerWorker pid=121492)[0m Configure: score interface disabled
[36m(DreamerWorker pid=121492)[0m Configure: render interface disabled
[36m(DreamerWorker pid=121492)[0m Launching next game.
[36m(DreamerWorker pid=121492)[0m Next launch phase started: 2
[36m(DreamerWorker pid=121492)[0m Next launch phase started: 3
[36m(DreamerWorker pid=121492)[0m Next launch phase started: 4
[36m(DreamerWorker pid=121492)[0m Next launch phase started: 5
[36m(DreamerWorker pid=121492)[0m Next launch phase started: 6
[36m(DreamerWorker pid=121492)[0m Next launch phase started: 7
[36m(DreamerWorker pid=121492)[0m Next launch phase started: 8
[36m(DreamerWorker pid=121492)[0m Game has started.
[36m(DreamerWorker pid=121492)[0m Using default stable ids, none found at: /home/razshmue/StarCraftII/stableid.json
[36m(DreamerWorker pid=121492)[0m Successfully loaded stable ids: GameData\stableid.json
[36m(DreamerWorker pid=121492)[0m Sending ResponseJoinGame
[36m(DreamerWorker pid=121497)[0m Version: B75689 (SC2.4.10)
[36m(DreamerWorker pid=121497)[0m Build: Aug 12 2019 17:16:57
[36m(DreamerWorker pid=121497)[0m Command Line: '"/home/razshmue/StarCraftII/Versions/Base75689/SC2_x64" -listen 127.0.0.1 -port 34839 -dataDir /home/razshmue/StarCraftII/ -tempDir /tmp/sc-_nshnx3x/'
[36m(DreamerWorker pid=121497)[0m Starting up...
[36m(DreamerWorker pid=121497)[0m Startup Phase 1 complete
[36m(DreamerWorker pid=121497)[0m Startup Phase 2 complete
[36m(DreamerWorker pid=121497)[0m Creating stub renderer...
[36m(DreamerWorker pid=121497)[0m Listening on: 127.0.0.1:34839
[36m(DreamerWorker pid=121497)[0m Startup Phase 3 complete. Ready for commands.
[36m(DreamerWorker pid=121497)[0m ConnectHandler: Request from 127.0.0.1:57206 accepted
[36m(DreamerWorker pid=121497)[0m ReadyHandler: 127.0.0.1:57206 ready
[36m(DreamerWorker pid=121497)[0m Requesting to join a single player game
[36m(DreamerWorker pid=121497)[0m Configuring interface options
[36m(DreamerWorker pid=121497)[0m Configure: raw interface enabled
[36m(DreamerWorker pid=121497)[0m Configure: feature layer interface disabled
[36m(DreamerWorker pid=121497)[0m Configure: score interface disabled
[36m(DreamerWorker pid=121497)[0m Configure: render interface disabled
[36m(DreamerWorker pid=121497)[0m Launching next game.
[36m(DreamerWorker pid=121497)[0m Next launch phase started: 2
[36m(DreamerWorker pid=121497)[0m Next launch phase started: 3
[36m(DreamerWorker pid=121497)[0m Next launch phase started: 4
[36m(DreamerWorker pid=121497)[0m Next launch phase started: 5
[36m(DreamerWorker pid=121497)[0m Next launch phase started: 6
[36m(DreamerWorker pid=121497)[0m Next launch phase started: 7
[36m(DreamerWorker pid=121497)[0m Next launch phase started: 8
[36m(DreamerWorker pid=121497)[0m Game has started.
[36m(DreamerWorker pid=121497)[0m Using default stable ids, none found at: /home/razshmue/StarCraftII/stableid.json
[36m(DreamerWorker pid=121497)[0m Successfully loaded stable ids: GameData\stableid.json
[36m(DreamerWorker pid=121497)[0m Sending ResponseJoinGame
[36m(DreamerWorker pid=121497)[0m Deferred error: 536936448 (0x20010000)
[36m(DreamerWorker pid=121497)[0m Deferred error details: Bad profiling data. TimeMS: 9648309.000000 Conversion: 1.000000e-03
[36m(DreamerWorker pid=121492)[0m Version: B75689 (SC2.4.10)
[36m(DreamerWorker pid=121492)[0m Build: Aug 12 2019 17:16:57
[36m(DreamerWorker pid=121492)[0m Command Line: '"/home/razshmue/StarCraftII/Versions/Base75689/SC2_x64" -listen 127.0.0.1 -port 41399 -dataDir /home/razshmue/StarCraftII/ -tempDir /tmp/sc-lmo9n9yv/'
[36m(DreamerWorker pid=121492)[0m Starting up...
[36m(DreamerWorker pid=121492)[0m Startup Phase 1 complete
[36m(DreamerWorker pid=121492)[0m Startup Phase 2 complete
[36m(DreamerWorker pid=121492)[0m Creating stub renderer...
[36m(DreamerWorker pid=121492)[0m Listening on: 127.0.0.1:41399
[36m(DreamerWorker pid=121492)[0m Startup Phase 3 complete. Ready for commands.
[36m(DreamerWorker pid=121492)[0m ConnectHandler: Request from 127.0.0.1:45368 accepted
[36m(DreamerWorker pid=121492)[0m ReadyHandler: 127.0.0.1:45368 ready
[36m(DreamerWorker pid=121492)[0m Requesting to join a single player game
[36m(DreamerWorker pid=121492)[0m Configuring interface options
[36m(DreamerWorker pid=121492)[0m Configure: raw interface enabled
[36m(DreamerWorker pid=121492)[0m Configure: feature layer interface disabled
[36m(DreamerWorker pid=121492)[0m Configure: score interface disabled
[36m(DreamerWorker pid=121492)[0m Configure: render interface disabled
[36m(DreamerWorker pid=121492)[0m Launching next game.
[36m(DreamerWorker pid=121492)[0m Next launch phase started: 2
[36m(DreamerWorker pid=121492)[0m Next launch phase started: 3
[36m(DreamerWorker pid=121492)[0m Next launch phase started: 4
[36m(DreamerWorker pid=121492)[0m Next launch phase started: 5
[36m(DreamerWorker pid=121492)[0m Next launch phase started: 6
[36m(DreamerWorker pid=121492)[0m Next launch phase started: 7
[36m(DreamerWorker pid=121492)[0m Next launch phase started: 8
[36m(DreamerWorker pid=121492)[0m Game has started.
[36m(DreamerWorker pid=121492)[0m Using default stable ids, none found at: /home/razshmue/StarCraftII/stableid.json
[36m(DreamerWorker pid=121492)[0m Successfully loaded stable ids: GameData\stableid.json
[36m(DreamerWorker pid=121492)[0m Sending ResponseJoinGame
[36m(DreamerWorker pid=121497)[0m Version: B75689 (SC2.4.10)
[36m(DreamerWorker pid=121497)[0m Build: Aug 12 2019 17:16:57
[36m(DreamerWorker pid=121497)[0m Command Line: '"/home/razshmue/StarCraftII/Versions/Base75689/SC2_x64" -listen 127.0.0.1 -port 39859 -dataDir /home/razshmue/StarCraftII/ -tempDir /tmp/sc-2v1kul3d/'
[36m(DreamerWorker pid=121497)[0m Starting up...
[36m(DreamerWorker pid=121497)[0m Startup Phase 1 complete
[36m(DreamerWorker pid=121497)[0m Startup Phase 2 complete
[36m(DreamerWorker pid=121497)[0m Creating stub renderer...
[36m(DreamerWorker pid=121497)[0m Listening on: 127.0.0.1:39859
[36m(DreamerWorker pid=121497)[0m Startup Phase 3 complete. Ready for commands.
[36m(DreamerWorker pid=121497)[0m ConnectHandler: Request from 127.0.0.1:47064 accepted
[36m(DreamerWorker pid=121497)[0m ReadyHandler: 127.0.0.1:47064 ready
[36m(DreamerWorker pid=121497)[0m Requesting to join a single player game
[36m(DreamerWorker pid=121497)[0m Configuring interface options
[36m(DreamerWorker pid=121497)[0m Configure: raw interface enabled
[36m(DreamerWorker pid=121497)[0m Configure: feature layer interface disabled
[36m(DreamerWorker pid=121497)[0m Configure: score interface disabled
[36m(DreamerWorker pid=121497)[0m Configure: render interface disabled
[36m(DreamerWorker pid=121497)[0m Launching next game.
[36m(DreamerWorker pid=121497)[0m Next launch phase started: 2
[36m(DreamerWorker pid=121497)[0m Next launch phase started: 3
[36m(DreamerWorker pid=121497)[0m Next launch phase started: 4
[36m(DreamerWorker pid=121497)[0m Next launch phase started: 5
[36m(DreamerWorker pid=121497)[0m Next launch phase started: 6
[36m(DreamerWorker pid=121497)[0m Next launch phase started: 7
[36m(DreamerWorker pid=121497)[0m Next launch phase started: 8
[36m(DreamerWorker pid=121497)[0m Game has started.
[36m(DreamerWorker pid=121497)[0m Using default stable ids, none found at: /home/razshmue/StarCraftII/stableid.json
[36m(DreamerWorker pid=121497)[0m Successfully loaded stable ids: GameData\stableid.json
[36m(DreamerWorker pid=121497)[0m Sending ResponseJoinGame
[36m(DreamerWorker pid=121497)[0m Deferred error: 536936448 (0x20010000)
[36m(DreamerWorker pid=121497)[0m Deferred error details: Bad profiling data. TimeMS: 9739217.000000 Conversion: 1.000000e-03
[36m(DreamerWorker pid=121492)[0m Version: B75689 (SC2.4.10)
[36m(DreamerWorker pid=121492)[0m Build: Aug 12 2019 17:16:57
[36m(DreamerWorker pid=121492)[0m Command Line: '"/home/razshmue/StarCraftII/Versions/Base75689/SC2_x64" -listen 127.0.0.1 -port 33665 -dataDir /home/razshmue/StarCraftII/ -tempDir /tmp/sc-19kb2ufx/'
[36m(DreamerWorker pid=121492)[0m Starting up...
[36m(DreamerWorker pid=121492)[0m Startup Phase 1 complete
[36m(DreamerWorker pid=121492)[0m Startup Phase 2 complete
[36m(DreamerWorker pid=121492)[0m Creating stub renderer...
[36m(DreamerWorker pid=121492)[0m Listening on: 127.0.0.1:33665
[36m(DreamerWorker pid=121492)[0m Startup Phase 3 complete. Ready for commands.
[36m(DreamerWorker pid=121492)[0m ConnectHandler: Request from 127.0.0.1:45232 accepted
[36m(DreamerWorker pid=121492)[0m ReadyHandler: 127.0.0.1:45232 ready
[36m(DreamerWorker pid=121492)[0m Requesting to join a single player game
[36m(DreamerWorker pid=121492)[0m Configuring interface options
[36m(DreamerWorker pid=121492)[0m Configure: raw interface enabled
[36m(DreamerWorker pid=121492)[0m Configure: feature layer interface disabled
[36m(DreamerWorker pid=121492)[0m Configure: score interface disabled
[36m(DreamerWorker pid=121492)[0m Configure: render interface disabled
[36m(DreamerWorker pid=121492)[0m Launching next game.
[36m(DreamerWorker pid=121492)[0m Next launch phase started: 2
[36m(DreamerWorker pid=121492)[0m Next launch phase started: 3
[36m(DreamerWorker pid=121492)[0m Next launch phase started: 4
[36m(DreamerWorker pid=121492)[0m Next launch phase started: 5
[36m(DreamerWorker pid=121492)[0m Next launch phase started: 6
[36m(DreamerWorker pid=121492)[0m Next launch phase started: 7
[36m(DreamerWorker pid=121492)[0m Next launch phase started: 8
[36m(DreamerWorker pid=121492)[0m Game has started.
[36m(DreamerWorker pid=121492)[0m Using default stable ids, none found at: /home/razshmue/StarCraftII/stableid.json
[36m(DreamerWorker pid=121492)[0m Successfully loaded stable ids: GameData\stableid.json
[36m(DreamerWorker pid=121492)[0m Sending ResponseJoinGame
[36m(DreamerWorker pid=121492)[0m Deferred error: 536936448 (0x20010000)
[36m(DreamerWorker pid=121492)[0m Deferred error details: Bad profiling data. TimeMS: 9643878.000000 Conversion: 1.000000e-03
[36m(DreamerWorker pid=121497)[0m Version: B75689 (SC2.4.10)
[36m(DreamerWorker pid=121497)[0m Build: Aug 12 2019 17:16:57
[36m(DreamerWorker pid=121497)[0m Command Line: '"/home/razshmue/StarCraftII/Versions/Base75689/SC2_x64" -listen 127.0.0.1 -port 32861 -dataDir /home/razshmue/StarCraftII/ -tempDir /tmp/sc-e24x9una/'
[36m(DreamerWorker pid=121497)[0m Starting up...
[36m(DreamerWorker pid=121497)[0m Startup Phase 1 complete
[36m(DreamerWorker pid=121497)[0m Startup Phase 2 complete
[36m(DreamerWorker pid=121497)[0m Creating stub renderer...
[36m(DreamerWorker pid=121497)[0m Listening on: 127.0.0.1:32861
[36m(DreamerWorker pid=121497)[0m Startup Phase 3 complete. Ready for commands.
[36m(DreamerWorker pid=121497)[0m ConnectHandler: Request from 127.0.0.1:44360 accepted
[36m(DreamerWorker pid=121497)[0m ReadyHandler: 127.0.0.1:44360 ready
[36m(DreamerWorker pid=121497)[0m Requesting to join a single player game
[36m(DreamerWorker pid=121497)[0m Configuring interface options
[36m(DreamerWorker pid=121497)[0m Configure: raw interface enabled
[36m(DreamerWorker pid=121497)[0m Configure: feature layer interface disabled
[36m(DreamerWorker pid=121497)[0m Configure: score interface disabled
[36m(DreamerWorker pid=121497)[0m Configure: render interface disabled
[36m(DreamerWorker pid=121497)[0m Launching next game.
[36m(DreamerWorker pid=121497)[0m Next launch phase started: 2
[36m(DreamerWorker pid=121497)[0m Next launch phase started: 3
[36m(DreamerWorker pid=121497)[0m Next launch phase started: 4
[36m(DreamerWorker pid=121497)[0m Next launch phase started: 5
[36m(DreamerWorker pid=121497)[0m Next launch phase started: 6
[36m(DreamerWorker pid=121497)[0m Next launch phase started: 7
[36m(DreamerWorker pid=121497)[0m Next launch phase started: 8
[36m(DreamerWorker pid=121497)[0m Game has started.
[36m(DreamerWorker pid=121497)[0m Using default stable ids, none found at: /home/razshmue/StarCraftII/stableid.json
[36m(DreamerWorker pid=121497)[0m Successfully loaded stable ids: GameData\stableid.json
[36m(DreamerWorker pid=121497)[0m Sending ResponseJoinGame
[36m(DreamerWorker pid=121492)[0m Version: B75689 (SC2.4.10)
[36m(DreamerWorker pid=121492)[0m Build: Aug 12 2019 17:16:57
[36m(DreamerWorker pid=121492)[0m Command Line: '"/home/razshmue/StarCraftII/Versions/Base75689/SC2_x64" -listen 127.0.0.1 -port 45343 -dataDir /home/razshmue/StarCraftII/ -tempDir /tmp/sc-8qwgv5qs/'
[36m(DreamerWorker pid=121492)[0m Starting up...
[36m(DreamerWorker pid=121492)[0m Startup Phase 1 complete
[36m(DreamerWorker pid=121492)[0m Startup Phase 2 complete
[36m(DreamerWorker pid=121492)[0m Creating stub renderer...
[36m(DreamerWorker pid=121492)[0m Listening on: 127.0.0.1:45343
[36m(DreamerWorker pid=121492)[0m Startup Phase 3 complete. Ready for commands.
[36m(DreamerWorker pid=121492)[0m ConnectHandler: Request from 127.0.0.1:53782 accepted
[36m(DreamerWorker pid=121492)[0m ReadyHandler: 127.0.0.1:53782 ready
[36m(DreamerWorker pid=121492)[0m Requesting to join a single player game
[36m(DreamerWorker pid=121492)[0m Configuring interface options
[36m(DreamerWorker pid=121492)[0m Configure: raw interface enabled
[36m(DreamerWorker pid=121492)[0m Configure: feature layer interface disabled
[36m(DreamerWorker pid=121492)[0m Configure: score interface disabled
[36m(DreamerWorker pid=121492)[0m Configure: render interface disabled
[36m(DreamerWorker pid=121492)[0m Launching next game.
[36m(DreamerWorker pid=121492)[0m Next launch phase started: 2
[36m(DreamerWorker pid=121492)[0m Next launch phase started: 3
[36m(DreamerWorker pid=121492)[0m Next launch phase started: 4
[36m(DreamerWorker pid=121492)[0m Next launch phase started: 5
[36m(DreamerWorker pid=121492)[0m Next launch phase started: 6
[36m(DreamerWorker pid=121492)[0m Next launch phase started: 7
[36m(DreamerWorker pid=121492)[0m Next launch phase started: 8
[36m(DreamerWorker pid=121492)[0m Game has started.
[36m(DreamerWorker pid=121492)[0m Using default stable ids, none found at: /home/razshmue/StarCraftII/stableid.json
[36m(DreamerWorker pid=121492)[0m Successfully loaded stable ids: GameData\stableid.json
[36m(DreamerWorker pid=121492)[0m Sending ResponseJoinGame
[36m(DreamerWorker pid=121492)[0m Deferred error: 536936448 (0x20010000)
[36m(DreamerWorker pid=121492)[0m Deferred error details: Bad profiling data. TimeMS: 9768564.000000 Conversion: 1.000000e-03
[36m(DreamerWorker pid=121497)[0m Version: B75689 (SC2.4.10)
[36m(DreamerWorker pid=121497)[0m Build: Aug 12 2019 17:16:57
[36m(DreamerWorker pid=121497)[0m Command Line: '"/home/razshmue/StarCraftII/Versions/Base75689/SC2_x64" -listen 127.0.0.1 -port 43199 -dataDir /home/razshmue/StarCraftII/ -tempDir /tmp/sc-e780toca/'
[36m(DreamerWorker pid=121497)[0m Starting up...
[36m(DreamerWorker pid=121497)[0m Startup Phase 1 complete
[36m(DreamerWorker pid=121497)[0m Startup Phase 2 complete
[36m(DreamerWorker pid=121497)[0m Creating stub renderer...
[36m(DreamerWorker pid=121497)[0m Listening on: 127.0.0.1:43199
[36m(DreamerWorker pid=121497)[0m Startup Phase 3 complete. Ready for commands.
[36m(DreamerWorker pid=121497)[0m ConnectHandler: Request from 127.0.0.1:36032 accepted
[36m(DreamerWorker pid=121497)[0m ReadyHandler: 127.0.0.1:36032 ready
[36m(DreamerWorker pid=121497)[0m Requesting to join a single player game
[36m(DreamerWorker pid=121497)[0m Configuring interface options
[36m(DreamerWorker pid=121497)[0m Configure: raw interface enabled
[36m(DreamerWorker pid=121497)[0m Configure: feature layer interface disabled
[36m(DreamerWorker pid=121497)[0m Configure: score interface disabled
[36m(DreamerWorker pid=121497)[0m Configure: render interface disabled
[36m(DreamerWorker pid=121497)[0m Launching next game.
[36m(DreamerWorker pid=121497)[0m Next launch phase started: 2
[36m(DreamerWorker pid=121497)[0m Next launch phase started: 3
[36m(DreamerWorker pid=121497)[0m Next launch phase started: 4
[36m(DreamerWorker pid=121497)[0m Next launch phase started: 5
[36m(DreamerWorker pid=121497)[0m Next launch phase started: 6
[36m(DreamerWorker pid=121497)[0m Next launch phase started: 7
[36m(DreamerWorker pid=121497)[0m Next launch phase started: 8
[36m(DreamerWorker pid=121497)[0m Game has started.
[36m(DreamerWorker pid=121497)[0m Using default stable ids, none found at: /home/razshmue/StarCraftII/stableid.json
[36m(DreamerWorker pid=121497)[0m Successfully loaded stable ids: GameData\stableid.json
[36m(DreamerWorker pid=121497)[0m Sending ResponseJoinGame
[36m(DreamerWorker pid=121492)[0m Version: B75689 (SC2.4.10)
[36m(DreamerWorker pid=121492)[0m Build: Aug 12 2019 17:16:57
[36m(DreamerWorker pid=121492)[0m Command Line: '"/home/razshmue/StarCraftII/Versions/Base75689/SC2_x64" -listen 127.0.0.1 -port 34145 -dataDir /home/razshmue/StarCraftII/ -tempDir /tmp/sc-4bd8k4lg/'
[36m(DreamerWorker pid=121492)[0m Starting up...
[36m(DreamerWorker pid=121492)[0m Startup Phase 1 complete
[36m(DreamerWorker pid=121492)[0m Startup Phase 2 complete
[36m(DreamerWorker pid=121492)[0m Creating stub renderer...
[36m(DreamerWorker pid=121492)[0m Listening on: 127.0.0.1:34145
[36m(DreamerWorker pid=121492)[0m Startup Phase 3 complete. Ready for commands.
[36m(DreamerWorker pid=121492)[0m ConnectHandler: Request from 127.0.0.1:41112 accepted
[36m(DreamerWorker pid=121492)[0m ReadyHandler: 127.0.0.1:41112 ready
[36m(DreamerWorker pid=121492)[0m Requesting to join a single player game
[36m(DreamerWorker pid=121492)[0m Configuring interface options
[36m(DreamerWorker pid=121492)[0m Configure: raw interface enabled
[36m(DreamerWorker pid=121492)[0m Configure: feature layer interface disabled
[36m(DreamerWorker pid=121492)[0m Configure: score interface disabled
[36m(DreamerWorker pid=121492)[0m Configure: render interface disabled
[36m(DreamerWorker pid=121492)[0m Launching next game.
[36m(DreamerWorker pid=121492)[0m Next launch phase started: 2
[36m(DreamerWorker pid=121492)[0m Next launch phase started: 3
[36m(DreamerWorker pid=121492)[0m Next launch phase started: 4
[36m(DreamerWorker pid=121492)[0m Next launch phase started: 5
[36m(DreamerWorker pid=121492)[0m Next launch phase started: 6
[36m(DreamerWorker pid=121492)[0m Next launch phase started: 7
[36m(DreamerWorker pid=121492)[0m Next launch phase started: 8
[36m(DreamerWorker pid=121492)[0m Game has started.
[36m(DreamerWorker pid=121492)[0m Using default stable ids, none found at: /home/razshmue/StarCraftII/stableid.json
[36m(DreamerWorker pid=121492)[0m Successfully loaded stable ids: GameData\stableid.json
[36m(DreamerWorker pid=121492)[0m Sending ResponseJoinGame
[36m(DreamerWorker pid=121497)[0m Version: B75689 (SC2.4.10)
[36m(DreamerWorker pid=121497)[0m Build: Aug 12 2019 17:16:57
[36m(DreamerWorker pid=121497)[0m Command Line: '"/home/razshmue/StarCraftII/Versions/Base75689/SC2_x64" -listen 127.0.0.1 -port 44005 -dataDir /home/razshmue/StarCraftII/ -tempDir /tmp/sc-sgaul74c/'
[36m(DreamerWorker pid=121497)[0m Starting up...
[36m(DreamerWorker pid=121497)[0m Startup Phase 1 complete
[36m(DreamerWorker pid=121497)[0m Startup Phase 2 complete
[36m(DreamerWorker pid=121497)[0m Creating stub renderer...
[36m(DreamerWorker pid=121497)[0m Listening on: 127.0.0.1:44005
[36m(DreamerWorker pid=121497)[0m Startup Phase 3 complete. Ready for commands.
[36m(DreamerWorker pid=121497)[0m ConnectHandler: Request from 127.0.0.1:53480 accepted
[36m(DreamerWorker pid=121497)[0m ReadyHandler: 127.0.0.1:53480 ready
[36m(DreamerWorker pid=121497)[0m Requesting to join a single player game
[36m(DreamerWorker pid=121497)[0m Configuring interface options
[36m(DreamerWorker pid=121497)[0m Configure: raw interface enabled
[36m(DreamerWorker pid=121497)[0m Configure: feature layer interface disabled
[36m(DreamerWorker pid=121497)[0m Configure: score interface disabled
[36m(DreamerWorker pid=121497)[0m Configure: render interface disabled
[36m(DreamerWorker pid=121497)[0m Launching next game.
[36m(DreamerWorker pid=121497)[0m Next launch phase started: 2
[36m(DreamerWorker pid=121497)[0m Next launch phase started: 3
[36m(DreamerWorker pid=121497)[0m Next launch phase started: 4
[36m(DreamerWorker pid=121497)[0m Next launch phase started: 5
[36m(DreamerWorker pid=121497)[0m Next launch phase started: 6
[36m(DreamerWorker pid=121497)[0m Next launch phase started: 7
[36m(DreamerWorker pid=121497)[0m Next launch phase started: 8
[36m(DreamerWorker pid=121497)[0m Game has started.
[36m(DreamerWorker pid=121497)[0m Using default stable ids, none found at: /home/razshmue/StarCraftII/stableid.json
[36m(DreamerWorker pid=121497)[0m Successfully loaded stable ids: GameData\stableid.json
[36m(DreamerWorker pid=121497)[0m Sending ResponseJoinGame
[36m(DreamerWorker pid=121492)[0m Version: B75689 (SC2.4.10)
[36m(DreamerWorker pid=121492)[0m Build: Aug 12 2019 17:16:57
[36m(DreamerWorker pid=121492)[0m Command Line: '"/home/razshmue/StarCraftII/Versions/Base75689/SC2_x64" -listen 127.0.0.1 -port 40683 -dataDir /home/razshmue/StarCraftII/ -tempDir /tmp/sc-bco2g55h/'
[36m(DreamerWorker pid=121492)[0m Starting up...
[36m(DreamerWorker pid=121492)[0m Startup Phase 1 complete
[36m(DreamerWorker pid=121492)[0m Startup Phase 2 complete
[36m(DreamerWorker pid=121492)[0m Creating stub renderer...
[36m(DreamerWorker pid=121492)[0m Listening on: 127.0.0.1:40683
[36m(DreamerWorker pid=121492)[0m Startup Phase 3 complete. Ready for commands.
[36m(DreamerWorker pid=121492)[0m ConnectHandler: Request from 127.0.0.1:54332 accepted
[36m(DreamerWorker pid=121492)[0m ReadyHandler: 127.0.0.1:54332 ready
[36m(DreamerWorker pid=121492)[0m Requesting to join a single player game
[36m(DreamerWorker pid=121492)[0m Configuring interface options
[36m(DreamerWorker pid=121492)[0m Configure: raw interface enabled
[36m(DreamerWorker pid=121492)[0m Configure: feature layer interface disabled
[36m(DreamerWorker pid=121492)[0m Configure: score interface disabled
[36m(DreamerWorker pid=121492)[0m Configure: render interface disabled
[36m(DreamerWorker pid=121492)[0m Launching next game.
[36m(DreamerWorker pid=121492)[0m Next launch phase started: 2
[36m(DreamerWorker pid=121492)[0m Next launch phase started: 3
[36m(DreamerWorker pid=121492)[0m Next launch phase started: 4
[36m(DreamerWorker pid=121492)[0m Next launch phase started: 5
[36m(DreamerWorker pid=121492)[0m Next launch phase started: 6
[36m(DreamerWorker pid=121492)[0m Next launch phase started: 7
[36m(DreamerWorker pid=121492)[0m Next launch phase started: 8
[36m(DreamerWorker pid=121492)[0m Game has started.
[36m(DreamerWorker pid=121492)[0m Using default stable ids, none found at: /home/razshmue/StarCraftII/stableid.json
[36m(DreamerWorker pid=121492)[0m Successfully loaded stable ids: GameData\stableid.json
[36m(DreamerWorker pid=121492)[0m Sending ResponseJoinGame
[36m(DreamerWorker pid=121497)[0m Version: B75689 (SC2.4.10)
[36m(DreamerWorker pid=121497)[0m Build: Aug 12 2019 17:16:57
[36m(DreamerWorker pid=121497)[0m Command Line: '"/home/razshmue/StarCraftII/Versions/Base75689/SC2_x64" -listen 127.0.0.1 -port 36835 -dataDir /home/razshmue/StarCraftII/ -tempDir /tmp/sc-1alzk4x_/'
[36m(DreamerWorker pid=121497)[0m Starting up...
[36m(DreamerWorker pid=121497)[0m Startup Phase 1 complete
[36m(DreamerWorker pid=121497)[0m Startup Phase 2 complete
[36m(DreamerWorker pid=121497)[0m Creating stub renderer...
[36m(DreamerWorker pid=121497)[0m Listening on: 127.0.0.1:36835
[36m(DreamerWorker pid=121497)[0m Startup Phase 3 complete. Ready for commands.
[36m(DreamerWorker pid=121497)[0m ConnectHandler: Request from 127.0.0.1:58334 accepted
[36m(DreamerWorker pid=121497)[0m ReadyHandler: 127.0.0.1:58334 ready
[36m(DreamerWorker pid=121497)[0m Requesting to join a single player game
[36m(DreamerWorker pid=121497)[0m Configuring interface options
[36m(DreamerWorker pid=121497)[0m Configure: raw interface enabled
[36m(DreamerWorker pid=121497)[0m Configure: feature layer interface disabled
[36m(DreamerWorker pid=121497)[0m Configure: score interface disabled
[36m(DreamerWorker pid=121497)[0m Configure: render interface disabled
[36m(DreamerWorker pid=121497)[0m Launching next game.
[36m(DreamerWorker pid=121497)[0m Next launch phase started: 2
[36m(DreamerWorker pid=121497)[0m Next launch phase started: 3
[36m(DreamerWorker pid=121497)[0m Next launch phase started: 4
[36m(DreamerWorker pid=121497)[0m Next launch phase started: 5
[36m(DreamerWorker pid=121497)[0m Next launch phase started: 6
[36m(DreamerWorker pid=121497)[0m Next launch phase started: 7
[36m(DreamerWorker pid=121497)[0m Next launch phase started: 8
[36m(DreamerWorker pid=121497)[0m Game has started.
[36m(DreamerWorker pid=121497)[0m Using default stable ids, none found at: /home/razshmue/StarCraftII/stableid.json
[36m(DreamerWorker pid=121497)[0m Successfully loaded stable ids: GameData\stableid.json
[36m(DreamerWorker pid=121497)[0m Sending ResponseJoinGame
[36m(DreamerWorker pid=121492)[0m Version: B75689 (SC2.4.10)
[36m(DreamerWorker pid=121492)[0m Build: Aug 12 2019 17:16:57
[36m(DreamerWorker pid=121492)[0m Command Line: '"/home/razshmue/StarCraftII/Versions/Base75689/SC2_x64" -listen 127.0.0.1 -port 45367 -dataDir /home/razshmue/StarCraftII/ -tempDir /tmp/sc-ntipx3ys/'
[36m(DreamerWorker pid=121492)[0m Starting up...
[36m(DreamerWorker pid=121492)[0m Startup Phase 1 complete
[36m(DreamerWorker pid=121492)[0m Startup Phase 2 complete
[36m(DreamerWorker pid=121492)[0m Creating stub renderer...
[36m(DreamerWorker pid=121492)[0m Listening on: 127.0.0.1:45367
[36m(DreamerWorker pid=121492)[0m Startup Phase 3 complete. Ready for commands.
[36m(DreamerWorker pid=121492)[0m ConnectHandler: Request from 127.0.0.1:39720 accepted
[36m(DreamerWorker pid=121492)[0m ReadyHandler: 127.0.0.1:39720 ready
[36m(DreamerWorker pid=121492)[0m Requesting to join a single player game
[36m(DreamerWorker pid=121492)[0m Configuring interface options
[36m(DreamerWorker pid=121492)[0m Configure: raw interface enabled
[36m(DreamerWorker pid=121492)[0m Configure: feature layer interface disabled
[36m(DreamerWorker pid=121492)[0m Configure: score interface disabled
[36m(DreamerWorker pid=121492)[0m Configure: render interface disabled
[36m(DreamerWorker pid=121492)[0m Launching next game.
[36m(DreamerWorker pid=121492)[0m Next launch phase started: 2
[36m(DreamerWorker pid=121492)[0m Next launch phase started: 3
[36m(DreamerWorker pid=121492)[0m Next launch phase started: 4
[36m(DreamerWorker pid=121492)[0m Next launch phase started: 5
[36m(DreamerWorker pid=121492)[0m Next launch phase started: 6
[36m(DreamerWorker pid=121492)[0m Next launch phase started: 7
[36m(DreamerWorker pid=121492)[0m Next launch phase started: 8
[36m(DreamerWorker pid=121492)[0m Game has started.
[36m(DreamerWorker pid=121492)[0m Using default stable ids, none found at: /home/razshmue/StarCraftII/stableid.json
[36m(DreamerWorker pid=121492)[0m Successfully loaded stable ids: GameData\stableid.json
[36m(DreamerWorker pid=121492)[0m Sending ResponseJoinGame
[36m(DreamerWorker pid=121492)[0m Deferred error: 536936448 (0x20010000)
[36m(DreamerWorker pid=121492)[0m Deferred error details: Bad profiling data. TimeMS: 9849864.000000 Conversion: 1.000000e-03
[36m(DreamerWorker pid=121497)[0m Version: B75689 (SC2.4.10)
[36m(DreamerWorker pid=121497)[0m Build: Aug 12 2019 17:16:57
[36m(DreamerWorker pid=121497)[0m Command Line: '"/home/razshmue/StarCraftII/Versions/Base75689/SC2_x64" -listen 127.0.0.1 -port 43297 -dataDir /home/razshmue/StarCraftII/ -tempDir /tmp/sc-ylqeppog/'
[36m(DreamerWorker pid=121497)[0m Starting up...
[36m(DreamerWorker pid=121497)[0m Startup Phase 1 complete
[36m(DreamerWorker pid=121497)[0m Startup Phase 2 complete
[36m(DreamerWorker pid=121497)[0m Creating stub renderer...
[36m(DreamerWorker pid=121497)[0m Listening on: 127.0.0.1:43297
[36m(DreamerWorker pid=121497)[0m Startup Phase 3 complete. Ready for commands.
[36m(DreamerWorker pid=121497)[0m ConnectHandler: Request from 127.0.0.1:48636 accepted
[36m(DreamerWorker pid=121497)[0m ReadyHandler: 127.0.0.1:48636 ready
[36m(DreamerWorker pid=121497)[0m Requesting to join a single player game
[36m(DreamerWorker pid=121497)[0m Configuring interface options
[36m(DreamerWorker pid=121497)[0m Configure: raw interface enabled
[36m(DreamerWorker pid=121497)[0m Configure: feature layer interface disabled
[36m(DreamerWorker pid=121497)[0m Configure: score interface disabled
[36m(DreamerWorker pid=121497)[0m Configure: render interface disabled
[36m(DreamerWorker pid=121497)[0m Launching next game.
[36m(DreamerWorker pid=121497)[0m Next launch phase started: 2
[36m(DreamerWorker pid=121497)[0m Next launch phase started: 3
[36m(DreamerWorker pid=121497)[0m Next launch phase started: 4
[36m(DreamerWorker pid=121497)[0m Next launch phase started: 5
[36m(DreamerWorker pid=121497)[0m Next launch phase started: 6
[36m(DreamerWorker pid=121497)[0m Next launch phase started: 7
[36m(DreamerWorker pid=121497)[0m Next launch phase started: 8
[36m(DreamerWorker pid=121497)[0m Game has started.
[36m(DreamerWorker pid=121497)[0m Using default stable ids, none found at: /home/razshmue/StarCraftII/stableid.json
[36m(DreamerWorker pid=121497)[0m Successfully loaded stable ids: GameData\stableid.json
[36m(DreamerWorker pid=121497)[0m Sending ResponseJoinGame
[36m(DreamerWorker pid=121492)[0m Version: B75689 (SC2.4.10)
[36m(DreamerWorker pid=121492)[0m Build: Aug 12 2019 17:16:57
[36m(DreamerWorker pid=121492)[0m Command Line: '"/home/razshmue/StarCraftII/Versions/Base75689/SC2_x64" -listen 127.0.0.1 -port 33685 -dataDir /home/razshmue/StarCraftII/ -tempDir /tmp/sc-41n968_y/'
[36m(DreamerWorker pid=121492)[0m Starting up...
[36m(DreamerWorker pid=121492)[0m Startup Phase 1 complete
[36m(DreamerWorker pid=121492)[0m Startup Phase 2 complete
[36m(DreamerWorker pid=121492)[0m Creating stub renderer...
[36m(DreamerWorker pid=121492)[0m Listening on: 127.0.0.1:33685
[36m(DreamerWorker pid=121492)[0m Startup Phase 3 complete. Ready for commands.
[36m(DreamerWorker pid=121492)[0m ConnectHandler: Request from 127.0.0.1:49374 accepted
[36m(DreamerWorker pid=121492)[0m ReadyHandler: 127.0.0.1:49374 ready
[36m(DreamerWorker pid=121492)[0m Requesting to join a single player game
[36m(DreamerWorker pid=121492)[0m Configuring interface options
[36m(DreamerWorker pid=121492)[0m Configure: raw interface enabled
[36m(DreamerWorker pid=121492)[0m Configure: feature layer interface disabled
[36m(DreamerWorker pid=121492)[0m Configure: score interface disabled
[36m(DreamerWorker pid=121492)[0m Configure: render interface disabled
[36m(DreamerWorker pid=121492)[0m Launching next game.
[36m(DreamerWorker pid=121492)[0m Next launch phase started: 2
[36m(DreamerWorker pid=121492)[0m Next launch phase started: 3
[36m(DreamerWorker pid=121492)[0m Next launch phase started: 4
[36m(DreamerWorker pid=121492)[0m Next launch phase started: 5
[36m(DreamerWorker pid=121492)[0m Next launch phase started: 6
[36m(DreamerWorker pid=121492)[0m Next launch phase started: 7
[36m(DreamerWorker pid=121492)[0m Next launch phase started: 8
[36m(DreamerWorker pid=121492)[0m Game has started.
[36m(DreamerWorker pid=121492)[0m Using default stable ids, none found at: /home/razshmue/StarCraftII/stableid.json
[36m(DreamerWorker pid=121492)[0m Successfully loaded stable ids: GameData\stableid.json
[36m(DreamerWorker pid=121492)[0m Sending ResponseJoinGame
[36m(DreamerWorker pid=121497)[0m Version: B75689 (SC2.4.10)
[36m(DreamerWorker pid=121497)[0m Build: Aug 12 2019 17:16:57
[36m(DreamerWorker pid=121497)[0m Command Line: '"/home/razshmue/StarCraftII/Versions/Base75689/SC2_x64" -listen 127.0.0.1 -port 38619 -dataDir /home/razshmue/StarCraftII/ -tempDir /tmp/sc-05wew3at/'
[36m(DreamerWorker pid=121497)[0m Starting up...
[36m(DreamerWorker pid=121497)[0m Startup Phase 1 complete
[36m(DreamerWorker pid=121497)[0m Startup Phase 2 complete
[36m(DreamerWorker pid=121497)[0m Creating stub renderer...
[36m(DreamerWorker pid=121497)[0m Listening on: 127.0.0.1:38619
[36m(DreamerWorker pid=121497)[0m Startup Phase 3 complete. Ready for commands.
[36m(DreamerWorker pid=121497)[0m ConnectHandler: Request from 127.0.0.1:42324 accepted
[36m(DreamerWorker pid=121497)[0m ReadyHandler: 127.0.0.1:42324 ready
[36m(DreamerWorker pid=121497)[0m Requesting to join a single player game
[36m(DreamerWorker pid=121497)[0m Configuring interface options
[36m(DreamerWorker pid=121497)[0m Configure: raw interface enabled
[36m(DreamerWorker pid=121497)[0m Configure: feature layer interface disabled
[36m(DreamerWorker pid=121497)[0m Configure: score interface disabled
[36m(DreamerWorker pid=121497)[0m Configure: render interface disabled
[36m(DreamerWorker pid=121497)[0m Launching next game.
[36m(DreamerWorker pid=121497)[0m Next launch phase started: 2
[36m(DreamerWorker pid=121497)[0m Next launch phase started: 3
[36m(DreamerWorker pid=121497)[0m Next launch phase started: 4
[36m(DreamerWorker pid=121497)[0m Next launch phase started: 5
[36m(DreamerWorker pid=121497)[0m Next launch phase started: 6
[36m(DreamerWorker pid=121497)[0m Next launch phase started: 7
[36m(DreamerWorker pid=121497)[0m Next launch phase started: 8
[36m(DreamerWorker pid=121497)[0m Game has started.
[36m(DreamerWorker pid=121497)[0m Using default stable ids, none found at: /home/razshmue/StarCraftII/stableid.json
[36m(DreamerWorker pid=121497)[0m Successfully loaded stable ids: GameData\stableid.json
[36m(DreamerWorker pid=121497)[0m Sending ResponseJoinGame
[36m(DreamerWorker pid=121492)[0m Version: B75689 (SC2.4.10)
[36m(DreamerWorker pid=121492)[0m Build: Aug 12 2019 17:16:57
[36m(DreamerWorker pid=121492)[0m Command Line: '"/home/razshmue/StarCraftII/Versions/Base75689/SC2_x64" -listen 127.0.0.1 -port 43865 -dataDir /home/razshmue/StarCraftII/ -tempDir /tmp/sc-8zn3tzhv/'
[36m(DreamerWorker pid=121492)[0m Starting up...
[36m(DreamerWorker pid=121492)[0m Startup Phase 1 complete
[36m(DreamerWorker pid=121492)[0m Startup Phase 2 complete
[36m(DreamerWorker pid=121492)[0m Creating stub renderer...
[36m(DreamerWorker pid=121492)[0m Listening on: 127.0.0.1:43865
[36m(DreamerWorker pid=121492)[0m Startup Phase 3 complete. Ready for commands.
[36m(DreamerWorker pid=121492)[0m ConnectHandler: Request from 127.0.0.1:59276 accepted
[36m(DreamerWorker pid=121492)[0m ReadyHandler: 127.0.0.1:59276 ready
[36m(DreamerWorker pid=121492)[0m Requesting to join a single player game
[36m(DreamerWorker pid=121492)[0m Configuring interface options
[36m(DreamerWorker pid=121492)[0m Configure: raw interface enabled
[36m(DreamerWorker pid=121492)[0m Configure: feature layer interface disabled
[36m(DreamerWorker pid=121492)[0m Configure: score interface disabled
[36m(DreamerWorker pid=121492)[0m Configure: render interface disabled
[36m(DreamerWorker pid=121492)[0m Launching next game.
[36m(DreamerWorker pid=121492)[0m Next launch phase started: 2
[36m(DreamerWorker pid=121492)[0m Next launch phase started: 3
[36m(DreamerWorker pid=121492)[0m Next launch phase started: 4
[36m(DreamerWorker pid=121492)[0m Next launch phase started: 5
[36m(DreamerWorker pid=121492)[0m Next launch phase started: 6
[36m(DreamerWorker pid=121492)[0m Next launch phase started: 7
[36m(DreamerWorker pid=121492)[0m Next launch phase started: 8
[36m(DreamerWorker pid=121492)[0m Game has started.
[36m(DreamerWorker pid=121492)[0m Using default stable ids, none found at: /home/razshmue/StarCraftII/stableid.json
[36m(DreamerWorker pid=121492)[0m Successfully loaded stable ids: GameData\stableid.json
[36m(DreamerWorker pid=121492)[0m Sending ResponseJoinGame
[36m(DreamerWorker pid=121497)[0m Version: B75689 (SC2.4.10)
[36m(DreamerWorker pid=121497)[0m Build: Aug 12 2019 17:16:57
[36m(DreamerWorker pid=121497)[0m Command Line: '"/home/razshmue/StarCraftII/Versions/Base75689/SC2_x64" -listen 127.0.0.1 -port 39029 -dataDir /home/razshmue/StarCraftII/ -tempDir /tmp/sc-o0jm54cw/'
[36m(DreamerWorker pid=121497)[0m Starting up...
[36m(DreamerWorker pid=121497)[0m Startup Phase 1 complete
[36m(DreamerWorker pid=121497)[0m Startup Phase 2 complete
[36m(DreamerWorker pid=121497)[0m Creating stub renderer...
[36m(DreamerWorker pid=121497)[0m Listening on: 127.0.0.1:39029
[36m(DreamerWorker pid=121497)[0m Startup Phase 3 complete. Ready for commands.
[36m(DreamerWorker pid=121497)[0m ConnectHandler: Request from 127.0.0.1:58140 accepted
[36m(DreamerWorker pid=121497)[0m ReadyHandler: 127.0.0.1:58140 ready
[36m(DreamerWorker pid=121497)[0m Requesting to join a single player game
[36m(DreamerWorker pid=121497)[0m Configuring interface options
[36m(DreamerWorker pid=121497)[0m Configure: raw interface enabled
[36m(DreamerWorker pid=121497)[0m Configure: feature layer interface disabled
[36m(DreamerWorker pid=121497)[0m Configure: score interface disabled
[36m(DreamerWorker pid=121497)[0m Configure: render interface disabled
[36m(DreamerWorker pid=121497)[0m Launching next game.
[36m(DreamerWorker pid=121497)[0m Next launch phase started: 2
[36m(DreamerWorker pid=121497)[0m Next launch phase started: 3
[36m(DreamerWorker pid=121497)[0m Next launch phase started: 4
[36m(DreamerWorker pid=121497)[0m Next launch phase started: 5
[36m(DreamerWorker pid=121497)[0m Next launch phase started: 6
[36m(DreamerWorker pid=121497)[0m Next launch phase started: 7
[36m(DreamerWorker pid=121497)[0m Next launch phase started: 8
[36m(DreamerWorker pid=121497)[0m Game has started.
[36m(DreamerWorker pid=121497)[0m Using default stable ids, none found at: /home/razshmue/StarCraftII/stableid.json
[36m(DreamerWorker pid=121497)[0m Successfully loaded stable ids: GameData\stableid.json
[36m(DreamerWorker pid=121497)[0m Sending ResponseJoinGame
[36m(DreamerWorker pid=121492)[0m Version: B75689 (SC2.4.10)
[36m(DreamerWorker pid=121492)[0m Build: Aug 12 2019 17:16:57
[36m(DreamerWorker pid=121492)[0m Command Line: '"/home/razshmue/StarCraftII/Versions/Base75689/SC2_x64" -listen 127.0.0.1 -port 36383 -dataDir /home/razshmue/StarCraftII/ -tempDir /tmp/sc-edlw7g34/'
[36m(DreamerWorker pid=121492)[0m Starting up...
[36m(DreamerWorker pid=121492)[0m Startup Phase 1 complete
[36m(DreamerWorker pid=121492)[0m Startup Phase 2 complete
[36m(DreamerWorker pid=121492)[0m Creating stub renderer...
[36m(DreamerWorker pid=121492)[0m Listening on: 127.0.0.1:36383
[36m(DreamerWorker pid=121492)[0m Startup Phase 3 complete. Ready for commands.
[36m(DreamerWorker pid=121492)[0m ConnectHandler: Request from 127.0.0.1:34682 accepted
[36m(DreamerWorker pid=121492)[0m ReadyHandler: 127.0.0.1:34682 ready
[36m(DreamerWorker pid=121492)[0m Requesting to join a single player game
[36m(DreamerWorker pid=121492)[0m Configuring interface options
[36m(DreamerWorker pid=121492)[0m Configure: raw interface enabled
[36m(DreamerWorker pid=121492)[0m Configure: feature layer interface disabled
[36m(DreamerWorker pid=121492)[0m Configure: score interface disabled
[36m(DreamerWorker pid=121492)[0m Configure: render interface disabled
[36m(DreamerWorker pid=121492)[0m Launching next game.
[36m(DreamerWorker pid=121492)[0m Next launch phase started: 2
[36m(DreamerWorker pid=121492)[0m Next launch phase started: 3
[36m(DreamerWorker pid=121492)[0m Next launch phase started: 4
[36m(DreamerWorker pid=121492)[0m Next launch phase started: 5
[36m(DreamerWorker pid=121492)[0m Next launch phase started: 6
[36m(DreamerWorker pid=121492)[0m Next launch phase started: 7
[36m(DreamerWorker pid=121492)[0m Next launch phase started: 8
[36m(DreamerWorker pid=121492)[0m Game has started.
[36m(DreamerWorker pid=121492)[0m Using default stable ids, none found at: /home/razshmue/StarCraftII/stableid.json
[36m(DreamerWorker pid=121492)[0m Successfully loaded stable ids: GameData\stableid.json
[36m(DreamerWorker pid=121492)[0m Sending ResponseJoinGame
[36m(DreamerWorker pid=121497)[0m Version: B75689 (SC2.4.10)
[36m(DreamerWorker pid=121497)[0m Build: Aug 12 2019 17:16:57
[36m(DreamerWorker pid=121497)[0m Command Line: '"/home/razshmue/StarCraftII/Versions/Base75689/SC2_x64" -listen 127.0.0.1 -port 33261 -dataDir /home/razshmue/StarCraftII/ -tempDir /tmp/sc-hp15plkm/'
[36m(DreamerWorker pid=121497)[0m Starting up...
[36m(DreamerWorker pid=121497)[0m Startup Phase 1 complete
[36m(DreamerWorker pid=121497)[0m Startup Phase 2 complete
[36m(DreamerWorker pid=121497)[0m Creating stub renderer...
[36m(DreamerWorker pid=121497)[0m Listening on: 127.0.0.1:33261
[36m(DreamerWorker pid=121497)[0m Startup Phase 3 complete. Ready for commands.
[36m(DreamerWorker pid=121497)[0m ConnectHandler: Request from 127.0.0.1:36990 accepted
[36m(DreamerWorker pid=121497)[0m ReadyHandler: 127.0.0.1:36990 ready
[36m(DreamerWorker pid=121497)[0m Requesting to join a single player game
[36m(DreamerWorker pid=121497)[0m Configuring interface options
[36m(DreamerWorker pid=121497)[0m Configure: raw interface enabled
[36m(DreamerWorker pid=121497)[0m Configure: feature layer interface disabled
[36m(DreamerWorker pid=121497)[0m Configure: score interface disabled
[36m(DreamerWorker pid=121497)[0m Configure: render interface disabled
[36m(DreamerWorker pid=121497)[0m Launching next game.
[36m(DreamerWorker pid=121497)[0m Next launch phase started: 2
[36m(DreamerWorker pid=121497)[0m Next launch phase started: 3
[36m(DreamerWorker pid=121497)[0m Next launch phase started: 4
[36m(DreamerWorker pid=121497)[0m Next launch phase started: 5
[36m(DreamerWorker pid=121497)[0m Next launch phase started: 6
[36m(DreamerWorker pid=121497)[0m Next launch phase started: 7
[36m(DreamerWorker pid=121497)[0m Next launch phase started: 8
[36m(DreamerWorker pid=121497)[0m Game has started.
[36m(DreamerWorker pid=121497)[0m Using default stable ids, none found at: /home/razshmue/StarCraftII/stableid.json
[36m(DreamerWorker pid=121497)[0m Successfully loaded stable ids: GameData\stableid.json
[36m(DreamerWorker pid=121497)[0m Sending ResponseJoinGame
[36m(DreamerWorker pid=121492)[0m Version: B75689 (SC2.4.10)
[36m(DreamerWorker pid=121492)[0m Build: Aug 12 2019 17:16:57
[36m(DreamerWorker pid=121492)[0m Command Line: '"/home/razshmue/StarCraftII/Versions/Base75689/SC2_x64" -listen 127.0.0.1 -port 45635 -dataDir /home/razshmue/StarCraftII/ -tempDir /tmp/sc-0sn92o1m/'
[36m(DreamerWorker pid=121492)[0m Starting up...
[36m(DreamerWorker pid=121492)[0m Startup Phase 1 complete
[36m(DreamerWorker pid=121492)[0m Startup Phase 2 complete
[36m(DreamerWorker pid=121492)[0m Creating stub renderer...
[36m(DreamerWorker pid=121492)[0m Listening on: 127.0.0.1:45635
[36m(DreamerWorker pid=121492)[0m Startup Phase 3 complete. Ready for commands.
[36m(DreamerWorker pid=121492)[0m ConnectHandler: Request from 127.0.0.1:57400 accepted
[36m(DreamerWorker pid=121492)[0m ReadyHandler: 127.0.0.1:57400 ready
[36m(DreamerWorker pid=121492)[0m Requesting to join a single player game
[36m(DreamerWorker pid=121492)[0m Configuring interface options
[36m(DreamerWorker pid=121492)[0m Configure: raw interface enabled
[36m(DreamerWorker pid=121492)[0m Configure: feature layer interface disabled
[36m(DreamerWorker pid=121492)[0m Configure: score interface disabled
[36m(DreamerWorker pid=121492)[0m Configure: render interface disabled
[36m(DreamerWorker pid=121492)[0m Launching next game.
[36m(DreamerWorker pid=121492)[0m Next launch phase started: 2
[36m(DreamerWorker pid=121492)[0m Next launch phase started: 3
[36m(DreamerWorker pid=121492)[0m Next launch phase started: 4
[36m(DreamerWorker pid=121492)[0m Next launch phase started: 5
[36m(DreamerWorker pid=121492)[0m Next launch phase started: 6
[36m(DreamerWorker pid=121492)[0m Next launch phase started: 7
[36m(DreamerWorker pid=121492)[0m Next launch phase started: 8
[36m(DreamerWorker pid=121492)[0m Game has started.
[36m(DreamerWorker pid=121492)[0m Using default stable ids, none found at: /home/razshmue/StarCraftII/stableid.json
[36m(DreamerWorker pid=121492)[0m Successfully loaded stable ids: GameData\stableid.json
[36m(DreamerWorker pid=121492)[0m Sending ResponseJoinGame
[36m(DreamerWorker pid=121497)[0m Version: B75689 (SC2.4.10)
[36m(DreamerWorker pid=121497)[0m Build: Aug 12 2019 17:16:57
[36m(DreamerWorker pid=121497)[0m Command Line: '"/home/razshmue/StarCraftII/Versions/Base75689/SC2_x64" -listen 127.0.0.1 -port 36627 -dataDir /home/razshmue/StarCraftII/ -tempDir /tmp/sc-5zzv2sh_/'
[36m(DreamerWorker pid=121497)[0m Starting up...
[36m(DreamerWorker pid=121497)[0m Startup Phase 1 complete
[36m(DreamerWorker pid=121497)[0m Startup Phase 2 complete
[36m(DreamerWorker pid=121497)[0m Creating stub renderer...
[36m(DreamerWorker pid=121497)[0m Listening on: 127.0.0.1:36627
[36m(DreamerWorker pid=121497)[0m Startup Phase 3 complete. Ready for commands.
[36m(DreamerWorker pid=121497)[0m ConnectHandler: Request from 127.0.0.1:47332 accepted
[36m(DreamerWorker pid=121497)[0m ReadyHandler: 127.0.0.1:47332 ready
[36m(DreamerWorker pid=121497)[0m Requesting to join a single player game
[36m(DreamerWorker pid=121497)[0m Configuring interface options
[36m(DreamerWorker pid=121497)[0m Configure: raw interface enabled
[36m(DreamerWorker pid=121497)[0m Configure: feature layer interface disabled
[36m(DreamerWorker pid=121497)[0m Configure: score interface disabled
[36m(DreamerWorker pid=121497)[0m Configure: render interface disabled
[36m(DreamerWorker pid=121497)[0m Launching next game.
[36m(DreamerWorker pid=121497)[0m Next launch phase started: 2
[36m(DreamerWorker pid=121497)[0m Next launch phase started: 3
[36m(DreamerWorker pid=121497)[0m Next launch phase started: 4
[36m(DreamerWorker pid=121497)[0m Next launch phase started: 5
[36m(DreamerWorker pid=121497)[0m Next launch phase started: 6
[36m(DreamerWorker pid=121497)[0m Next launch phase started: 7
[36m(DreamerWorker pid=121497)[0m Next launch phase started: 8
[36m(DreamerWorker pid=121497)[0m Game has started.
[36m(DreamerWorker pid=121497)[0m Using default stable ids, none found at: /home/razshmue/StarCraftII/stableid.json
[36m(DreamerWorker pid=121497)[0m Successfully loaded stable ids: GameData\stableid.json
[36m(DreamerWorker pid=121497)[0m Sending ResponseJoinGame
[36m(DreamerWorker pid=121492)[0m Version: B75689 (SC2.4.10)
[36m(DreamerWorker pid=121492)[0m Build: Aug 12 2019 17:16:57
[36m(DreamerWorker pid=121492)[0m Command Line: '"/home/razshmue/StarCraftII/Versions/Base75689/SC2_x64" -listen 127.0.0.1 -port 34283 -dataDir /home/razshmue/StarCraftII/ -tempDir /tmp/sc-el9x628j/'
[36m(DreamerWorker pid=121492)[0m Starting up...
[36m(DreamerWorker pid=121492)[0m Startup Phase 1 complete
[36m(DreamerWorker pid=121492)[0m Startup Phase 2 complete
[36m(DreamerWorker pid=121492)[0m Creating stub renderer...
[36m(DreamerWorker pid=121492)[0m Listening on: 127.0.0.1:34283
[36m(DreamerWorker pid=121492)[0m Startup Phase 3 complete. Ready for commands.
[36m(DreamerWorker pid=121492)[0m ConnectHandler: Request from 127.0.0.1:53982 accepted
[36m(DreamerWorker pid=121492)[0m ReadyHandler: 127.0.0.1:53982 ready
[36m(DreamerWorker pid=121492)[0m Requesting to join a single player game
[36m(DreamerWorker pid=121492)[0m Configuring interface options
[36m(DreamerWorker pid=121492)[0m Configure: raw interface enabled
[36m(DreamerWorker pid=121492)[0m Configure: feature layer interface disabled
[36m(DreamerWorker pid=121492)[0m Configure: score interface disabled
[36m(DreamerWorker pid=121492)[0m Configure: render interface disabled
[36m(DreamerWorker pid=121492)[0m Launching next game.
[36m(DreamerWorker pid=121492)[0m Next launch phase started: 2
[36m(DreamerWorker pid=121492)[0m Next launch phase started: 3
[36m(DreamerWorker pid=121492)[0m Next launch phase started: 4
[36m(DreamerWorker pid=121492)[0m Next launch phase started: 5
[36m(DreamerWorker pid=121492)[0m Next launch phase started: 6
[36m(DreamerWorker pid=121492)[0m Next launch phase started: 7
[36m(DreamerWorker pid=121492)[0m Next launch phase started: 8
[36m(DreamerWorker pid=121492)[0m Game has started.
[36m(DreamerWorker pid=121492)[0m Using default stable ids, none found at: /home/razshmue/StarCraftII/stableid.json
[36m(DreamerWorker pid=121492)[0m Successfully loaded stable ids: GameData\stableid.json
[36m(DreamerWorker pid=121492)[0m Sending ResponseJoinGame
[36m(DreamerWorker pid=121492)[0m Deferred error: 536936448 (0x20010000)
[36m(DreamerWorker pid=121492)[0m Deferred error details: Bad profiling data. TimeMS: 9857404.000000 Conversion: 1.000000e-03
[36m(DreamerWorker pid=121497)[0m Version: B75689 (SC2.4.10)
[36m(DreamerWorker pid=121497)[0m Build: Aug 12 2019 17:16:57
[36m(DreamerWorker pid=121497)[0m Command Line: '"/home/razshmue/StarCraftII/Versions/Base75689/SC2_x64" -listen 127.0.0.1 -port 38911 -dataDir /home/razshmue/StarCraftII/ -tempDir /tmp/sc-ndjb13_r/'
[36m(DreamerWorker pid=121497)[0m Starting up...
[36m(DreamerWorker pid=121497)[0m Startup Phase 1 complete
[36m(DreamerWorker pid=121497)[0m Startup Phase 2 complete
[36m(DreamerWorker pid=121497)[0m Creating stub renderer...
[36m(DreamerWorker pid=121497)[0m Listening on: 127.0.0.1:38911
[36m(DreamerWorker pid=121497)[0m Startup Phase 3 complete. Ready for commands.
[36m(DreamerWorker pid=121497)[0m ConnectHandler: Request from 127.0.0.1:52922 accepted
[36m(DreamerWorker pid=121497)[0m ReadyHandler: 127.0.0.1:52922 ready
[36m(DreamerWorker pid=121497)[0m Requesting to join a single player game
[36m(DreamerWorker pid=121497)[0m Configuring interface options
[36m(DreamerWorker pid=121497)[0m Configure: raw interface enabled
[36m(DreamerWorker pid=121497)[0m Configure: feature layer interface disabled
[36m(DreamerWorker pid=121497)[0m Configure: score interface disabled
[36m(DreamerWorker pid=121497)[0m Configure: render interface disabled
[36m(DreamerWorker pid=121497)[0m Launching next game.
[36m(DreamerWorker pid=121497)[0m Next launch phase started: 2
[36m(DreamerWorker pid=121497)[0m Next launch phase started: 3
[36m(DreamerWorker pid=121497)[0m Next launch phase started: 4
[36m(DreamerWorker pid=121497)[0m Next launch phase started: 5
[36m(DreamerWorker pid=121497)[0m Next launch phase started: 6
[36m(DreamerWorker pid=121497)[0m Next launch phase started: 7
[36m(DreamerWorker pid=121497)[0m Next launch phase started: 8
[36m(DreamerWorker pid=121497)[0m Game has started.
[36m(DreamerWorker pid=121497)[0m Using default stable ids, none found at: /home/razshmue/StarCraftII/stableid.json
[36m(DreamerWorker pid=121497)[0m Successfully loaded stable ids: GameData\stableid.json
[36m(DreamerWorker pid=121497)[0m Sending ResponseJoinGame
[36m(DreamerWorker pid=121492)[0m Version: B75689 (SC2.4.10)
[36m(DreamerWorker pid=121492)[0m Build: Aug 12 2019 17:16:57
[36m(DreamerWorker pid=121492)[0m Command Line: '"/home/razshmue/StarCraftII/Versions/Base75689/SC2_x64" -listen 127.0.0.1 -port 46847 -dataDir /home/razshmue/StarCraftII/ -tempDir /tmp/sc-vf8l9g5s/'
[36m(DreamerWorker pid=121492)[0m Starting up...
[36m(DreamerWorker pid=121492)[0m Startup Phase 1 complete
[36m(DreamerWorker pid=121492)[0m Startup Phase 2 complete
[36m(DreamerWorker pid=121492)[0m Creating stub renderer...
[36m(DreamerWorker pid=121492)[0m Listening on: 127.0.0.1:46847
[36m(DreamerWorker pid=121492)[0m Startup Phase 3 complete. Ready for commands.
[36m(DreamerWorker pid=121492)[0m ConnectHandler: Request from 127.0.0.1:35870 accepted
[36m(DreamerWorker pid=121492)[0m ReadyHandler: 127.0.0.1:35870 ready
[36m(DreamerWorker pid=121492)[0m Requesting to join a single player game
[36m(DreamerWorker pid=121492)[0m Configuring interface options
[36m(DreamerWorker pid=121492)[0m Configure: raw interface enabled
[36m(DreamerWorker pid=121492)[0m Configure: feature layer interface disabled
[36m(DreamerWorker pid=121492)[0m Configure: score interface disabled
[36m(DreamerWorker pid=121492)[0m Configure: render interface disabled
[36m(DreamerWorker pid=121492)[0m Launching next game.
[36m(DreamerWorker pid=121492)[0m Next launch phase started: 2
[36m(DreamerWorker pid=121492)[0m Next launch phase started: 3
[36m(DreamerWorker pid=121492)[0m Next launch phase started: 4
[36m(DreamerWorker pid=121492)[0m Next launch phase started: 5
[36m(DreamerWorker pid=121492)[0m Next launch phase started: 6
[36m(DreamerWorker pid=121492)[0m Next launch phase started: 7
[36m(DreamerWorker pid=121492)[0m Next launch phase started: 8
[36m(DreamerWorker pid=121492)[0m Game has started.
[36m(DreamerWorker pid=121492)[0m Using default stable ids, none found at: /home/razshmue/StarCraftII/stableid.json
[36m(DreamerWorker pid=121492)[0m Successfully loaded stable ids: GameData\stableid.json
[36m(DreamerWorker pid=121492)[0m Sending ResponseJoinGame
[36m(DreamerWorker pid=121497)[0m Version: B75689 (SC2.4.10)
[36m(DreamerWorker pid=121497)[0m Build: Aug 12 2019 17:16:57
[36m(DreamerWorker pid=121497)[0m Command Line: '"/home/razshmue/StarCraftII/Versions/Base75689/SC2_x64" -listen 127.0.0.1 -port 43375 -dataDir /home/razshmue/StarCraftII/ -tempDir /tmp/sc-5o6h9ylu/'
[36m(DreamerWorker pid=121497)[0m Starting up...
[36m(DreamerWorker pid=121497)[0m Startup Phase 1 complete
[36m(DreamerWorker pid=121497)[0m Startup Phase 2 complete
[36m(DreamerWorker pid=121497)[0m Creating stub renderer...
[36m(DreamerWorker pid=121497)[0m Listening on: 127.0.0.1:43375
[36m(DreamerWorker pid=121497)[0m Startup Phase 3 complete. Ready for commands.
[36m(DreamerWorker pid=121497)[0m ConnectHandler: Request from 127.0.0.1:47036 accepted
[36m(DreamerWorker pid=121497)[0m ReadyHandler: 127.0.0.1:47036 ready
[36m(DreamerWorker pid=121497)[0m Requesting to join a single player game
[36m(DreamerWorker pid=121497)[0m Configuring interface options
[36m(DreamerWorker pid=121497)[0m Configure: raw interface enabled
[36m(DreamerWorker pid=121497)[0m Configure: feature layer interface disabled
[36m(DreamerWorker pid=121497)[0m Configure: score interface disabled
[36m(DreamerWorker pid=121497)[0m Configure: render interface disabled
[36m(DreamerWorker pid=121497)[0m Launching next game.
[36m(DreamerWorker pid=121497)[0m Next launch phase started: 2
[36m(DreamerWorker pid=121497)[0m Next launch phase started: 3
[36m(DreamerWorker pid=121497)[0m Next launch phase started: 4
[36m(DreamerWorker pid=121497)[0m Next launch phase started: 5
[36m(DreamerWorker pid=121497)[0m Next launch phase started: 6
[36m(DreamerWorker pid=121497)[0m Next launch phase started: 7
[36m(DreamerWorker pid=121497)[0m Next launch phase started: 8
[36m(DreamerWorker pid=121497)[0m Game has started.
[36m(DreamerWorker pid=121497)[0m Using default stable ids, none found at: /home/razshmue/StarCraftII/stableid.json
[36m(DreamerWorker pid=121497)[0m Successfully loaded stable ids: GameData\stableid.json
[36m(DreamerWorker pid=121497)[0m Sending ResponseJoinGame
[36m(DreamerWorker pid=121492)[0m Version: B75689 (SC2.4.10)
[36m(DreamerWorker pid=121492)[0m Build: Aug 12 2019 17:16:57
[36m(DreamerWorker pid=121492)[0m Command Line: '"/home/razshmue/StarCraftII/Versions/Base75689/SC2_x64" -listen 127.0.0.1 -port 41919 -dataDir /home/razshmue/StarCraftII/ -tempDir /tmp/sc-iq8yp9m5/'
[36m(DreamerWorker pid=121492)[0m Starting up...
[36m(DreamerWorker pid=121492)[0m Startup Phase 1 complete
[36m(DreamerWorker pid=121492)[0m Startup Phase 2 complete
[36m(DreamerWorker pid=121492)[0m Creating stub renderer...
[36m(DreamerWorker pid=121492)[0m Listening on: 127.0.0.1:41919
[36m(DreamerWorker pid=121492)[0m Startup Phase 3 complete. Ready for commands.
[36m(DreamerWorker pid=121492)[0m ConnectHandler: Request from 127.0.0.1:53496 accepted
[36m(DreamerWorker pid=121492)[0m ReadyHandler: 127.0.0.1:53496 ready
[36m(DreamerWorker pid=121492)[0m Requesting to join a single player game
[36m(DreamerWorker pid=121492)[0m Configuring interface options
[36m(DreamerWorker pid=121492)[0m Configure: raw interface enabled
[36m(DreamerWorker pid=121492)[0m Configure: feature layer interface disabled
[36m(DreamerWorker pid=121492)[0m Configure: score interface disabled
[36m(DreamerWorker pid=121492)[0m Configure: render interface disabled
[36m(DreamerWorker pid=121492)[0m Launching next game.
[36m(DreamerWorker pid=121492)[0m Next launch phase started: 2
[36m(DreamerWorker pid=121492)[0m Next launch phase started: 3
[36m(DreamerWorker pid=121492)[0m Next launch phase started: 4
[36m(DreamerWorker pid=121492)[0m Next launch phase started: 5
[36m(DreamerWorker pid=121492)[0m Next launch phase started: 6
[36m(DreamerWorker pid=121492)[0m Next launch phase started: 7
[36m(DreamerWorker pid=121492)[0m Next launch phase started: 8
[36m(DreamerWorker pid=121492)[0m Game has started.
[36m(DreamerWorker pid=121492)[0m Using default stable ids, none found at: /home/razshmue/StarCraftII/stableid.json
[36m(DreamerWorker pid=121492)[0m Successfully loaded stable ids: GameData\stableid.json
[36m(DreamerWorker pid=121492)[0m Sending ResponseJoinGame
[36m(DreamerWorker pid=121497)[0m Version: B75689 (SC2.4.10)
[36m(DreamerWorker pid=121497)[0m Build: Aug 12 2019 17:16:57
[36m(DreamerWorker pid=121497)[0m Command Line: '"/home/razshmue/StarCraftII/Versions/Base75689/SC2_x64" -listen 127.0.0.1 -port 38243 -dataDir /home/razshmue/StarCraftII/ -tempDir /tmp/sc-tknbt2w4/'
[36m(DreamerWorker pid=121497)[0m Starting up...
[36m(DreamerWorker pid=121497)[0m Startup Phase 1 complete
[36m(DreamerWorker pid=121497)[0m Startup Phase 2 complete
[36m(DreamerWorker pid=121497)[0m Creating stub renderer...
[36m(DreamerWorker pid=121497)[0m Listening on: 127.0.0.1:38243
[36m(DreamerWorker pid=121497)[0m Startup Phase 3 complete. Ready for commands.
[36m(DreamerWorker pid=121497)[0m ConnectHandler: Request from 127.0.0.1:49696 accepted
[36m(DreamerWorker pid=121497)[0m ReadyHandler: 127.0.0.1:49696 ready
[36m(DreamerWorker pid=121497)[0m Requesting to join a single player game
[36m(DreamerWorker pid=121497)[0m Configuring interface options
[36m(DreamerWorker pid=121497)[0m Configure: raw interface enabled
[36m(DreamerWorker pid=121497)[0m Configure: feature layer interface disabled
[36m(DreamerWorker pid=121497)[0m Configure: score interface disabled
[36m(DreamerWorker pid=121497)[0m Configure: render interface disabled
[36m(DreamerWorker pid=121497)[0m Launching next game.
[36m(DreamerWorker pid=121497)[0m Next launch phase started: 2
[36m(DreamerWorker pid=121497)[0m Next launch phase started: 3
[36m(DreamerWorker pid=121497)[0m Next launch phase started: 4
[36m(DreamerWorker pid=121497)[0m Next launch phase started: 5
[36m(DreamerWorker pid=121497)[0m Next launch phase started: 6
[36m(DreamerWorker pid=121497)[0m Next launch phase started: 7
[36m(DreamerWorker pid=121497)[0m Next launch phase started: 8
[36m(DreamerWorker pid=121497)[0m Game has started.
[36m(DreamerWorker pid=121497)[0m Using default stable ids, none found at: /home/razshmue/StarCraftII/stableid.json
[36m(DreamerWorker pid=121497)[0m Successfully loaded stable ids: GameData\stableid.json
[36m(DreamerWorker pid=121497)[0m Sending ResponseJoinGame
[36m(DreamerWorker pid=121492)[0m Version: B75689 (SC2.4.10)
[36m(DreamerWorker pid=121492)[0m Build: Aug 12 2019 17:16:57
[36m(DreamerWorker pid=121492)[0m Command Line: '"/home/razshmue/StarCraftII/Versions/Base75689/SC2_x64" -listen 127.0.0.1 -port 44163 -dataDir /home/razshmue/StarCraftII/ -tempDir /tmp/sc-psbz7l2m/'
[36m(DreamerWorker pid=121492)[0m Starting up...
[36m(DreamerWorker pid=121492)[0m Startup Phase 1 complete
[36m(DreamerWorker pid=121492)[0m Startup Phase 2 complete
[36m(DreamerWorker pid=121492)[0m Creating stub renderer...
[36m(DreamerWorker pid=121492)[0m Listening on: 127.0.0.1:44163
[36m(DreamerWorker pid=121492)[0m Startup Phase 3 complete. Ready for commands.
[36m(DreamerWorker pid=121492)[0m ConnectHandler: Request from 127.0.0.1:56916 accepted
[36m(DreamerWorker pid=121492)[0m ReadyHandler: 127.0.0.1:56916 ready
[36m(DreamerWorker pid=121492)[0m Requesting to join a single player game
[36m(DreamerWorker pid=121492)[0m Configuring interface options
[36m(DreamerWorker pid=121492)[0m Configure: raw interface enabled
[36m(DreamerWorker pid=121492)[0m Configure: feature layer interface disabled
[36m(DreamerWorker pid=121492)[0m Configure: score interface disabled
[36m(DreamerWorker pid=121492)[0m Configure: render interface disabled
[36m(DreamerWorker pid=121492)[0m Launching next game.
[36m(DreamerWorker pid=121492)[0m Next launch phase started: 2
[36m(DreamerWorker pid=121492)[0m Next launch phase started: 3
[36m(DreamerWorker pid=121492)[0m Next launch phase started: 4
[36m(DreamerWorker pid=121492)[0m Next launch phase started: 5
[36m(DreamerWorker pid=121492)[0m Next launch phase started: 6
[36m(DreamerWorker pid=121492)[0m Next launch phase started: 7
[36m(DreamerWorker pid=121492)[0m Next launch phase started: 8
[36m(DreamerWorker pid=121492)[0m Game has started.
[36m(DreamerWorker pid=121492)[0m Using default stable ids, none found at: /home/razshmue/StarCraftII/stableid.json
[36m(DreamerWorker pid=121492)[0m Successfully loaded stable ids: GameData\stableid.json
[36m(DreamerWorker pid=121492)[0m Sending ResponseJoinGame
[36m(DreamerWorker pid=121497)[0m Version: B75689 (SC2.4.10)
[36m(DreamerWorker pid=121497)[0m Build: Aug 12 2019 17:16:57
[36m(DreamerWorker pid=121497)[0m Command Line: '"/home/razshmue/StarCraftII/Versions/Base75689/SC2_x64" -listen 127.0.0.1 -port 37439 -dataDir /home/razshmue/StarCraftII/ -tempDir /tmp/sc-j5561jen/'
[36m(DreamerWorker pid=121497)[0m Starting up...
[36m(DreamerWorker pid=121497)[0m Startup Phase 1 complete
[36m(DreamerWorker pid=121497)[0m Startup Phase 2 complete
[36m(DreamerWorker pid=121497)[0m Creating stub renderer...
[36m(DreamerWorker pid=121497)[0m Listening on: 127.0.0.1:37439
[36m(DreamerWorker pid=121497)[0m Startup Phase 3 complete. Ready for commands.
[36m(DreamerWorker pid=121497)[0m ConnectHandler: Request from 127.0.0.1:35940 accepted
[36m(DreamerWorker pid=121497)[0m ReadyHandler: 127.0.0.1:35940 ready
[36m(DreamerWorker pid=121497)[0m Requesting to join a single player game
[36m(DreamerWorker pid=121497)[0m Configuring interface options
[36m(DreamerWorker pid=121497)[0m Configure: raw interface enabled
[36m(DreamerWorker pid=121497)[0m Configure: feature layer interface disabled
[36m(DreamerWorker pid=121497)[0m Configure: score interface disabled
[36m(DreamerWorker pid=121497)[0m Configure: render interface disabled
[36m(DreamerWorker pid=121497)[0m Launching next game.
[36m(DreamerWorker pid=121497)[0m Next launch phase started: 2
[36m(DreamerWorker pid=121497)[0m Next launch phase started: 3
[36m(DreamerWorker pid=121497)[0m Next launch phase started: 4
[36m(DreamerWorker pid=121497)[0m Next launch phase started: 5
[36m(DreamerWorker pid=121497)[0m Next launch phase started: 6
[36m(DreamerWorker pid=121497)[0m Next launch phase started: 7
[36m(DreamerWorker pid=121497)[0m Next launch phase started: 8
[36m(DreamerWorker pid=121497)[0m Game has started.
[36m(DreamerWorker pid=121497)[0m Using default stable ids, none found at: /home/razshmue/StarCraftII/stableid.json
[36m(DreamerWorker pid=121497)[0m Successfully loaded stable ids: GameData\stableid.json
[36m(DreamerWorker pid=121497)[0m Sending ResponseJoinGame
[36m(DreamerWorker pid=121492)[0m Version: B75689 (SC2.4.10)
[36m(DreamerWorker pid=121492)[0m Build: Aug 12 2019 17:16:57
[36m(DreamerWorker pid=121492)[0m Command Line: '"/home/razshmue/StarCraftII/Versions/Base75689/SC2_x64" -listen 127.0.0.1 -port 45285 -dataDir /home/razshmue/StarCraftII/ -tempDir /tmp/sc-5aw4be7o/'
[36m(DreamerWorker pid=121492)[0m Starting up...
[36m(DreamerWorker pid=121492)[0m Startup Phase 1 complete
[36m(DreamerWorker pid=121492)[0m Startup Phase 2 complete
[36m(DreamerWorker pid=121492)[0m Creating stub renderer...
[36m(DreamerWorker pid=121492)[0m Listening on: 127.0.0.1:45285
[36m(DreamerWorker pid=121492)[0m Startup Phase 3 complete. Ready for commands.
[36m(DreamerWorker pid=121492)[0m ConnectHandler: Request from 127.0.0.1:35354 accepted
[36m(DreamerWorker pid=121492)[0m ReadyHandler: 127.0.0.1:35354 ready
[36m(DreamerWorker pid=121492)[0m Requesting to join a single player game
[36m(DreamerWorker pid=121492)[0m Configuring interface options
[36m(DreamerWorker pid=121492)[0m Configure: raw interface enabled
[36m(DreamerWorker pid=121492)[0m Configure: feature layer interface disabled
[36m(DreamerWorker pid=121492)[0m Configure: score interface disabled
[36m(DreamerWorker pid=121492)[0m Configure: render interface disabled
[36m(DreamerWorker pid=121492)[0m Launching next game.
[36m(DreamerWorker pid=121492)[0m Next launch phase started: 2
[36m(DreamerWorker pid=121492)[0m Next launch phase started: 3
[36m(DreamerWorker pid=121492)[0m Next launch phase started: 4
[36m(DreamerWorker pid=121492)[0m Next launch phase started: 5
[36m(DreamerWorker pid=121492)[0m Next launch phase started: 6
[36m(DreamerWorker pid=121492)[0m Next launch phase started: 7
[36m(DreamerWorker pid=121492)[0m Next launch phase started: 8
[36m(DreamerWorker pid=121492)[0m Game has started.
[36m(DreamerWorker pid=121492)[0m Using default stable ids, none found at: /home/razshmue/StarCraftII/stableid.json
[36m(DreamerWorker pid=121492)[0m Successfully loaded stable ids: GameData\stableid.json
[36m(DreamerWorker pid=121492)[0m Sending ResponseJoinGame
[36m(DreamerWorker pid=121497)[0m Version: B75689 (SC2.4.10)
[36m(DreamerWorker pid=121497)[0m Build: Aug 12 2019 17:16:57
[36m(DreamerWorker pid=121497)[0m Command Line: '"/home/razshmue/StarCraftII/Versions/Base75689/SC2_x64" -listen 127.0.0.1 -port 35109 -dataDir /home/razshmue/StarCraftII/ -tempDir /tmp/sc-pjpydq16/'
[36m(DreamerWorker pid=121497)[0m Starting up...
[36m(DreamerWorker pid=121497)[0m Startup Phase 1 complete
[36m(DreamerWorker pid=121497)[0m Startup Phase 2 complete
[36m(DreamerWorker pid=121497)[0m Creating stub renderer...
[36m(DreamerWorker pid=121497)[0m Listening on: 127.0.0.1:35109
[36m(DreamerWorker pid=121497)[0m Startup Phase 3 complete. Ready for commands.
[36m(DreamerWorker pid=121497)[0m ConnectHandler: Request from 127.0.0.1:50368 accepted
[36m(DreamerWorker pid=121497)[0m ReadyHandler: 127.0.0.1:50368 ready
[36m(DreamerWorker pid=121497)[0m Requesting to join a single player game
[36m(DreamerWorker pid=121497)[0m Configuring interface options
[36m(DreamerWorker pid=121497)[0m Configure: raw interface enabled
[36m(DreamerWorker pid=121497)[0m Configure: feature layer interface disabled
[36m(DreamerWorker pid=121497)[0m Configure: score interface disabled
[36m(DreamerWorker pid=121497)[0m Configure: render interface disabled
[36m(DreamerWorker pid=121497)[0m Launching next game.
[36m(DreamerWorker pid=121497)[0m Next launch phase started: 2
[36m(DreamerWorker pid=121497)[0m Next launch phase started: 3
[36m(DreamerWorker pid=121497)[0m Next launch phase started: 4
[36m(DreamerWorker pid=121497)[0m Next launch phase started: 5
[36m(DreamerWorker pid=121497)[0m Next launch phase started: 6
[36m(DreamerWorker pid=121497)[0m Next launch phase started: 7
[36m(DreamerWorker pid=121497)[0m Next launch phase started: 8
[36m(DreamerWorker pid=121497)[0m Game has started.
[36m(DreamerWorker pid=121497)[0m Using default stable ids, none found at: /home/razshmue/StarCraftII/stableid.json
[36m(DreamerWorker pid=121497)[0m Successfully loaded stable ids: GameData\stableid.json
[36m(DreamerWorker pid=121497)[0m Sending ResponseJoinGame
[36m(DreamerWorker pid=121492)[0m Version: B75689 (SC2.4.10)
[36m(DreamerWorker pid=121492)[0m Build: Aug 12 2019 17:16:57
[36m(DreamerWorker pid=121492)[0m Command Line: '"/home/razshmue/StarCraftII/Versions/Base75689/SC2_x64" -listen 127.0.0.1 -port 36791 -dataDir /home/razshmue/StarCraftII/ -tempDir /tmp/sc-_yors_ct/'
[36m(DreamerWorker pid=121492)[0m Starting up...
[36m(DreamerWorker pid=121492)[0m Startup Phase 1 complete
[36m(DreamerWorker pid=121492)[0m Startup Phase 2 complete
[36m(DreamerWorker pid=121492)[0m Creating stub renderer...
[36m(DreamerWorker pid=121492)[0m Listening on: 127.0.0.1:36791
[36m(DreamerWorker pid=121492)[0m Startup Phase 3 complete. Ready for commands.
[36m(DreamerWorker pid=121492)[0m ConnectHandler: Request from 127.0.0.1:58974 accepted
[36m(DreamerWorker pid=121492)[0m ReadyHandler: 127.0.0.1:58974 ready
[36m(DreamerWorker pid=121492)[0m Requesting to join a single player game
[36m(DreamerWorker pid=121492)[0m Configuring interface options
[36m(DreamerWorker pid=121492)[0m Configure: raw interface enabled
[36m(DreamerWorker pid=121492)[0m Configure: feature layer interface disabled
[36m(DreamerWorker pid=121492)[0m Configure: score interface disabled
[36m(DreamerWorker pid=121492)[0m Configure: render interface disabled
[36m(DreamerWorker pid=121492)[0m Launching next game.
[36m(DreamerWorker pid=121492)[0m Next launch phase started: 2
[36m(DreamerWorker pid=121492)[0m Next launch phase started: 3
[36m(DreamerWorker pid=121492)[0m Next launch phase started: 4
[36m(DreamerWorker pid=121492)[0m Next launch phase started: 5
[36m(DreamerWorker pid=121492)[0m Next launch phase started: 6
[36m(DreamerWorker pid=121492)[0m Next launch phase started: 7
[36m(DreamerWorker pid=121492)[0m Next launch phase started: 8
[36m(DreamerWorker pid=121492)[0m Game has started.
[36m(DreamerWorker pid=121492)[0m Using default stable ids, none found at: /home/razshmue/StarCraftII/stableid.json
[36m(DreamerWorker pid=121492)[0m Successfully loaded stable ids: GameData\stableid.json
[36m(DreamerWorker pid=121492)[0m Sending ResponseJoinGame
[36m(DreamerWorker pid=121497)[0m Version: B75689 (SC2.4.10)
[36m(DreamerWorker pid=121497)[0m Build: Aug 12 2019 17:16:57
[36m(DreamerWorker pid=121497)[0m Command Line: '"/home/razshmue/StarCraftII/Versions/Base75689/SC2_x64" -listen 127.0.0.1 -port 38927 -dataDir /home/razshmue/StarCraftII/ -tempDir /tmp/sc-t95fisu5/'
[36m(DreamerWorker pid=121497)[0m Starting up...
[36m(DreamerWorker pid=121497)[0m Startup Phase 1 complete
[36m(DreamerWorker pid=121497)[0m Startup Phase 2 complete
[36m(DreamerWorker pid=121497)[0m Creating stub renderer...
[36m(DreamerWorker pid=121497)[0m Listening on: 127.0.0.1:38927
[36m(DreamerWorker pid=121497)[0m Startup Phase 3 complete. Ready for commands.
[36m(DreamerWorker pid=121497)[0m ConnectHandler: Request from 127.0.0.1:45046 accepted
[36m(DreamerWorker pid=121497)[0m ReadyHandler: 127.0.0.1:45046 ready
[36m(DreamerWorker pid=121497)[0m Requesting to join a single player game
[36m(DreamerWorker pid=121497)[0m Configuring interface options
[36m(DreamerWorker pid=121497)[0m Configure: raw interface enabled
[36m(DreamerWorker pid=121497)[0m Configure: feature layer interface disabled
[36m(DreamerWorker pid=121497)[0m Configure: score interface disabled
[36m(DreamerWorker pid=121497)[0m Configure: render interface disabled
[36m(DreamerWorker pid=121497)[0m Launching next game.
[36m(DreamerWorker pid=121497)[0m Next launch phase started: 2
[36m(DreamerWorker pid=121497)[0m Next launch phase started: 3
[36m(DreamerWorker pid=121497)[0m Next launch phase started: 4
[36m(DreamerWorker pid=121497)[0m Next launch phase started: 5
[36m(DreamerWorker pid=121497)[0m Next launch phase started: 6
[36m(DreamerWorker pid=121497)[0m Next launch phase started: 7
[36m(DreamerWorker pid=121497)[0m Next launch phase started: 8
[36m(DreamerWorker pid=121497)[0m Game has started.
[36m(DreamerWorker pid=121497)[0m Using default stable ids, none found at: /home/razshmue/StarCraftII/stableid.json
[36m(DreamerWorker pid=121497)[0m Successfully loaded stable ids: GameData\stableid.json
[36m(DreamerWorker pid=121497)[0m Sending ResponseJoinGame
[36m(DreamerWorker pid=121492)[0m Version: B75689 (SC2.4.10)
[36m(DreamerWorker pid=121492)[0m Build: Aug 12 2019 17:16:57
[36m(DreamerWorker pid=121492)[0m Command Line: '"/home/razshmue/StarCraftII/Versions/Base75689/SC2_x64" -listen 127.0.0.1 -port 40181 -dataDir /home/razshmue/StarCraftII/ -tempDir /tmp/sc-s2bsbbwe/'
[36m(DreamerWorker pid=121492)[0m Starting up...
[36m(DreamerWorker pid=121492)[0m Startup Phase 1 complete
[36m(DreamerWorker pid=121492)[0m Startup Phase 2 complete
[36m(DreamerWorker pid=121492)[0m Creating stub renderer...
[36m(DreamerWorker pid=121492)[0m Listening on: 127.0.0.1:40181
[36m(DreamerWorker pid=121492)[0m Startup Phase 3 complete. Ready for commands.
[36m(DreamerWorker pid=121492)[0m ConnectHandler: Request from 127.0.0.1:48184 accepted
[36m(DreamerWorker pid=121492)[0m ReadyHandler: 127.0.0.1:48184 ready
[36m(DreamerWorker pid=121492)[0m Requesting to join a single player game
[36m(DreamerWorker pid=121492)[0m Configuring interface options
[36m(DreamerWorker pid=121492)[0m Configure: raw interface enabled
[36m(DreamerWorker pid=121492)[0m Configure: feature layer interface disabled
[36m(DreamerWorker pid=121492)[0m Configure: score interface disabled
[36m(DreamerWorker pid=121492)[0m Configure: render interface disabled
[36m(DreamerWorker pid=121492)[0m Launching next game.
[36m(DreamerWorker pid=121492)[0m Next launch phase started: 2
[36m(DreamerWorker pid=121492)[0m Next launch phase started: 3
[36m(DreamerWorker pid=121492)[0m Next launch phase started: 4
[36m(DreamerWorker pid=121492)[0m Next launch phase started: 5
[36m(DreamerWorker pid=121492)[0m Next launch phase started: 6
[36m(DreamerWorker pid=121492)[0m Next launch phase started: 7
[36m(DreamerWorker pid=121492)[0m Next launch phase started: 8
[36m(DreamerWorker pid=121492)[0m Game has started.
[36m(DreamerWorker pid=121492)[0m Using default stable ids, none found at: /home/razshmue/StarCraftII/stableid.json
[36m(DreamerWorker pid=121492)[0m Successfully loaded stable ids: GameData\stableid.json
[36m(DreamerWorker pid=121492)[0m Sending ResponseJoinGame
[36m(DreamerWorker pid=121497)[0m Version: B75689 (SC2.4.10)
[36m(DreamerWorker pid=121497)[0m Build: Aug 12 2019 17:16:57
[36m(DreamerWorker pid=121497)[0m Command Line: '"/home/razshmue/StarCraftII/Versions/Base75689/SC2_x64" -listen 127.0.0.1 -port 46255 -dataDir /home/razshmue/StarCraftII/ -tempDir /tmp/sc-fe3ukdzk/'
[36m(DreamerWorker pid=121497)[0m Starting up...
[36m(DreamerWorker pid=121497)[0m Startup Phase 1 complete
[36m(DreamerWorker pid=121497)[0m Startup Phase 2 complete
[36m(DreamerWorker pid=121497)[0m Creating stub renderer...
[36m(DreamerWorker pid=121497)[0m Listening on: 127.0.0.1:46255
[36m(DreamerWorker pid=121497)[0m Startup Phase 3 complete. Ready for commands.
[36m(DreamerWorker pid=121497)[0m ConnectHandler: Request from 127.0.0.1:51904 accepted
[36m(DreamerWorker pid=121497)[0m ReadyHandler: 127.0.0.1:51904 ready
[36m(DreamerWorker pid=121497)[0m Requesting to join a single player game
[36m(DreamerWorker pid=121497)[0m Configuring interface options
[36m(DreamerWorker pid=121497)[0m Configure: raw interface enabled
[36m(DreamerWorker pid=121497)[0m Configure: feature layer interface disabled
[36m(DreamerWorker pid=121497)[0m Configure: score interface disabled
[36m(DreamerWorker pid=121497)[0m Configure: render interface disabled
[36m(DreamerWorker pid=121497)[0m Launching next game.
[36m(DreamerWorker pid=121497)[0m Next launch phase started: 2
[36m(DreamerWorker pid=121497)[0m Next launch phase started: 3
[36m(DreamerWorker pid=121497)[0m Next launch phase started: 4
[36m(DreamerWorker pid=121497)[0m Next launch phase started: 5
[36m(DreamerWorker pid=121497)[0m Next launch phase started: 6
[36m(DreamerWorker pid=121497)[0m Next launch phase started: 7
[36m(DreamerWorker pid=121497)[0m Next launch phase started: 8
[36m(DreamerWorker pid=121497)[0m Game has started.
[36m(DreamerWorker pid=121497)[0m Using default stable ids, none found at: /home/razshmue/StarCraftII/stableid.json
[36m(DreamerWorker pid=121497)[0m Successfully loaded stable ids: GameData\stableid.json
[36m(DreamerWorker pid=121497)[0m Sending ResponseJoinGame
[36m(DreamerWorker pid=121492)[0m Version: B75689 (SC2.4.10)
[36m(DreamerWorker pid=121492)[0m Build: Aug 12 2019 17:16:57
[36m(DreamerWorker pid=121492)[0m Command Line: '"/home/razshmue/StarCraftII/Versions/Base75689/SC2_x64" -listen 127.0.0.1 -port 37087 -dataDir /home/razshmue/StarCraftII/ -tempDir /tmp/sc-molz62g4/'
[36m(DreamerWorker pid=121492)[0m Starting up...
[36m(DreamerWorker pid=121492)[0m Startup Phase 1 complete
[36m(DreamerWorker pid=121492)[0m Startup Phase 2 complete
[36m(DreamerWorker pid=121492)[0m Creating stub renderer...
[36m(DreamerWorker pid=121492)[0m Listening on: 127.0.0.1:37087
[36m(DreamerWorker pid=121492)[0m Startup Phase 3 complete. Ready for commands.
[36m(DreamerWorker pid=121492)[0m ConnectHandler: Request from 127.0.0.1:37560 accepted
[36m(DreamerWorker pid=121492)[0m ReadyHandler: 127.0.0.1:37560 ready
[36m(DreamerWorker pid=121492)[0m Requesting to join a single player game
[36m(DreamerWorker pid=121492)[0m Configuring interface options
[36m(DreamerWorker pid=121492)[0m Configure: raw interface enabled
[36m(DreamerWorker pid=121492)[0m Configure: feature layer interface disabled
[36m(DreamerWorker pid=121492)[0m Configure: score interface disabled
[36m(DreamerWorker pid=121492)[0m Configure: render interface disabled
[36m(DreamerWorker pid=121492)[0m Launching next game.
[36m(DreamerWorker pid=121492)[0m Next launch phase started: 2
[36m(DreamerWorker pid=121492)[0m Next launch phase started: 3
[36m(DreamerWorker pid=121492)[0m Next launch phase started: 4
[36m(DreamerWorker pid=121492)[0m Next launch phase started: 5
[36m(DreamerWorker pid=121492)[0m Next launch phase started: 6
[36m(DreamerWorker pid=121492)[0m Next launch phase started: 7
[36m(DreamerWorker pid=121492)[0m Next launch phase started: 8
[36m(DreamerWorker pid=121492)[0m Game has started.
[36m(DreamerWorker pid=121492)[0m Using default stable ids, none found at: /home/razshmue/StarCraftII/stableid.json
[36m(DreamerWorker pid=121492)[0m Successfully loaded stable ids: GameData\stableid.json
[36m(DreamerWorker pid=121492)[0m Sending ResponseJoinGame
[36m(DreamerWorker pid=121497)[0m Version: B75689 (SC2.4.10)
[36m(DreamerWorker pid=121497)[0m Build: Aug 12 2019 17:16:57
[36m(DreamerWorker pid=121497)[0m Command Line: '"/home/razshmue/StarCraftII/Versions/Base75689/SC2_x64" -listen 127.0.0.1 -port 36347 -dataDir /home/razshmue/StarCraftII/ -tempDir /tmp/sc-xeh3sh7u/'
[36m(DreamerWorker pid=121497)[0m Starting up...
[36m(DreamerWorker pid=121497)[0m Startup Phase 1 complete
[36m(DreamerWorker pid=121497)[0m Startup Phase 2 complete
[36m(DreamerWorker pid=121497)[0m Creating stub renderer...
[36m(DreamerWorker pid=121497)[0m Listening on: 127.0.0.1:36347
[36m(DreamerWorker pid=121497)[0m Startup Phase 3 complete. Ready for commands.
[36m(DreamerWorker pid=121497)[0m ConnectHandler: Request from 127.0.0.1:58222 accepted
[36m(DreamerWorker pid=121497)[0m ReadyHandler: 127.0.0.1:58222 ready
[36m(DreamerWorker pid=121497)[0m Requesting to join a single player game
[36m(DreamerWorker pid=121497)[0m Configuring interface options
[36m(DreamerWorker pid=121497)[0m Configure: raw interface enabled
[36m(DreamerWorker pid=121497)[0m Configure: feature layer interface disabled
[36m(DreamerWorker pid=121497)[0m Configure: score interface disabled
[36m(DreamerWorker pid=121497)[0m Configure: render interface disabled
[36m(DreamerWorker pid=121497)[0m Launching next game.
[36m(DreamerWorker pid=121497)[0m Next launch phase started: 2
[36m(DreamerWorker pid=121497)[0m Next launch phase started: 3
[36m(DreamerWorker pid=121497)[0m Next launch phase started: 4
[36m(DreamerWorker pid=121497)[0m Next launch phase started: 5
[36m(DreamerWorker pid=121497)[0m Next launch phase started: 6
[36m(DreamerWorker pid=121497)[0m Next launch phase started: 7
[36m(DreamerWorker pid=121497)[0m Next launch phase started: 8
[36m(DreamerWorker pid=121497)[0m Game has started.
[36m(DreamerWorker pid=121497)[0m Using default stable ids, none found at: /home/razshmue/StarCraftII/stableid.json
[36m(DreamerWorker pid=121497)[0m Successfully loaded stable ids: GameData\stableid.json
[36m(DreamerWorker pid=121497)[0m Sending ResponseJoinGame
[36m(DreamerWorker pid=121492)[0m Version: B75689 (SC2.4.10)
[36m(DreamerWorker pid=121492)[0m Build: Aug 12 2019 17:16:57
[36m(DreamerWorker pid=121492)[0m Command Line: '"/home/razshmue/StarCraftII/Versions/Base75689/SC2_x64" -listen 127.0.0.1 -port 39849 -dataDir /home/razshmue/StarCraftII/ -tempDir /tmp/sc-qgnlmin5/'
[36m(DreamerWorker pid=121492)[0m Starting up...
[36m(DreamerWorker pid=121492)[0m Startup Phase 1 complete
[36m(DreamerWorker pid=121492)[0m Startup Phase 2 complete
[36m(DreamerWorker pid=121492)[0m Creating stub renderer...
[36m(DreamerWorker pid=121492)[0m Listening on: 127.0.0.1:39849
[36m(DreamerWorker pid=121492)[0m Startup Phase 3 complete. Ready for commands.
[36m(DreamerWorker pid=121492)[0m ConnectHandler: Request from 127.0.0.1:50206 accepted
[36m(DreamerWorker pid=121492)[0m ReadyHandler: 127.0.0.1:50206 ready
[36m(DreamerWorker pid=121492)[0m Requesting to join a single player game
[36m(DreamerWorker pid=121492)[0m Configuring interface options
[36m(DreamerWorker pid=121492)[0m Configure: raw interface enabled
[36m(DreamerWorker pid=121492)[0m Configure: feature layer interface disabled
[36m(DreamerWorker pid=121492)[0m Configure: score interface disabled
[36m(DreamerWorker pid=121492)[0m Configure: render interface disabled
[36m(DreamerWorker pid=121492)[0m Launching next game.
[36m(DreamerWorker pid=121492)[0m Next launch phase started: 2
[36m(DreamerWorker pid=121492)[0m Next launch phase started: 3
[36m(DreamerWorker pid=121492)[0m Next launch phase started: 4
[36m(DreamerWorker pid=121492)[0m Next launch phase started: 5
[36m(DreamerWorker pid=121492)[0m Next launch phase started: 6
[36m(DreamerWorker pid=121492)[0m Next launch phase started: 7
[36m(DreamerWorker pid=121492)[0m Next launch phase started: 8
[36m(DreamerWorker pid=121492)[0m Game has started.
[36m(DreamerWorker pid=121492)[0m Using default stable ids, none found at: /home/razshmue/StarCraftII/stableid.json
[36m(DreamerWorker pid=121492)[0m Successfully loaded stable ids: GameData\stableid.json
[36m(DreamerWorker pid=121492)[0m Sending ResponseJoinGame
[36m(DreamerWorker pid=121497)[0m Version: B75689 (SC2.4.10)
[36m(DreamerWorker pid=121497)[0m Build: Aug 12 2019 17:16:57
[36m(DreamerWorker pid=121497)[0m Command Line: '"/home/razshmue/StarCraftII/Versions/Base75689/SC2_x64" -listen 127.0.0.1 -port 45065 -dataDir /home/razshmue/StarCraftII/ -tempDir /tmp/sc-dv48ojr9/'
[36m(DreamerWorker pid=121497)[0m Starting up...
[36m(DreamerWorker pid=121497)[0m Startup Phase 1 complete
[36m(DreamerWorker pid=121497)[0m Startup Phase 2 complete
[36m(DreamerWorker pid=121497)[0m Creating stub renderer...
[36m(DreamerWorker pid=121497)[0m Listening on: 127.0.0.1:45065
[36m(DreamerWorker pid=121497)[0m Startup Phase 3 complete. Ready for commands.
[36m(DreamerWorker pid=121497)[0m ConnectHandler: Request from 127.0.0.1:38778 accepted
[36m(DreamerWorker pid=121497)[0m ReadyHandler: 127.0.0.1:38778 ready
[36m(DreamerWorker pid=121497)[0m Requesting to join a single player game
[36m(DreamerWorker pid=121497)[0m Configuring interface options
[36m(DreamerWorker pid=121497)[0m Configure: raw interface enabled
[36m(DreamerWorker pid=121497)[0m Configure: feature layer interface disabled
[36m(DreamerWorker pid=121497)[0m Configure: score interface disabled
[36m(DreamerWorker pid=121497)[0m Configure: render interface disabled
[36m(DreamerWorker pid=121497)[0m Launching next game.
[36m(DreamerWorker pid=121497)[0m Next launch phase started: 2
[36m(DreamerWorker pid=121497)[0m Next launch phase started: 3
[36m(DreamerWorker pid=121497)[0m Next launch phase started: 4
[36m(DreamerWorker pid=121497)[0m Next launch phase started: 5
[36m(DreamerWorker pid=121497)[0m Next launch phase started: 6
[36m(DreamerWorker pid=121497)[0m Next launch phase started: 7
[36m(DreamerWorker pid=121497)[0m Next launch phase started: 8
[36m(DreamerWorker pid=121497)[0m Game has started.
[36m(DreamerWorker pid=121497)[0m Using default stable ids, none found at: /home/razshmue/StarCraftII/stableid.json
[36m(DreamerWorker pid=121497)[0m Successfully loaded stable ids: GameData\stableid.json
[36m(DreamerWorker pid=121497)[0m Sending ResponseJoinGame
[36m(DreamerWorker pid=121492)[0m Version: B75689 (SC2.4.10)
[36m(DreamerWorker pid=121492)[0m Build: Aug 12 2019 17:16:57
[36m(DreamerWorker pid=121492)[0m Command Line: '"/home/razshmue/StarCraftII/Versions/Base75689/SC2_x64" -listen 127.0.0.1 -port 42177 -dataDir /home/razshmue/StarCraftII/ -tempDir /tmp/sc-dtf84k6t/'
[36m(DreamerWorker pid=121492)[0m Starting up...
[36m(DreamerWorker pid=121492)[0m Startup Phase 1 complete
[36m(DreamerWorker pid=121492)[0m Startup Phase 2 complete
[36m(DreamerWorker pid=121492)[0m Creating stub renderer...
[36m(DreamerWorker pid=121492)[0m Listening on: 127.0.0.1:42177
[36m(DreamerWorker pid=121492)[0m Startup Phase 3 complete. Ready for commands.
[36m(DreamerWorker pid=121492)[0m ConnectHandler: Request from 127.0.0.1:53490 accepted
[36m(DreamerWorker pid=121492)[0m ReadyHandler: 127.0.0.1:53490 ready
[36m(DreamerWorker pid=121492)[0m Requesting to join a single player game
[36m(DreamerWorker pid=121492)[0m Configuring interface options
[36m(DreamerWorker pid=121492)[0m Configure: raw interface enabled
[36m(DreamerWorker pid=121492)[0m Configure: feature layer interface disabled
[36m(DreamerWorker pid=121492)[0m Configure: score interface disabled
[36m(DreamerWorker pid=121492)[0m Configure: render interface disabled
[36m(DreamerWorker pid=121492)[0m Launching next game.
[36m(DreamerWorker pid=121492)[0m Next launch phase started: 2
[36m(DreamerWorker pid=121492)[0m Next launch phase started: 3
[36m(DreamerWorker pid=121492)[0m Next launch phase started: 4
[36m(DreamerWorker pid=121492)[0m Next launch phase started: 5
[36m(DreamerWorker pid=121492)[0m Next launch phase started: 6
[36m(DreamerWorker pid=121492)[0m Next launch phase started: 7
[36m(DreamerWorker pid=121492)[0m Next launch phase started: 8
[36m(DreamerWorker pid=121492)[0m Game has started.
[36m(DreamerWorker pid=121492)[0m Using default stable ids, none found at: /home/razshmue/StarCraftII/stableid.json
[36m(DreamerWorker pid=121492)[0m Successfully loaded stable ids: GameData\stableid.json
[36m(DreamerWorker pid=121492)[0m Sending ResponseJoinGame
[36m(DreamerWorker pid=121497)[0m Version: B75689 (SC2.4.10)
[36m(DreamerWorker pid=121497)[0m Build: Aug 12 2019 17:16:57
[36m(DreamerWorker pid=121497)[0m Command Line: '"/home/razshmue/StarCraftII/Versions/Base75689/SC2_x64" -listen 127.0.0.1 -port 39069 -dataDir /home/razshmue/StarCraftII/ -tempDir /tmp/sc-lhhi9a6e/'
[36m(DreamerWorker pid=121497)[0m Starting up...
[36m(DreamerWorker pid=121497)[0m Startup Phase 1 complete
[36m(DreamerWorker pid=121497)[0m Startup Phase 2 complete
[36m(DreamerWorker pid=121497)[0m Creating stub renderer...
[36m(DreamerWorker pid=121497)[0m Listening on: 127.0.0.1:39069
[36m(DreamerWorker pid=121497)[0m Startup Phase 3 complete. Ready for commands.
[36m(DreamerWorker pid=121497)[0m ConnectHandler: Request from 127.0.0.1:59644 accepted
[36m(DreamerWorker pid=121497)[0m ReadyHandler: 127.0.0.1:59644 ready
[36m(DreamerWorker pid=121497)[0m Requesting to join a single player game
[36m(DreamerWorker pid=121497)[0m Configuring interface options
[36m(DreamerWorker pid=121497)[0m Configure: raw interface enabled
[36m(DreamerWorker pid=121497)[0m Configure: feature layer interface disabled
[36m(DreamerWorker pid=121497)[0m Configure: score interface disabled
[36m(DreamerWorker pid=121497)[0m Configure: render interface disabled
[36m(DreamerWorker pid=121497)[0m Launching next game.
[36m(DreamerWorker pid=121497)[0m Next launch phase started: 2
[36m(DreamerWorker pid=121497)[0m Next launch phase started: 3
[36m(DreamerWorker pid=121497)[0m Next launch phase started: 4
[36m(DreamerWorker pid=121497)[0m Next launch phase started: 5
[36m(DreamerWorker pid=121497)[0m Next launch phase started: 6
[36m(DreamerWorker pid=121497)[0m Next launch phase started: 7
[36m(DreamerWorker pid=121497)[0m Next launch phase started: 8
[36m(DreamerWorker pid=121497)[0m Game has started.
[36m(DreamerWorker pid=121497)[0m Using default stable ids, none found at: /home/razshmue/StarCraftII/stableid.json
[36m(DreamerWorker pid=121497)[0m Successfully loaded stable ids: GameData\stableid.json
[36m(DreamerWorker pid=121497)[0m Sending ResponseJoinGame
[36m(DreamerWorker pid=121492)[0m Version: B75689 (SC2.4.10)
[36m(DreamerWorker pid=121492)[0m Build: Aug 12 2019 17:16:57
[36m(DreamerWorker pid=121492)[0m Command Line: '"/home/razshmue/StarCraftII/Versions/Base75689/SC2_x64" -listen 127.0.0.1 -port 33601 -dataDir /home/razshmue/StarCraftII/ -tempDir /tmp/sc-s30skir2/'
[36m(DreamerWorker pid=121492)[0m Starting up...
[36m(DreamerWorker pid=121492)[0m Startup Phase 1 complete
[36m(DreamerWorker pid=121492)[0m Startup Phase 2 complete
[36m(DreamerWorker pid=121492)[0m Creating stub renderer...
[36m(DreamerWorker pid=121492)[0m Listening on: 127.0.0.1:33601
[36m(DreamerWorker pid=121492)[0m Startup Phase 3 complete. Ready for commands.
[36m(DreamerWorker pid=121492)[0m ConnectHandler: Request from 127.0.0.1:57672 accepted
[36m(DreamerWorker pid=121492)[0m ReadyHandler: 127.0.0.1:57672 ready
[36m(DreamerWorker pid=121492)[0m Requesting to join a single player game
[36m(DreamerWorker pid=121492)[0m Configuring interface options
[36m(DreamerWorker pid=121492)[0m Configure: raw interface enabled
[36m(DreamerWorker pid=121492)[0m Configure: feature layer interface disabled
[36m(DreamerWorker pid=121492)[0m Configure: score interface disabled
[36m(DreamerWorker pid=121492)[0m Configure: render interface disabled
[36m(DreamerWorker pid=121492)[0m Launching next game.
[36m(DreamerWorker pid=121492)[0m Next launch phase started: 2
[36m(DreamerWorker pid=121492)[0m Next launch phase started: 3
[36m(DreamerWorker pid=121492)[0m Next launch phase started: 4
[36m(DreamerWorker pid=121492)[0m Next launch phase started: 5
[36m(DreamerWorker pid=121492)[0m Next launch phase started: 6
[36m(DreamerWorker pid=121492)[0m Next launch phase started: 7
[36m(DreamerWorker pid=121492)[0m Next launch phase started: 8
[36m(DreamerWorker pid=121492)[0m Game has started.
[36m(DreamerWorker pid=121492)[0m Using default stable ids, none found at: /home/razshmue/StarCraftII/stableid.json
[36m(DreamerWorker pid=121492)[0m Successfully loaded stable ids: GameData\stableid.json
[36m(DreamerWorker pid=121492)[0m Sending ResponseJoinGame
[36m(DreamerWorker pid=121497)[0m Version: B75689 (SC2.4.10)
[36m(DreamerWorker pid=121497)[0m Build: Aug 12 2019 17:16:57
[36m(DreamerWorker pid=121497)[0m Command Line: '"/home/razshmue/StarCraftII/Versions/Base75689/SC2_x64" -listen 127.0.0.1 -port 40111 -dataDir /home/razshmue/StarCraftII/ -tempDir /tmp/sc-n0so78sn/'
[36m(DreamerWorker pid=121497)[0m Starting up...
[36m(DreamerWorker pid=121497)[0m Startup Phase 1 complete
[36m(DreamerWorker pid=121497)[0m Startup Phase 2 complete
[36m(DreamerWorker pid=121497)[0m Creating stub renderer...
[36m(DreamerWorker pid=121497)[0m Listening on: 127.0.0.1:40111
[36m(DreamerWorker pid=121497)[0m Startup Phase 3 complete. Ready for commands.
[36m(DreamerWorker pid=121497)[0m ConnectHandler: Request from 127.0.0.1:45756 accepted
[36m(DreamerWorker pid=121497)[0m ReadyHandler: 127.0.0.1:45756 ready
[36m(DreamerWorker pid=121497)[0m Requesting to join a single player game
[36m(DreamerWorker pid=121497)[0m Configuring interface options
[36m(DreamerWorker pid=121497)[0m Configure: raw interface enabled
[36m(DreamerWorker pid=121497)[0m Configure: feature layer interface disabled
[36m(DreamerWorker pid=121497)[0m Configure: score interface disabled
[36m(DreamerWorker pid=121497)[0m Configure: render interface disabled
[36m(DreamerWorker pid=121497)[0m Launching next game.
[36m(DreamerWorker pid=121497)[0m Next launch phase started: 2
[36m(DreamerWorker pid=121497)[0m Next launch phase started: 3
[36m(DreamerWorker pid=121497)[0m Next launch phase started: 4
[36m(DreamerWorker pid=121497)[0m Next launch phase started: 5
[36m(DreamerWorker pid=121497)[0m Next launch phase started: 6
[36m(DreamerWorker pid=121497)[0m Next launch phase started: 7
[36m(DreamerWorker pid=121497)[0m Next launch phase started: 8
[36m(DreamerWorker pid=121497)[0m Game has started.
[36m(DreamerWorker pid=121497)[0m Using default stable ids, none found at: /home/razshmue/StarCraftII/stableid.json
[36m(DreamerWorker pid=121497)[0m Successfully loaded stable ids: GameData\stableid.json
[36m(DreamerWorker pid=121497)[0m Sending ResponseJoinGame
[36m(DreamerWorker pid=121492)[0m Version: B75689 (SC2.4.10)
[36m(DreamerWorker pid=121492)[0m Build: Aug 12 2019 17:16:57
[36m(DreamerWorker pid=121492)[0m Command Line: '"/home/razshmue/StarCraftII/Versions/Base75689/SC2_x64" -listen 127.0.0.1 -port 36221 -dataDir /home/razshmue/StarCraftII/ -tempDir /tmp/sc-4me0q4c0/'
[36m(DreamerWorker pid=121492)[0m Starting up...
[36m(DreamerWorker pid=121492)[0m Startup Phase 1 complete
[36m(DreamerWorker pid=121492)[0m Startup Phase 2 complete
[36m(DreamerWorker pid=121492)[0m Creating stub renderer...
[36m(DreamerWorker pid=121492)[0m Listening on: 127.0.0.1:36221
[36m(DreamerWorker pid=121492)[0m Startup Phase 3 complete. Ready for commands.
[36m(DreamerWorker pid=121492)[0m ConnectHandler: Request from 127.0.0.1:60080 accepted
[36m(DreamerWorker pid=121492)[0m ReadyHandler: 127.0.0.1:60080 ready
[36m(DreamerWorker pid=121492)[0m Requesting to join a single player game
[36m(DreamerWorker pid=121492)[0m Configuring interface options
[36m(DreamerWorker pid=121492)[0m Configure: raw interface enabled
[36m(DreamerWorker pid=121492)[0m Configure: feature layer interface disabled
[36m(DreamerWorker pid=121492)[0m Configure: score interface disabled
[36m(DreamerWorker pid=121492)[0m Configure: render interface disabled
[36m(DreamerWorker pid=121492)[0m Launching next game.
[36m(DreamerWorker pid=121492)[0m Next launch phase started: 2
[36m(DreamerWorker pid=121492)[0m Next launch phase started: 3
[36m(DreamerWorker pid=121492)[0m Next launch phase started: 4
[36m(DreamerWorker pid=121492)[0m Next launch phase started: 5
[36m(DreamerWorker pid=121492)[0m Next launch phase started: 6
[36m(DreamerWorker pid=121492)[0m Next launch phase started: 7
[36m(DreamerWorker pid=121492)[0m Next launch phase started: 8
[36m(DreamerWorker pid=121492)[0m Game has started.
[36m(DreamerWorker pid=121492)[0m Using default stable ids, none found at: /home/razshmue/StarCraftII/stableid.json
[36m(DreamerWorker pid=121492)[0m Successfully loaded stable ids: GameData\stableid.json
[36m(DreamerWorker pid=121492)[0m Sending ResponseJoinGame
[36m(DreamerWorker pid=121497)[0m Version: B75689 (SC2.4.10)
[36m(DreamerWorker pid=121497)[0m Build: Aug 12 2019 17:16:57
[36m(DreamerWorker pid=121497)[0m Command Line: '"/home/razshmue/StarCraftII/Versions/Base75689/SC2_x64" -listen 127.0.0.1 -port 37791 -dataDir /home/razshmue/StarCraftII/ -tempDir /tmp/sc-sw6j6s3i/'
[36m(DreamerWorker pid=121497)[0m Starting up...
[36m(DreamerWorker pid=121497)[0m Startup Phase 1 complete
[36m(DreamerWorker pid=121497)[0m Startup Phase 2 complete
[36m(DreamerWorker pid=121497)[0m Creating stub renderer...
[36m(DreamerWorker pid=121497)[0m Listening on: 127.0.0.1:37791
[36m(DreamerWorker pid=121497)[0m Startup Phase 3 complete. Ready for commands.
[36m(DreamerWorker pid=121497)[0m ConnectHandler: Request from 127.0.0.1:45834 accepted
[36m(DreamerWorker pid=121497)[0m ReadyHandler: 127.0.0.1:45834 ready
[36m(DreamerWorker pid=121497)[0m Requesting to join a single player game
[36m(DreamerWorker pid=121497)[0m Configuring interface options
[36m(DreamerWorker pid=121497)[0m Configure: raw interface enabled
[36m(DreamerWorker pid=121497)[0m Configure: feature layer interface disabled
[36m(DreamerWorker pid=121497)[0m Configure: score interface disabled
[36m(DreamerWorker pid=121497)[0m Configure: render interface disabled
[36m(DreamerWorker pid=121497)[0m Launching next game.
[36m(DreamerWorker pid=121497)[0m Next launch phase started: 2
[36m(DreamerWorker pid=121497)[0m Next launch phase started: 3
[36m(DreamerWorker pid=121497)[0m Next launch phase started: 4
[36m(DreamerWorker pid=121497)[0m Next launch phase started: 5
[36m(DreamerWorker pid=121497)[0m Next launch phase started: 6
[36m(DreamerWorker pid=121497)[0m Next launch phase started: 7
[36m(DreamerWorker pid=121497)[0m Next launch phase started: 8
[36m(DreamerWorker pid=121497)[0m Game has started.
[36m(DreamerWorker pid=121497)[0m Using default stable ids, none found at: /home/razshmue/StarCraftII/stableid.json
[36m(DreamerWorker pid=121497)[0m Successfully loaded stable ids: GameData\stableid.json
[36m(DreamerWorker pid=121497)[0m Sending ResponseJoinGame
[36m(DreamerWorker pid=121492)[0m Version: B75689 (SC2.4.10)
[36m(DreamerWorker pid=121492)[0m Build: Aug 12 2019 17:16:57
[36m(DreamerWorker pid=121492)[0m Command Line: '"/home/razshmue/StarCraftII/Versions/Base75689/SC2_x64" -listen 127.0.0.1 -port 37505 -dataDir /home/razshmue/StarCraftII/ -tempDir /tmp/sc-fqwal5xt/'
[36m(DreamerWorker pid=121492)[0m Starting up...
[36m(DreamerWorker pid=121492)[0m Startup Phase 1 complete
[36m(DreamerWorker pid=121492)[0m Startup Phase 2 complete
[36m(DreamerWorker pid=121492)[0m Creating stub renderer...
[36m(DreamerWorker pid=121492)[0m Listening on: 127.0.0.1:37505
[36m(DreamerWorker pid=121492)[0m Startup Phase 3 complete. Ready for commands.
[36m(DreamerWorker pid=121492)[0m ConnectHandler: Request from 127.0.0.1:36684 accepted
[36m(DreamerWorker pid=121492)[0m ReadyHandler: 127.0.0.1:36684 ready
[36m(DreamerWorker pid=121492)[0m Requesting to join a single player game
[36m(DreamerWorker pid=121492)[0m Configuring interface options
[36m(DreamerWorker pid=121492)[0m Configure: raw interface enabled
[36m(DreamerWorker pid=121492)[0m Configure: feature layer interface disabled
[36m(DreamerWorker pid=121492)[0m Configure: score interface disabled
[36m(DreamerWorker pid=121492)[0m Configure: render interface disabled
[36m(DreamerWorker pid=121492)[0m Launching next game.
[36m(DreamerWorker pid=121492)[0m Next launch phase started: 2
[36m(DreamerWorker pid=121492)[0m Next launch phase started: 3
[36m(DreamerWorker pid=121492)[0m Next launch phase started: 4
[36m(DreamerWorker pid=121492)[0m Next launch phase started: 5
[36m(DreamerWorker pid=121492)[0m Next launch phase started: 6
[36m(DreamerWorker pid=121492)[0m Next launch phase started: 7
[36m(DreamerWorker pid=121492)[0m Next launch phase started: 8
[36m(DreamerWorker pid=121492)[0m Game has started.
[36m(DreamerWorker pid=121492)[0m Using default stable ids, none found at: /home/razshmue/StarCraftII/stableid.json
[36m(DreamerWorker pid=121492)[0m Successfully loaded stable ids: GameData\stableid.json
[36m(DreamerWorker pid=121492)[0m Sending ResponseJoinGame
[36m(DreamerWorker pid=121497)[0m Version: B75689 (SC2.4.10)
[36m(DreamerWorker pid=121497)[0m Build: Aug 12 2019 17:16:57
[36m(DreamerWorker pid=121497)[0m Command Line: '"/home/razshmue/StarCraftII/Versions/Base75689/SC2_x64" -listen 127.0.0.1 -port 38099 -dataDir /home/razshmue/StarCraftII/ -tempDir /tmp/sc-01184wc9/'
[36m(DreamerWorker pid=121497)[0m Starting up...
[36m(DreamerWorker pid=121497)[0m Startup Phase 1 complete
[36m(DreamerWorker pid=121497)[0m Startup Phase 2 complete
[36m(DreamerWorker pid=121497)[0m Creating stub renderer...
[36m(DreamerWorker pid=121497)[0m Listening on: 127.0.0.1:38099
[36m(DreamerWorker pid=121497)[0m Startup Phase 3 complete. Ready for commands.
[36m(DreamerWorker pid=121497)[0m ConnectHandler: Request from 127.0.0.1:38154 accepted
[36m(DreamerWorker pid=121497)[0m ReadyHandler: 127.0.0.1:38154 ready
[36m(DreamerWorker pid=121497)[0m Requesting to join a single player game
[36m(DreamerWorker pid=121497)[0m Configuring interface options
[36m(DreamerWorker pid=121497)[0m Configure: raw interface enabled
[36m(DreamerWorker pid=121497)[0m Configure: feature layer interface disabled
[36m(DreamerWorker pid=121497)[0m Configure: score interface disabled
[36m(DreamerWorker pid=121497)[0m Configure: render interface disabled
[36m(DreamerWorker pid=121497)[0m Launching next game.
[36m(DreamerWorker pid=121497)[0m Next launch phase started: 2
[36m(DreamerWorker pid=121497)[0m Next launch phase started: 3
[36m(DreamerWorker pid=121497)[0m Next launch phase started: 4
[36m(DreamerWorker pid=121497)[0m Next launch phase started: 5
[36m(DreamerWorker pid=121497)[0m Next launch phase started: 6
[36m(DreamerWorker pid=121497)[0m Next launch phase started: 7
[36m(DreamerWorker pid=121497)[0m Next launch phase started: 8
[36m(DreamerWorker pid=121497)[0m Game has started.
[36m(DreamerWorker pid=121497)[0m Using default stable ids, none found at: /home/razshmue/StarCraftII/stableid.json
[36m(DreamerWorker pid=121497)[0m Successfully loaded stable ids: GameData\stableid.json
[36m(DreamerWorker pid=121497)[0m Sending ResponseJoinGame
[36m(DreamerWorker pid=121492)[0m Version: B75689 (SC2.4.10)
[36m(DreamerWorker pid=121492)[0m Build: Aug 12 2019 17:16:57
[36m(DreamerWorker pid=121492)[0m Command Line: '"/home/razshmue/StarCraftII/Versions/Base75689/SC2_x64" -listen 127.0.0.1 -port 37089 -dataDir /home/razshmue/StarCraftII/ -tempDir /tmp/sc-qtnwntht/'
[36m(DreamerWorker pid=121492)[0m Starting up...
[36m(DreamerWorker pid=121492)[0m Startup Phase 1 complete
[36m(DreamerWorker pid=121492)[0m Startup Phase 2 complete
[36m(DreamerWorker pid=121492)[0m Creating stub renderer...
[36m(DreamerWorker pid=121492)[0m Listening on: 127.0.0.1:37089
[36m(DreamerWorker pid=121492)[0m Startup Phase 3 complete. Ready for commands.
[36m(DreamerWorker pid=121492)[0m ConnectHandler: Request from 127.0.0.1:42572 accepted
[36m(DreamerWorker pid=121492)[0m ReadyHandler: 127.0.0.1:42572 ready
[36m(DreamerWorker pid=121492)[0m Requesting to join a single player game
[36m(DreamerWorker pid=121492)[0m Configuring interface options
[36m(DreamerWorker pid=121492)[0m Configure: raw interface enabled
[36m(DreamerWorker pid=121492)[0m Configure: feature layer interface disabled
[36m(DreamerWorker pid=121492)[0m Configure: score interface disabled
[36m(DreamerWorker pid=121492)[0m Configure: render interface disabled
[36m(DreamerWorker pid=121492)[0m Launching next game.
[36m(DreamerWorker pid=121492)[0m Next launch phase started: 2
[36m(DreamerWorker pid=121492)[0m Next launch phase started: 3
[36m(DreamerWorker pid=121492)[0m Next launch phase started: 4
[36m(DreamerWorker pid=121492)[0m Next launch phase started: 5
[36m(DreamerWorker pid=121492)[0m Next launch phase started: 6
[36m(DreamerWorker pid=121492)[0m Next launch phase started: 7
[36m(DreamerWorker pid=121492)[0m Next launch phase started: 8
[36m(DreamerWorker pid=121492)[0m Game has started.
[36m(DreamerWorker pid=121492)[0m Using default stable ids, none found at: /home/razshmue/StarCraftII/stableid.json
[36m(DreamerWorker pid=121492)[0m Successfully loaded stable ids: GameData\stableid.json
[36m(DreamerWorker pid=121492)[0m Sending ResponseJoinGame
[36m(DreamerWorker pid=121497)[0m Version: B75689 (SC2.4.10)
[36m(DreamerWorker pid=121497)[0m Build: Aug 12 2019 17:16:57
[36m(DreamerWorker pid=121497)[0m Command Line: '"/home/razshmue/StarCraftII/Versions/Base75689/SC2_x64" -listen 127.0.0.1 -port 32895 -dataDir /home/razshmue/StarCraftII/ -tempDir /tmp/sc-weib3r_1/'
[36m(DreamerWorker pid=121497)[0m Starting up...
[36m(DreamerWorker pid=121497)[0m Startup Phase 1 complete
[36m(DreamerWorker pid=121497)[0m Startup Phase 2 complete
[36m(DreamerWorker pid=121497)[0m Creating stub renderer...
[36m(DreamerWorker pid=121497)[0m Listening on: 127.0.0.1:32895
[36m(DreamerWorker pid=121497)[0m Startup Phase 3 complete. Ready for commands.
[36m(DreamerWorker pid=121497)[0m ConnectHandler: Request from 127.0.0.1:49310 accepted
[36m(DreamerWorker pid=121497)[0m ReadyHandler: 127.0.0.1:49310 ready
[36m(DreamerWorker pid=121497)[0m Requesting to join a single player game
[36m(DreamerWorker pid=121497)[0m Configuring interface options
[36m(DreamerWorker pid=121497)[0m Configure: raw interface enabled
[36m(DreamerWorker pid=121497)[0m Configure: feature layer interface disabled
[36m(DreamerWorker pid=121497)[0m Configure: score interface disabled
[36m(DreamerWorker pid=121497)[0m Configure: render interface disabled
[36m(DreamerWorker pid=121497)[0m Launching next game.
[36m(DreamerWorker pid=121497)[0m Next launch phase started: 2
[36m(DreamerWorker pid=121497)[0m Next launch phase started: 3
[36m(DreamerWorker pid=121497)[0m Next launch phase started: 4
[36m(DreamerWorker pid=121497)[0m Next launch phase started: 5
[36m(DreamerWorker pid=121497)[0m Next launch phase started: 6
[36m(DreamerWorker pid=121497)[0m Next launch phase started: 7
[36m(DreamerWorker pid=121497)[0m Next launch phase started: 8
[36m(DreamerWorker pid=121497)[0m Game has started.
[36m(DreamerWorker pid=121497)[0m Using default stable ids, none found at: /home/razshmue/StarCraftII/stableid.json
[36m(DreamerWorker pid=121497)[0m Successfully loaded stable ids: GameData\stableid.json
[36m(DreamerWorker pid=121497)[0m Sending ResponseJoinGame
[36m(DreamerWorker pid=121492)[0m Version: B75689 (SC2.4.10)
[36m(DreamerWorker pid=121492)[0m Build: Aug 12 2019 17:16:57
[36m(DreamerWorker pid=121492)[0m Command Line: '"/home/razshmue/StarCraftII/Versions/Base75689/SC2_x64" -listen 127.0.0.1 -port 40711 -dataDir /home/razshmue/StarCraftII/ -tempDir /tmp/sc-zfpe2e8f/'
[36m(DreamerWorker pid=121492)[0m Starting up...
[36m(DreamerWorker pid=121492)[0m Startup Phase 1 complete
[36m(DreamerWorker pid=121492)[0m Startup Phase 2 complete
[36m(DreamerWorker pid=121492)[0m Creating stub renderer...
[36m(DreamerWorker pid=121492)[0m Listening on: 127.0.0.1:40711
[36m(DreamerWorker pid=121492)[0m Startup Phase 3 complete. Ready for commands.
[36m(DreamerWorker pid=121492)[0m ConnectHandler: Request from 127.0.0.1:59804 accepted
[36m(DreamerWorker pid=121492)[0m ReadyHandler: 127.0.0.1:59804 ready
[36m(DreamerWorker pid=121492)[0m Requesting to join a single player game
[36m(DreamerWorker pid=121492)[0m Configuring interface options
[36m(DreamerWorker pid=121492)[0m Configure: raw interface enabled
[36m(DreamerWorker pid=121492)[0m Configure: feature layer interface disabled
[36m(DreamerWorker pid=121492)[0m Configure: score interface disabled
[36m(DreamerWorker pid=121492)[0m Configure: render interface disabled
[36m(DreamerWorker pid=121492)[0m Launching next game.
[36m(DreamerWorker pid=121492)[0m Next launch phase started: 2
[36m(DreamerWorker pid=121492)[0m Next launch phase started: 3
[36m(DreamerWorker pid=121492)[0m Next launch phase started: 4
[36m(DreamerWorker pid=121492)[0m Next launch phase started: 5
[36m(DreamerWorker pid=121492)[0m Next launch phase started: 6
[36m(DreamerWorker pid=121492)[0m Next launch phase started: 7
[36m(DreamerWorker pid=121492)[0m Next launch phase started: 8
[36m(DreamerWorker pid=121492)[0m Game has started.
[36m(DreamerWorker pid=121492)[0m Using default stable ids, none found at: /home/razshmue/StarCraftII/stableid.json
[36m(DreamerWorker pid=121492)[0m Successfully loaded stable ids: GameData\stableid.json
[36m(DreamerWorker pid=121492)[0m Sending ResponseJoinGame
[36m(DreamerWorker pid=121497)[0m Version: B75689 (SC2.4.10)
[36m(DreamerWorker pid=121497)[0m Build: Aug 12 2019 17:16:57
[36m(DreamerWorker pid=121497)[0m Command Line: '"/home/razshmue/StarCraftII/Versions/Base75689/SC2_x64" -listen 127.0.0.1 -port 37683 -dataDir /home/razshmue/StarCraftII/ -tempDir /tmp/sc-0r2v_jv9/'
[36m(DreamerWorker pid=121497)[0m Starting up...
[36m(DreamerWorker pid=121497)[0m Startup Phase 1 complete
[36m(DreamerWorker pid=121497)[0m Startup Phase 2 complete
[36m(DreamerWorker pid=121497)[0m Creating stub renderer...
[36m(DreamerWorker pid=121497)[0m Listening on: 127.0.0.1:37683
[36m(DreamerWorker pid=121497)[0m Startup Phase 3 complete. Ready for commands.
[36m(DreamerWorker pid=121497)[0m ConnectHandler: Request from 127.0.0.1:36650 accepted
[36m(DreamerWorker pid=121497)[0m ReadyHandler: 127.0.0.1:36650 ready
[36m(DreamerWorker pid=121497)[0m Requesting to join a single player game
[36m(DreamerWorker pid=121497)[0m Configuring interface options
[36m(DreamerWorker pid=121497)[0m Configure: raw interface enabled
[36m(DreamerWorker pid=121497)[0m Configure: feature layer interface disabled
[36m(DreamerWorker pid=121497)[0m Configure: score interface disabled
[36m(DreamerWorker pid=121497)[0m Configure: render interface disabled
[36m(DreamerWorker pid=121497)[0m Launching next game.
[36m(DreamerWorker pid=121497)[0m Next launch phase started: 2
[36m(DreamerWorker pid=121497)[0m Next launch phase started: 3
[36m(DreamerWorker pid=121497)[0m Next launch phase started: 4
[36m(DreamerWorker pid=121497)[0m Next launch phase started: 5
[36m(DreamerWorker pid=121497)[0m Next launch phase started: 6
[36m(DreamerWorker pid=121497)[0m Next launch phase started: 7
[36m(DreamerWorker pid=121497)[0m Next launch phase started: 8
[36m(DreamerWorker pid=121497)[0m Game has started.
[36m(DreamerWorker pid=121497)[0m Using default stable ids, none found at: /home/razshmue/StarCraftII/stableid.json
[36m(DreamerWorker pid=121497)[0m Successfully loaded stable ids: GameData\stableid.json
[36m(DreamerWorker pid=121497)[0m Sending ResponseJoinGame
[36m(DreamerWorker pid=121492)[0m Version: B75689 (SC2.4.10)
[36m(DreamerWorker pid=121492)[0m Build: Aug 12 2019 17:16:57
[36m(DreamerWorker pid=121492)[0m Command Line: '"/home/razshmue/StarCraftII/Versions/Base75689/SC2_x64" -listen 127.0.0.1 -port 34417 -dataDir /home/razshmue/StarCraftII/ -tempDir /tmp/sc-iznlkzyr/'
[36m(DreamerWorker pid=121492)[0m Starting up...
[36m(DreamerWorker pid=121492)[0m Startup Phase 1 complete
[36m(DreamerWorker pid=121492)[0m Startup Phase 2 complete
[36m(DreamerWorker pid=121492)[0m Creating stub renderer...
[36m(DreamerWorker pid=121492)[0m Listening on: 127.0.0.1:34417
[36m(DreamerWorker pid=121492)[0m Startup Phase 3 complete. Ready for commands.
[36m(DreamerWorker pid=121492)[0m ConnectHandler: Request from 127.0.0.1:54976 accepted
[36m(DreamerWorker pid=121492)[0m ReadyHandler: 127.0.0.1:54976 ready
[36m(DreamerWorker pid=121492)[0m Requesting to join a single player game
[36m(DreamerWorker pid=121492)[0m Configuring interface options
[36m(DreamerWorker pid=121492)[0m Configure: raw interface enabled
[36m(DreamerWorker pid=121492)[0m Configure: feature layer interface disabled
[36m(DreamerWorker pid=121492)[0m Configure: score interface disabled
[36m(DreamerWorker pid=121492)[0m Configure: render interface disabled
[36m(DreamerWorker pid=121492)[0m Launching next game.
[36m(DreamerWorker pid=121492)[0m Next launch phase started: 2
[36m(DreamerWorker pid=121492)[0m Next launch phase started: 3
[36m(DreamerWorker pid=121492)[0m Next launch phase started: 4
[36m(DreamerWorker pid=121492)[0m Next launch phase started: 5
[36m(DreamerWorker pid=121492)[0m Next launch phase started: 6
[36m(DreamerWorker pid=121492)[0m Next launch phase started: 7
[36m(DreamerWorker pid=121492)[0m Next launch phase started: 8
[36m(DreamerWorker pid=121492)[0m Game has started.
[36m(DreamerWorker pid=121492)[0m Using default stable ids, none found at: /home/razshmue/StarCraftII/stableid.json
[36m(DreamerWorker pid=121492)[0m Successfully loaded stable ids: GameData\stableid.json
[36m(DreamerWorker pid=121492)[0m Sending ResponseJoinGame
[36m(DreamerWorker pid=121497)[0m Version: B75689 (SC2.4.10)
[36m(DreamerWorker pid=121497)[0m Build: Aug 12 2019 17:16:57
[36m(DreamerWorker pid=121497)[0m Command Line: '"/home/razshmue/StarCraftII/Versions/Base75689/SC2_x64" -listen 127.0.0.1 -port 43657 -dataDir /home/razshmue/StarCraftII/ -tempDir /tmp/sc-87s8jhnt/'
[36m(DreamerWorker pid=121497)[0m Starting up...
[36m(DreamerWorker pid=121497)[0m Startup Phase 1 complete
[36m(DreamerWorker pid=121497)[0m Startup Phase 2 complete
[36m(DreamerWorker pid=121497)[0m Creating stub renderer...
[36m(DreamerWorker pid=121497)[0m Listening on: 127.0.0.1:43657
[36m(DreamerWorker pid=121497)[0m Startup Phase 3 complete. Ready for commands.
[36m(DreamerWorker pid=121497)[0m ConnectHandler: Request from 127.0.0.1:37752 accepted
[36m(DreamerWorker pid=121497)[0m ReadyHandler: 127.0.0.1:37752 ready
[36m(DreamerWorker pid=121497)[0m Requesting to join a single player game
[36m(DreamerWorker pid=121497)[0m Configuring interface options
[36m(DreamerWorker pid=121497)[0m Configure: raw interface enabled
[36m(DreamerWorker pid=121497)[0m Configure: feature layer interface disabled
[36m(DreamerWorker pid=121497)[0m Configure: score interface disabled
[36m(DreamerWorker pid=121497)[0m Configure: render interface disabled
[36m(DreamerWorker pid=121497)[0m Launching next game.
[36m(DreamerWorker pid=121497)[0m Next launch phase started: 2
[36m(DreamerWorker pid=121497)[0m Next launch phase started: 3
[36m(DreamerWorker pid=121497)[0m Next launch phase started: 4
[36m(DreamerWorker pid=121497)[0m Next launch phase started: 5
[36m(DreamerWorker pid=121497)[0m Next launch phase started: 6
[36m(DreamerWorker pid=121497)[0m Next launch phase started: 7
[36m(DreamerWorker pid=121497)[0m Next launch phase started: 8
[36m(DreamerWorker pid=121497)[0m Game has started.
[36m(DreamerWorker pid=121497)[0m Using default stable ids, none found at: /home/razshmue/StarCraftII/stableid.json
[36m(DreamerWorker pid=121497)[0m Successfully loaded stable ids: GameData\stableid.json
[36m(DreamerWorker pid=121497)[0m Sending ResponseJoinGame
[36m(DreamerWorker pid=121492)[0m Version: B75689 (SC2.4.10)
[36m(DreamerWorker pid=121492)[0m Build: Aug 12 2019 17:16:57
[36m(DreamerWorker pid=121492)[0m Command Line: '"/home/razshmue/StarCraftII/Versions/Base75689/SC2_x64" -listen 127.0.0.1 -port 44057 -dataDir /home/razshmue/StarCraftII/ -tempDir /tmp/sc-vvheyfh1/'
[36m(DreamerWorker pid=121492)[0m Starting up...
[36m(DreamerWorker pid=121492)[0m Startup Phase 1 complete
[36m(DreamerWorker pid=121492)[0m Startup Phase 2 complete
[36m(DreamerWorker pid=121492)[0m Creating stub renderer...
[36m(DreamerWorker pid=121492)[0m Listening on: 127.0.0.1:44057
[36m(DreamerWorker pid=121492)[0m Startup Phase 3 complete. Ready for commands.
[36m(DreamerWorker pid=121492)[0m ConnectHandler: Request from 127.0.0.1:35318 accepted
[36m(DreamerWorker pid=121492)[0m ReadyHandler: 127.0.0.1:35318 ready
[36m(DreamerWorker pid=121492)[0m Requesting to join a single player game
[36m(DreamerWorker pid=121492)[0m Configuring interface options
[36m(DreamerWorker pid=121492)[0m Configure: raw interface enabled
[36m(DreamerWorker pid=121492)[0m Configure: feature layer interface disabled
[36m(DreamerWorker pid=121492)[0m Configure: score interface disabled
[36m(DreamerWorker pid=121492)[0m Configure: render interface disabled
[36m(DreamerWorker pid=121492)[0m Launching next game.
[36m(DreamerWorker pid=121492)[0m Next launch phase started: 2
[36m(DreamerWorker pid=121492)[0m Next launch phase started: 3
[36m(DreamerWorker pid=121492)[0m Next launch phase started: 4
[36m(DreamerWorker pid=121492)[0m Next launch phase started: 5
[36m(DreamerWorker pid=121492)[0m Next launch phase started: 6
[36m(DreamerWorker pid=121492)[0m Next launch phase started: 7
[36m(DreamerWorker pid=121492)[0m Next launch phase started: 8
[36m(DreamerWorker pid=121492)[0m Game has started.
[36m(DreamerWorker pid=121492)[0m Using default stable ids, none found at: /home/razshmue/StarCraftII/stableid.json
[36m(DreamerWorker pid=121492)[0m Successfully loaded stable ids: GameData\stableid.json
[36m(DreamerWorker pid=121492)[0m Sending ResponseJoinGame
[36m(DreamerWorker pid=121497)[0m Version: B75689 (SC2.4.10)
[36m(DreamerWorker pid=121497)[0m Build: Aug 12 2019 17:16:57
[36m(DreamerWorker pid=121497)[0m Command Line: '"/home/razshmue/StarCraftII/Versions/Base75689/SC2_x64" -listen 127.0.0.1 -port 38333 -dataDir /home/razshmue/StarCraftII/ -tempDir /tmp/sc-mbwkja2u/'
[36m(DreamerWorker pid=121497)[0m Starting up...
[36m(DreamerWorker pid=121497)[0m Startup Phase 1 complete
[36m(DreamerWorker pid=121497)[0m Startup Phase 2 complete
[36m(DreamerWorker pid=121497)[0m Creating stub renderer...
[36m(DreamerWorker pid=121497)[0m Listening on: 127.0.0.1:38333
[36m(DreamerWorker pid=121497)[0m Startup Phase 3 complete. Ready for commands.
[36m(DreamerWorker pid=121497)[0m ConnectHandler: Request from 127.0.0.1:35906 accepted
[36m(DreamerWorker pid=121497)[0m ReadyHandler: 127.0.0.1:35906 ready
[36m(DreamerWorker pid=121497)[0m Requesting to join a single player game
[36m(DreamerWorker pid=121497)[0m Configuring interface options
[36m(DreamerWorker pid=121497)[0m Configure: raw interface enabled
[36m(DreamerWorker pid=121497)[0m Configure: feature layer interface disabled
[36m(DreamerWorker pid=121497)[0m Configure: score interface disabled
[36m(DreamerWorker pid=121497)[0m Configure: render interface disabled
[36m(DreamerWorker pid=121497)[0m Launching next game.
[36m(DreamerWorker pid=121497)[0m Next launch phase started: 2
[36m(DreamerWorker pid=121497)[0m Next launch phase started: 3
[36m(DreamerWorker pid=121497)[0m Next launch phase started: 4
[36m(DreamerWorker pid=121497)[0m Next launch phase started: 5
[36m(DreamerWorker pid=121497)[0m Next launch phase started: 6
[36m(DreamerWorker pid=121497)[0m Next launch phase started: 7
[36m(DreamerWorker pid=121497)[0m Next launch phase started: 8
[36m(DreamerWorker pid=121497)[0m Game has started.
[36m(DreamerWorker pid=121497)[0m Using default stable ids, none found at: /home/razshmue/StarCraftII/stableid.json
[36m(DreamerWorker pid=121497)[0m Successfully loaded stable ids: GameData\stableid.json
[36m(DreamerWorker pid=121497)[0m Sending ResponseJoinGame
[36m(DreamerWorker pid=121492)[0m Version: B75689 (SC2.4.10)
[36m(DreamerWorker pid=121492)[0m Build: Aug 12 2019 17:16:57
[36m(DreamerWorker pid=121492)[0m Command Line: '"/home/razshmue/StarCraftII/Versions/Base75689/SC2_x64" -listen 127.0.0.1 -port 38659 -dataDir /home/razshmue/StarCraftII/ -tempDir /tmp/sc-03rykacc/'
[36m(DreamerWorker pid=121492)[0m Starting up...
[36m(DreamerWorker pid=121492)[0m Startup Phase 1 complete
[36m(DreamerWorker pid=121492)[0m Startup Phase 2 complete
[36m(DreamerWorker pid=121492)[0m Creating stub renderer...
[36m(DreamerWorker pid=121492)[0m Listening on: 127.0.0.1:38659
[36m(DreamerWorker pid=121492)[0m Startup Phase 3 complete. Ready for commands.
[36m(DreamerWorker pid=121492)[0m ConnectHandler: Request from 127.0.0.1:48094 accepted
[36m(DreamerWorker pid=121492)[0m ReadyHandler: 127.0.0.1:48094 ready
[36m(DreamerWorker pid=121492)[0m Requesting to join a single player game
[36m(DreamerWorker pid=121492)[0m Configuring interface options
[36m(DreamerWorker pid=121492)[0m Configure: raw interface enabled
[36m(DreamerWorker pid=121492)[0m Configure: feature layer interface disabled
[36m(DreamerWorker pid=121492)[0m Configure: score interface disabled
[36m(DreamerWorker pid=121492)[0m Configure: render interface disabled
[36m(DreamerWorker pid=121492)[0m Launching next game.
[36m(DreamerWorker pid=121492)[0m Next launch phase started: 2
[36m(DreamerWorker pid=121492)[0m Next launch phase started: 3
[36m(DreamerWorker pid=121492)[0m Next launch phase started: 4
[36m(DreamerWorker pid=121492)[0m Next launch phase started: 5
[36m(DreamerWorker pid=121492)[0m Next launch phase started: 6
[36m(DreamerWorker pid=121492)[0m Next launch phase started: 7
[36m(DreamerWorker pid=121492)[0m Next launch phase started: 8
[36m(DreamerWorker pid=121492)[0m Game has started.
[36m(DreamerWorker pid=121492)[0m Using default stable ids, none found at: /home/razshmue/StarCraftII/stableid.json
[36m(DreamerWorker pid=121492)[0m Successfully loaded stable ids: GameData\stableid.json
[36m(DreamerWorker pid=121492)[0m Sending ResponseJoinGame
[36m(DreamerWorker pid=121497)[0m Version: B75689 (SC2.4.10)
[36m(DreamerWorker pid=121497)[0m Build: Aug 12 2019 17:16:57
[36m(DreamerWorker pid=121497)[0m Command Line: '"/home/razshmue/StarCraftII/Versions/Base75689/SC2_x64" -listen 127.0.0.1 -port 33739 -dataDir /home/razshmue/StarCraftII/ -tempDir /tmp/sc-d8s_ab7a/'
[36m(DreamerWorker pid=121497)[0m Starting up...
[36m(DreamerWorker pid=121497)[0m Startup Phase 1 complete
[36m(DreamerWorker pid=121497)[0m Startup Phase 2 complete
[36m(DreamerWorker pid=121497)[0m Creating stub renderer...
[36m(DreamerWorker pid=121497)[0m Listening on: 127.0.0.1:33739
[36m(DreamerWorker pid=121497)[0m Startup Phase 3 complete. Ready for commands.
[36m(DreamerWorker pid=121497)[0m ConnectHandler: Request from 127.0.0.1:40958 accepted
[36m(DreamerWorker pid=121497)[0m ReadyHandler: 127.0.0.1:40958 ready
[36m(DreamerWorker pid=121497)[0m Requesting to join a single player game
[36m(DreamerWorker pid=121497)[0m Configuring interface options
[36m(DreamerWorker pid=121497)[0m Configure: raw interface enabled
[36m(DreamerWorker pid=121497)[0m Configure: feature layer interface disabled
[36m(DreamerWorker pid=121497)[0m Configure: score interface disabled
[36m(DreamerWorker pid=121497)[0m Configure: render interface disabled
[36m(DreamerWorker pid=121497)[0m Launching next game.
[36m(DreamerWorker pid=121497)[0m Next launch phase started: 2
[36m(DreamerWorker pid=121497)[0m Next launch phase started: 3
[36m(DreamerWorker pid=121497)[0m Next launch phase started: 4
[36m(DreamerWorker pid=121497)[0m Next launch phase started: 5
[36m(DreamerWorker pid=121497)[0m Next launch phase started: 6
[36m(DreamerWorker pid=121497)[0m Next launch phase started: 7
[36m(DreamerWorker pid=121497)[0m Next launch phase started: 8
[36m(pid=gcs_server)[0m E1119 20:49:17.607781494  122100 chttp2_transport.cc:2890]             keepalive_ping_end state error: 0 (expect: 1)
[36m(DreamerWorker pid=121492)[0m *** stack smashing detected ***: terminated
[36m(pid=gcs_server)[0m E1119 20:50:49.937404736  250767 chttp2_transport.cc:2890]             keepalive_ping_end state error: 0 (expect: 1)
[36m(pid=gcs_server)[0m E1119 20:51:13.677197440  121357 chttp2_transport.cc:2890]             keepalive_ping_end state error: 0 (expect: 1)
[36m(DreamerWorker pid=121497)[0m Game has started.
[36m(DreamerWorker pid=121497)[0m Using default stable ids, none found at: /home/razshmue/StarCraftII/stableid.json
[36m(DreamerWorker pid=121497)[0m Successfully loaded stable ids: GameData\stableid.json
[36m(DreamerWorker pid=121497)[0m Sending ResponseJoinGame
Traceback (most recent call last):
  File "/home/razshmue/workspace/private-mamba/train.py", line 231, in <module>
    train_dreamer(exp, n_workers=args.n_workers, debug=False)
  File "/home/razshmue/workspace/private-mamba/train.py", line 93, in train_dreamer
    runner.run(exp.steps, exp.episodes)
  File "/home/razshmue/workspace/private-mamba/agent/runners/DreamerRunner.py", line 42, in run
    rollout, info = self.server.run()
  File "/home/razshmue/workspace/private-mamba/agent/runners/DreamerRunner.py", line 22, in run
    recvs = ray.get(done_id)[0]
  File "/home/razshmue/workspace/private-mamba/venv/lib64/python3.9/site-packages/ray/_private/auto_init_hook.py", line 21, in auto_init_wrapper
    return fn(*args, **kwargs)
  File "/home/razshmue/workspace/private-mamba/venv/lib64/python3.9/site-packages/ray/_private/client_mode_hook.py", line 103, in wrapper
    return func(*args, **kwargs)
  File "/home/razshmue/workspace/private-mamba/venv/lib64/python3.9/site-packages/ray/_private/worker.py", line 2822, in get
    values, debugger_breakpoint = worker.get_objects(object_refs, timeout=timeout)
  File "/home/razshmue/workspace/private-mamba/venv/lib64/python3.9/site-packages/ray/_private/worker.py", line 930, in get_objects
    raise value.as_instanceof_cause()
ray.exceptions.RayTaskError(ConnectionError): [36mray::DreamerWorker.run()[39m (pid=121497, ip=132.72.180.93, actor_id=4defda5f5a3ec28f4dc1096601000000, repr=<agent.workers.DreamerWorker.DreamerWorker object at 0x7f283866f400>)
  File "/home/razshmue/workspace/private-mamba/venv/lib64/python3.9/site-packages/websocket/_socket.py", line 97, in _recv
    return sock.recv(bufsize)
socket.timeout: timed out

During handling of the above exception, another exception occurred:

[36mray::DreamerWorker.run()[39m (pid=121497, ip=132.72.180.93, actor_id=4defda5f5a3ec28f4dc1096601000000, repr=<agent.workers.DreamerWorker.DreamerWorker object at 0x7f283866f400>)
  File "/home/razshmue/workspace/private-mamba/venv/lib64/python3.9/site-packages/pysc2/lib/protocol.py", line 62, in catch_websocket_connection_errors
    yield
  File "/home/razshmue/workspace/private-mamba/venv/lib64/python3.9/site-packages/pysc2/lib/protocol.py", line 179, in _read
    response_str = self._sock.recv()
  File "/home/razshmue/workspace/private-mamba/venv/lib64/python3.9/site-packages/websocket/_core.py", line 388, in recv
    opcode, data = self.recv_data()
  File "/home/razshmue/workspace/private-mamba/venv/lib64/python3.9/site-packages/websocket/_core.py", line 416, in recv_data
    opcode, frame = self.recv_data_frame(control_frame)
  File "/home/razshmue/workspace/private-mamba/venv/lib64/python3.9/site-packages/websocket/_core.py", line 437, in recv_data_frame
    frame = self.recv_frame()
  File "/home/razshmue/workspace/private-mamba/venv/lib64/python3.9/site-packages/websocket/_core.py", line 478, in recv_frame
    return self.frame_buffer.recv_frame()
  File "/home/razshmue/workspace/private-mamba/venv/lib64/python3.9/site-packages/websocket/_abnf.py", line 363, in recv_frame
    self.recv_header()
  File "/home/razshmue/workspace/private-mamba/venv/lib64/python3.9/site-packages/websocket/_abnf.py", line 319, in recv_header
    header = self.recv_strict(2)
  File "/home/razshmue/workspace/private-mamba/venv/lib64/python3.9/site-packages/websocket/_abnf.py", line 398, in recv_strict
    bytes_ = self.recv(min(16384, shortage))
  File "/home/razshmue/workspace/private-mamba/venv/lib64/python3.9/site-packages/websocket/_core.py", line 563, in _recv
    return recv(self.sock, bufsize)
  File "/home/razshmue/workspace/private-mamba/venv/lib64/python3.9/site-packages/websocket/_socket.py", line 123, in recv
    raise WebSocketTimeoutException(message)
websocket._exceptions.WebSocketTimeoutException: timed out

During handling of the above exception, another exception occurred:

[36mray::DreamerWorker.run()[39m (pid=121497, ip=132.72.180.93, actor_id=4defda5f5a3ec28f4dc1096601000000, repr=<agent.workers.DreamerWorker.DreamerWorker object at 0x7f283866f400>)
  File "/home/razshmue/workspace/private-mamba/venv/lib64/python3.9/site-packages/pysc2/lib/protocol.py", line 147, in send
    res = self.send_req(req)
  File "/home/razshmue/workspace/private-mamba/venv/lib64/python3.9/site-packages/pysc2/lib/protocol.py", line 127, in send_req
    return self.read()
  File "/home/razshmue/workspace/private-mamba/venv/lib64/python3.9/site-packages/pysc2/lib/stopwatch.py", line 205, in _stopwatch
    return func(*args, **kwargs)
  File "/home/razshmue/workspace/private-mamba/venv/lib64/python3.9/site-packages/pysc2/lib/protocol.py", line 98, in read
    response = self._read()
  File "/home/razshmue/workspace/private-mamba/venv/lib64/python3.9/site-packages/pysc2/lib/protocol.py", line 179, in _read
    response_str = self._sock.recv()
  File "/usr/lib64/python3.9/contextlib.py", line 137, in __exit__
    self.gen.throw(typ, value, traceback)
  File "/home/razshmue/workspace/private-mamba/venv/lib64/python3.9/site-packages/pysc2/lib/protocol.py", line 67, in catch_websocket_connection_errors
    raise ConnectionError("Websocket timed out.")
pysc2.lib.protocol.ConnectionError: Websocket timed out.

During handling of the above exception, another exception occurred:

[36mray::DreamerWorker.run()[39m (pid=121497, ip=132.72.180.93, actor_id=4defda5f5a3ec28f4dc1096601000000, repr=<agent.workers.DreamerWorker.DreamerWorker object at 0x7f283866f400>)
  File "/home/razshmue/workspace/private-mamba/agent/workers/DreamerWorker.py", line 94, in run
    state = self._wrap(self.env.reset())
  File "/home/razshmue/workspace/private-mamba/env/flatland/EnvCurriculum.py", line 36, in _reset
    return self.env.reset()
  File "/home/razshmue/workspace/private-mamba/env/starcraft/StarCraft_safe.py", line 53, in reset
    self.env.reset()
  File "/home/razshmue/workspace/private-mamba/venv/lib64/python3.9/site-packages/smac/env/starcraft2/starcraft2.py", line 403, in reset
    self._launch()
  File "/home/razshmue/workspace/private-mamba/venv/lib64/python3.9/site-packages/smac/env/starcraft2/starcraft2.py", line 348, in _launch
    self._controller.join_game(join)
  File "/home/razshmue/workspace/private-mamba/venv/lib64/python3.9/site-packages/pysc2/lib/remote_controller.py", line 95, in _valid_status
    return func(self, *args, **kwargs)
  File "/home/razshmue/workspace/private-mamba/venv/lib64/python3.9/site-packages/pysc2/lib/remote_controller.py", line 70, in _check_error
    return check_error(func(*args, **kwargs), error_enum)
  File "/home/razshmue/workspace/private-mamba/venv/lib64/python3.9/site-packages/pysc2/lib/stopwatch.py", line 205, in _stopwatch
    return func(*args, **kwargs)
  File "/home/razshmue/workspace/private-mamba/venv/lib64/python3.9/site-packages/pysc2/lib/remote_controller.py", line 205, in join_game
    return self._client.send(join_game=req_join_game)
  File "/home/razshmue/workspace/private-mamba/venv/lib64/python3.9/site-packages/pysc2/lib/protocol.py", line 149, in send
    raise ConnectionError("Error during %s: %s" % (name, e))
pysc2.lib.protocol.ConnectionError: Error during join_game: Websocket timed out.
Traceback (most recent call last):
  File "/home/razshmue/workspace/private-mamba/train.py", line 231, in <module>
    train_dreamer(exp, n_workers=args.n_workers, debug=False)
  File "/home/razshmue/workspace/private-mamba/train.py", line 93, in train_dreamer
    runner.run(exp.steps, exp.episodes)
  File "/home/razshmue/workspace/private-mamba/agent/runners/DreamerRunner.py", line 42, in run
    rollout, info = self.server.run()
  File "/home/razshmue/workspace/private-mamba/agent/runners/DreamerRunner.py", line 22, in run
    recvs = ray.get(done_id)[0]
  File "/home/razshmue/workspace/private-mamba/venv/lib64/python3.9/site-packages/ray/_private/auto_init_hook.py", line 21, in auto_init_wrapper
    return fn(*args, **kwargs)
  File "/home/razshmue/workspace/private-mamba/venv/lib64/python3.9/site-packages/ray/_private/client_mode_hook.py", line 103, in wrapper
    return func(*args, **kwargs)
  File "/home/razshmue/workspace/private-mamba/venv/lib64/python3.9/site-packages/ray/_private/worker.py", line 2822, in get
    values, debugger_breakpoint = worker.get_objects(object_refs, timeout=timeout)
  File "/home/razshmue/workspace/private-mamba/venv/lib64/python3.9/site-packages/ray/_private/worker.py", line 930, in get_objects
    raise value.as_instanceof_cause()
ray.exceptions.RayTaskError(ConnectionError): [36mray::DreamerWorker.run()[39m (pid=121497, ip=132.72.180.93, actor_id=4defda5f5a3ec28f4dc1096601000000, repr=<agent.workers.DreamerWorker.DreamerWorker object at 0x7f283866f400>)
  File "/home/razshmue/workspace/private-mamba/venv/lib64/python3.9/site-packages/websocket/_socket.py", line 97, in _recv
    return sock.recv(bufsize)
socket.timeout: timed out

During handling of the above exception, another exception occurred:

[36mray::DreamerWorker.run()[39m (pid=121497, ip=132.72.180.93, actor_id=4defda5f5a3ec28f4dc1096601000000, repr=<agent.workers.DreamerWorker.DreamerWorker object at 0x7f283866f400>)
  File "/home/razshmue/workspace/private-mamba/venv/lib64/python3.9/site-packages/pysc2/lib/protocol.py", line 62, in catch_websocket_connection_errors
    yield
  File "/home/razshmue/workspace/private-mamba/venv/lib64/python3.9/site-packages/pysc2/lib/protocol.py", line 179, in _read
    response_str = self._sock.recv()
  File "/home/razshmue/workspace/private-mamba/venv/lib64/python3.9/site-packages/websocket/_core.py", line 388, in recv
    opcode, data = self.recv_data()
  File "/home/razshmue/workspace/private-mamba/venv/lib64/python3.9/site-packages/websocket/_core.py", line 416, in recv_data
    opcode, frame = self.recv_data_frame(control_frame)
  File "/home/razshmue/workspace/private-mamba/venv/lib64/python3.9/site-packages/websocket/_core.py", line 437, in recv_data_frame
    frame = self.recv_frame()
  File "/home/razshmue/workspace/private-mamba/venv/lib64/python3.9/site-packages/websocket/_core.py", line 478, in recv_frame
    return self.frame_buffer.recv_frame()
  File "/home/razshmue/workspace/private-mamba/venv/lib64/python3.9/site-packages/websocket/_abnf.py", line 363, in recv_frame
    self.recv_header()
  File "/home/razshmue/workspace/private-mamba/venv/lib64/python3.9/site-packages/websocket/_abnf.py", line 319, in recv_header
    header = self.recv_strict(2)
  File "/home/razshmue/workspace/private-mamba/venv/lib64/python3.9/site-packages/websocket/_abnf.py", line 398, in recv_strict
    bytes_ = self.recv(min(16384, shortage))
  File "/home/razshmue/workspace/private-mamba/venv/lib64/python3.9/site-packages/websocket/_core.py", line 563, in _recv
    return recv(self.sock, bufsize)
  File "/home/razshmue/workspace/private-mamba/venv/lib64/python3.9/site-packages/websocket/_socket.py", line 123, in recv
    raise WebSocketTimeoutException(message)
websocket._exceptions.WebSocketTimeoutException: timed out

During handling of the above exception, another exception occurred:

[36mray::DreamerWorker.run()[39m (pid=121497, ip=132.72.180.93, actor_id=4defda5f5a3ec28f4dc1096601000000, repr=<agent.workers.DreamerWorker.DreamerWorker object at 0x7f283866f400>)
  File "/home/razshmue/workspace/private-mamba/venv/lib64/python3.9/site-packages/pysc2/lib/protocol.py", line 147, in send
    res = self.send_req(req)
  File "/home/razshmue/workspace/private-mamba/venv/lib64/python3.9/site-packages/pysc2/lib/protocol.py", line 127, in send_req
    return self.read()
  File "/home/razshmue/workspace/private-mamba/venv/lib64/python3.9/site-packages/pysc2/lib/stopwatch.py", line 205, in _stopwatch
    return func(*args, **kwargs)
  File "/home/razshmue/workspace/private-mamba/venv/lib64/python3.9/site-packages/pysc2/lib/protocol.py", line 98, in read
    response = self._read()
  File "/home/razshmue/workspace/private-mamba/venv/lib64/python3.9/site-packages/pysc2/lib/protocol.py", line 179, in _read
    response_str = self._sock.recv()
  File "/usr/lib64/python3.9/contextlib.py", line 137, in __exit__
    self.gen.throw(typ, value, traceback)
  File "/home/razshmue/workspace/private-mamba/venv/lib64/python3.9/site-packages/pysc2/lib/protocol.py", line 67, in catch_websocket_connection_errors
    raise ConnectionError("Websocket timed out.")
pysc2.lib.protocol.ConnectionError: Websocket timed out.

During handling of the above exception, another exception occurred:

[36mray::DreamerWorker.run()[39m (pid=121497, ip=132.72.180.93, actor_id=4defda5f5a3ec28f4dc1096601000000, repr=<agent.workers.DreamerWorker.DreamerWorker object at 0x7f283866f400>)
  File "/home/razshmue/workspace/private-mamba/agent/workers/DreamerWorker.py", line 94, in run
    state = self._wrap(self.env.reset())
  File "/home/razshmue/workspace/private-mamba/env/flatland/EnvCurriculum.py", line 36, in _reset
    return self.env.reset()
  File "/home/razshmue/workspace/private-mamba/env/starcraft/StarCraft_safe.py", line 53, in reset
    self.env.reset()
  File "/home/razshmue/workspace/private-mamba/venv/lib64/python3.9/site-packages/smac/env/starcraft2/starcraft2.py", line 403, in reset
    self._launch()
  File "/home/razshmue/workspace/private-mamba/venv/lib64/python3.9/site-packages/smac/env/starcraft2/starcraft2.py", line 348, in _launch
    self._controller.join_game(join)
  File "/home/razshmue/workspace/private-mamba/venv/lib64/python3.9/site-packages/pysc2/lib/remote_controller.py", line 95, in _valid_status
    return func(self, *args, **kwargs)
  File "/home/razshmue/workspace/private-mamba/venv/lib64/python3.9/site-packages/pysc2/lib/remote_controller.py", line 70, in _check_error
    return check_error(func(*args, **kwargs), error_enum)
  File "/home/razshmue/workspace/private-mamba/venv/lib64/python3.9/site-packages/pysc2/lib/stopwatch.py", line 205, in _stopwatch
    return func(*args, **kwargs)
  File "/home/razshmue/workspace/private-mamba/venv/lib64/python3.9/site-packages/pysc2/lib/remote_controller.py", line 205, in join_game
    return self._client.send(join_game=req_join_game)
  File "/home/razshmue/workspace/private-mamba/venv/lib64/python3.9/site-packages/pysc2/lib/protocol.py", line 149, in send
    raise ConnectionError("Error during %s: %s" % (name, e))
pysc2.lib.protocol.ConnectionError: Error during join_game: Websocket timed out.
[2025-11-19T20:54:13.804] error: Detected 4 oom_kill events in StepId=8236071.batch. Some of the step tasks have been OOM Killed.
